Date,open,close,high,low,volume,"('Adj Close', 'BTC-USD')","('Close', 'BTC-USD')","('High', 'BTC-USD')","('Low', 'BTC-USD')","('Open', 'BTC-USD')","('Volume', 'BTC-USD')"
2013-03-31 00:00:00,92.5,93.033,93.74999,91.0,3083.07979075,,,,,,
2013-04-01 00:00:00,93.25,103.999,105.9,92.49999,5224.40131297,,,,,,
2013-04-02 00:00:00,104.0,118.22935407,118.3867,99.0,8376.52747811002,,,,,,
2013-04-03 00:00:00,117.95826131,134.7,146.88,101.51088,12996.2450721801,,,,,,
2013-04-04 00:00:00,134.71656,132.899,143.0,119.0,6981.66830544001,,,,,,
2013-04-05 00:00:00,130.10001,142.3,145.0,128.25,5234.88220325001,,,,,,
2013-04-06 00:00:00,142.8,143.05,144.0,139.0,2009.12862494,,,,,,
2013-04-07 00:00:00,143.5,162.304,164.75,142.75,3725.06764496,,,,,,
2013-04-08 00:00:00,163.9,186.985,194.57,163.2,10895.82741442,,,,,,
2013-04-09 00:00:00,186.8,232.99,249.97,186.8,6073.37314608,,,,,,
2013-04-10 00:00:00,228.669,162.0,290.0,19.9,16070.6427442701,,,,,,
2013-04-11 00:00:00,162.0,100.0,205.0,1.06,16914.6563150801,,,,,,
2013-04-12 00:00:00,109.0,112.0,157.0,51.0,38693.9553043196,,,,,,
2013-04-13 00:00:00,112.0,91.1,130.0,81.12,23866.6770456,,,,,,
2013-04-14 00:00:00,91.1,90.171,109.0,20.0,16437.2196645,,,,,,
2013-04-15 00:00:00,89.86,83.302,104.0,71.497,16393.12856398,,,,,,
2013-04-16 00:00:00,84.27,67.588,84.48,0.01,26092.5432296,,,,,,
2013-04-17 00:00:00,68.135,93.063,98.9,63.5,20016.46738673,,,,,,
2013-04-18 00:00:00,93.0,111.3,114.0,87.0,8362.10465509001,,,,,,
2013-04-19 00:00:00,110.0,119.0,142.0,104.56,20883.2511054899,,,,,,
2013-04-20 00:00:00,119.02,127.0,132.0,114.9,6502.71927697004,,,,,,
2013-04-21 00:00:00,127.01,117.618,130.0,110.0,11539.05619005,,,,,,
2013-04-22 00:00:00,119.96,126.5,127.3,119.615,7053.39711668,,,,,,
2013-04-23 00:00:00,127.389,143.484,144.47,124.859,11566.57797156,,,,,,
2013-04-24 00:00:00,142.41,154.6,166.99,140.9,25884.62525415,,,,,,
2013-04-25 00:00:00,155.0,141.9,169.13,120.03,21589.72100785,,,,,,
2013-04-26 00:00:00,142.89,137.3,143.985,13.0,13279.17946705,,,,,,
2013-04-27 00:00:00,136.56001,128.5,147.51,121.46,7773.99732283001,,,,,,
2013-04-28 00:00:00,128.8,135.28,136.99,128.02,7222.09008288002,,,,,,
2013-04-29 00:00:00,134.63,144.0,148.5,113.42,9491.69208741002,,,,,,
2013-04-30 00:00:00,143.89,139.88,146.6752,133.89,10916.4540109801,,,,,,
2013-05-01 00:00:00,139.87,116.0,140.02,105.0,23869.0625977401,,,,,,
2013-05-02 00:00:00,116.75,106.6,127.18,90.414,29911.7420357899,,,,,,
2013-05-03 00:00:00,107.0,98.06,108.21,80.0,32551.0515293098,,,,,,
2013-05-04 00:00:00,98.5,112.5,115.959,93.356,15470.5403185301,,,,,,
2013-05-05 00:00:00,112.3,116.57,126.0,100.0,13363.7807084401,,,,,,
2013-05-06 00:00:00,116.587,112.0,124.3,106.0,12263.0308212001,,,,,,
2013-05-07 00:00:00,112.1,110.0,113.44,98.0,15053.73044354,,,,,,
2013-05-08 00:00:00,109.76,113.5,116.98,108.5,8804.37823946003,,,,,,
2013-05-09 00:00:00,113.495,112.669,113.5,108.23,3991.56786689,,,,,,
2013-05-10 00:00:00,112.653,117.87,122.5,111.4,7579.66383688002,,,,,,
2013-05-11 00:00:00,117.92,115.576,118.9,112.72,3841.93708681,,,,,,
2013-05-12 00:00:00,115.58,114.3,118.0,113.0,2745.73340774,,,,,,
2013-05-13 00:00:00,115.97,117.979,118.97,114.07,2590.84616000999,,,,,,
2013-05-14 00:00:00,117.811,111.551,119.85,105.2,9787.13803173999,,,,,,
2013-05-15 00:00:00,110.7,108.95,117.0,103.45,9324.26007941004,,,,,,
2013-05-16 00:00:00,108.98,115.0,115.2,108.2,4796.42398125,,,,,,
2013-05-17 00:00:00,115.0,117.62,122.0,112.35,5107.8367596,,,,,,
2013-05-18 00:00:00,117.51,118.52,118.98,115.81001,2168.44858122,,,,,,
2013-05-19 00:00:00,118.23,118.25,120.99,115.61,1327.45239545,,,,,,
2013-05-20 00:00:00,118.23,118.09,118.94,116.0,881.057857620001,,,,,,
2013-05-21 00:00:00,116.9,117.0,118.6,116.9,1897.54839262,,,,,,
2013-05-22 00:00:00,117.9,119.11,120.0,117.0,2360.34984014,,,,,,
2013-05-23 00:00:00,118.45,123.83,124.25,118.41,4024.65733015,,,,,,
2013-05-24 00:00:00,123.84,128.7,130.0,122.4,7965.53671446005,,,,,,
2013-05-25 00:00:00,128.61,128.97,129.73,125.1,2715.80561304,,,,,,
2013-05-26 00:00:00,128.97,130.24,133.0,128.0,2883.23013612999,,,,,,
2013-05-27 00:00:00,130.27,126.25,130.59,123.0,3535.31536517,,,,,,
2013-05-28 00:00:00,125.0,125.5,127.0,123.0,2584.01718862999,,,,,,
2013-05-29 00:00:00,126.06,130.35,140.68,125.67,3558.61656252,,,,,,
2013-05-30 00:00:00,130.35,126.7,131.0,124.15,4729.10265707,,,,,,
2013-05-31 00:00:00,126.78,127.9,129.1,125.06,2267.47870654,,,,,,
2013-06-01 00:00:00,127.73,128.77,129.0,127.0,815.111739319999,,,,,,
2013-06-02 00:00:00,128.77,123.8,132.65,117.0,11892.97161185,,,,,,
2013-06-03 00:00:00,123.41,123.1,132.87,117.0,4750.35164634001,,,,,,
2013-06-04 00:00:00,123.22,120.43,123.99,116.42,5195.53171193999,,,,,,
2013-06-05 00:00:00,120.3,121.19,122.37,119.6,1435.87228074,,,,,,
2013-06-06 00:00:00,121.33,119.28,121.33,118.0,1260.70737532,,,,,,
2013-06-07 00:00:00,118.4,111.07,119.0,107.0,9638.20980937,,,,,,
2013-06-08 00:00:00,110.17,109.13,112.5,108.45,1943.22231781998,,,,,,
2013-06-09 00:00:00,108.99,100.0,110.0,89.9,15769.8720150199,,,,,,
2013-06-10 00:00:00,100.0,104.18,108.0,93.0,9456.96656614999,,,,,,
2013-06-11 00:00:00,104.68,107.36,108.03,103.4,3419.50826205,,,,,,
2013-06-12 00:00:00,107.07,106.68,119.0,105.0,4657.07381088,,,,,,
2013-06-13 00:00:00,106.28,102.0,109.14,95.0,5813.81744085001,,,,,,
2013-06-14 00:00:00,101.86,99.0,107.36,97.0,5295.67898359999,,,,,,
2013-06-15 00:00:00,99.01,99.42,104.0,96.22,2397.84888941,,,,,,
2013-06-16 00:00:00,99.43,99.0,101.1,98.66,1192.21017157,,,,,,
2013-06-17 00:00:00,99.0,100.49,101.01,98.3,1286.44020787,,,,,,
2013-06-18 00:00:00,100.39,104.12,108.5,99.99,6069.10417773999,,,,,,
2013-06-19 00:00:00,104.49,104.99,107.5,102.99,2830.34656024,,,,,,
2013-06-20 00:00:00,104.83,104.55,108.0,102.38,5580.15645347,,,,,,
2013-06-21 00:00:00,103.0,101.29,105.0,91.0,5584.19399546001,,,,,,
2013-06-22 00:00:00,101.29,100.23,102.4,98.49,1390.41839215,,,,,,
2013-06-23 00:00:00,100.0,100.4,101.5,98.6,796.29810476,,,,,,
2013-06-24 00:00:00,100.4,98.68,102.13,95.38,2801.04700209,,,,,,
2013-06-25 00:00:00,99.35,97.58,100.9,97.5,3395.16434416,,,,,,
2013-06-26 00:00:00,98.5,98.69,100.0,96.99,1466.12790174,,,,,,
2013-06-27 00:00:00,98.01,96.31,98.72,96.31,1085.47473304,,,,,,
2013-06-28 00:00:00,96.31,89.79,96.52,88.01,7594.03228208003,,,,,,
2013-06-29 00:00:00,89.2,88.8,91.6,86.15,1766.18636145999,,,,,,
2013-06-30 00:00:00,88.53,89.55,90.25,88.26,525.54269882,,,,,,
2013-07-01 00:00:00,89.58,83.5,91.56,1.0,10021.30520817,,,,,,
2013-07-02 00:00:00,83.51,87.68,88.5,83.24,3732.32847998,,,,,,
2013-07-03 00:00:00,89.0,77.402,89.56,75.0,8688.24345300004,,,,,,
2013-07-04 00:00:00,77.33,79.4,82.0,70.04,7081.44839216002,,,,,,
2013-07-05 00:00:00,79.4,67.0,79.4,64.0,13816.96117611,,,,,,
2013-07-06 00:00:00,67.0,66.12,73.26,62.94,10426.96530785,,,,,,
2013-07-07 00:00:00,66.12,73.98,74.07786,64.89,4403.96884005,,,,,,
2013-07-08 00:00:00,73.96,74.35,77.0,70.0,8789.76770627001,,,,,,
2013-07-09 00:00:00,73.85,74.98,76.01,70.47,7041.32536101,,,,,,
2013-07-10 00:00:00,74.93,86.12,87.0,74.83,10374.85241819,,,,,,
2013-07-11 00:00:00,86.12,88.0,89.23,84.0,7510.96612628002,,,,,,
2013-07-12 00:00:00,87.81,90.2,101.39,86.64,15077.5410866301,,,,,,
2013-07-13 00:00:00,90.17,91.6,91.95,85.0,4116.22796884997,,,,,,
2013-07-14 00:00:00,91.69,90.07,93.0,88.88,2380.35140134999,,,,,,
2013-07-15 00:00:00,89.011,93.94,99.83,82.45,5898.45713615004,,,,,,
2013-07-16 00:00:00,93.75,91.6,94.0,84.7,2092.35853054,,,,,,
2013-07-17 00:00:00,91.58,91.48,92.8,89.22,2046.72746749,,,,,,
2013-07-18 00:00:00,90.85,85.27,91.23,77.0,7708.73483260006,,,,,,
2013-07-19 00:00:00,85.01,86.53,87.1,83.4,4794.18316172001,,,,,,
2013-07-20 00:00:00,86.5,85.0,87.2,84.27,1301.92237319,,,,,,
2013-07-21 00:00:00,85.09,85.79,86.4,84.0,2113.51241199,,,,,,
2013-07-22 00:00:00,85.77,85.6,87.1,83.99,1354.67793009,,,,,,
2013-07-23 00:00:00,85.55,86.95,88.67,82.99,3368.91523392999,,,,,,
2013-07-24 00:00:00,86.95,88.36,95.68,86.46,1618.34266729,,,,,,
2013-07-25 00:00:00,88.42,90.24,91.99899,87.15,3345.36886326999,,,,,,
2013-07-26 00:00:00,90.09,89.95,91.72,89.2,973.533901570004,,,,,,
2013-07-27 00:00:00,89.95,88.02,90.11,87.8,1427.28403652,,,,,,
2013-07-28 00:00:00,88.02,92.46,94.0,87.92,3411.06759993999,,,,,,
2013-07-29 00:00:00,92.01,93.37,93.73,90.54,2712.34032741,,,,,,
2013-07-30 00:00:00,93.01,96.5,97.11,92.7,3558.87774625,,,,,,
2013-07-31 00:00:00,96.68,98.18,101.03,95.1,5708.72022212001,,,,,,
2013-08-01 00:00:00,97.99,96.55,98.50297,95.21,3534.33334448,,,,,,
2013-08-02 00:00:00,96.55,95.85,98.7,93.75,5444.95317152999,,,,,,
2013-08-03 00:00:00,95.82,95.49,97.23,94.67,2406.7126632,,,,,,
2013-08-04 00:00:00,95.5,96.38,96.7,95.5,1011.16940019,,,,,,
2013-08-05 00:00:00,96.38,97.4,98.91,96.21,2944.54669789999,,,,,,
2013-08-06 00:00:00,97.73,97.8,98.9,97.0,2531.28944375,,,,,,
2013-08-07 00:00:00,97.8,97.0,98.3,95.5,1576.176273,,,,,,
2013-08-08 00:00:00,97.0,94.25,97.17,91.4,4701.13478028,,,,,,
2013-08-09 00:00:00,94.27,92.28,95.51,89.51,5799.07629595998,,,,,,
2013-08-10 00:00:00,92.14,93.51,94.0,92.14,754.8018569,,,,,,
2013-08-11 00:00:00,93.51,94.0,94.52,93.2,703.22305316,,,,,,
2013-08-12 00:00:00,94.0,95.35,96.24,93.31,2950.84243716999,,,,,,
2013-08-13 00:00:00,95.12109,98.15,98.2,94.23,3644.09122657,,,,,,
2013-08-14 00:00:00,97.99,99.16,101.0,97.36828,7832.14442446,,,,,,
2013-08-15 00:00:00,99.4,98.08,100.01,96.24,1749.74382402,,,,,,
2013-08-16 00:00:00,98.39,98.3,99.0,96.53,1945.81185098,,,,,,
2013-08-17 00:00:00,98.27,99.4,99.7,97.5,1601.91017454,,,,,,
2013-08-18 00:00:00,100.0,99.25,100.0,98.42,929.14723601,,,,,,
2013-08-19 00:00:00,99.25,102.6,105.0,98.82,7038.31706310001,,,,,,
2013-08-20 00:00:00,102.85,104.94,104.94,100.48,3887.65063900999,,,,,,
2013-08-21 00:00:00,104.94,110.43,114.45,104.57,9461.08726163004,,,,,,
2013-08-22 00:00:00,111.62,109.14,113.01,107.99,4026.72231985,,,,,,
2013-08-23 00:00:00,109.12,107.89,110.0,104.3,5316.11409683,,,,,,
2013-08-24 00:00:00,107.66,108.3,110.6,106.61,2760.95065165,,,,,,
2013-08-25 00:00:00,109.17,113.11,114.76,109.16,5981.71180220001,,,,,,
2013-08-26 00:00:00,113.12,112.45,113.9,110.0,4105.75356866,,,,,,
2013-08-27 00:00:00,111.85,117.7,119.0,111.77,8861.29718058001,,,,,,
2013-08-28 00:00:00,118.0,118.0,119.76,116.0,3508.16170538,,,,,,
2013-08-29 00:00:00,117.95,118.5,121.0,117.29,2722.03372053,,,,,,
2013-08-30 00:00:00,118.93,125.0,126.3,118.05,9634.03948353002,,,,,,
2013-08-31 00:00:00,124.89,127.8,134.94,123.75,12537.83420063,,,,,,
2013-09-01 00:00:00,128.21,130.41,132.0,126.81,2117.60762314,,,,,,
2013-09-02 00:00:00,130.73,129.45,132.05,128.0,4229.80472060998,,,,,,
2013-09-03 00:00:00,129.23,129.18,131.0,126.9,3621.71363355999,,,,,,
2013-09-04 00:00:00,130.0,122.24,130.0,115.0,9377.23333298001,,,,,,
2013-09-05 00:00:00,122.22,122.63,127.99,115.81,7294.63083097997,,,,,,
2013-09-06 00:00:00,122.0,116.82,124.75,115.0,5683.34157264999,,,,,,
2013-09-07 00:00:00,116.0,119.76,121.10889,115.5,2899.83061763999,,,,,,
2013-09-08 00:00:00,119.79,117.98,120.84,116.77,2707.40051492,,,,,,
2013-09-09 00:00:00,118.0,121.5,124.0,115.98561,8252.05121633003,,,,,,
2013-09-10 00:00:00,121.17,122.07,124.24,120.07,3626.92833386999,,,,,,
2013-09-11 00:00:00,122.34,126.34,127.64,118.39,9078.22123422003,,,,,,
2013-09-12 00:00:00,126.92,126.63,128.5,123.0,5161.99913747999,,,,,,
2013-09-13 00:00:00,126.63,127.18,129.11,124.82,2524.77115444,,,,,,
2013-09-14 00:00:00,126.23,124.5,127.98,122.53,3550.48828070999,,,,,,
2013-09-15 00:00:00,124.5,125.06,126.35,123.15,1973.20832033,,,,,,
2013-09-16 00:00:00,125.18,125.68,126.84,124.0,1710.23628094,,,,,,
2013-09-17 00:00:00,126.15,127.13,127.74,125.32,1790.28239465,,,,,,
2013-09-18 00:00:00,126.72,126.9,128.41,125.78,3950.89185976,,,,,,
2013-09-19 00:00:00,127.0,124.38,127.63,123.39,3443.87264583,,,,,,
2013-09-20 00:00:00,123.8,122.91,126.01,121.5,3838.92105376999,,,,,,
2013-09-21 00:00:00,122.92,123.64,124.02,122.0,1023.90288201,,,,,,
2013-09-22 00:00:00,123.5,122.97,123.59,122.22,1078.48505357,,,,,,
2013-09-23 00:00:00,122.93,122.75,124.09,122.0,2465.01122629,,,,,,
2013-09-24 00:00:00,123.0,124.09,124.19,121.89,3165.47374378,,,,,,
2013-09-25 00:00:00,123.89,123.75,125.22,123.35,1900.35140246,,,,,,
2013-09-26 00:00:00,123.32,125.02,125.02,123.3,1002.22446382,,,,,,
2013-09-27 00:00:00,124.4,126.48,126.86,124.1,2578.6923297,,,,,,
2013-09-28 00:00:00,126.57,127.0,127.0,124.8,2488.46477039,,,,,,
2013-09-29 00:00:00,126.87,126.76,128.8,126.0,3011.13758087,,,,,,
2013-09-30 00:00:00,127.0,125.95,127.51,123.76,3072.55201951,,,,,,
2013-10-01 00:00:00,125.95,127.49,127.9399,125.81,2151.64918807,,,,,,
2013-10-02 00:00:00,127.2,103.85,128.5,83.26,38763.0172714799,,,,,,
2013-10-03 00:00:00,103.99,117.87,118.74,101.66,11393.82089187,,,,,,
2013-10-04 00:00:00,117.87,121.94,123.25,117.41,6632.39275909002,,,,,,
2013-10-05 00:00:00,121.94,121.62,125.0,115.0,1451.61906773,,,,,,
2013-10-06 00:00:00,121.14,122.49,122.5,121.01,399.440586,,,,,,
2013-10-07 00:00:00,122.26,123.48,124.45,120.8,4205.69134063,,,,,,
2013-10-08 00:00:00,123.5,124.11,125.16,122.02,5205.68123215999,,,,,,
2013-10-09 00:00:00,124.4,126.00071,127.99,123.36,6494.56802603001,,,,,,
2013-10-10 00:00:00,125.67,126.1,126.79,125.0,2321.77150535999,,,,,,
2013-10-11 00:00:00,126.46,126.9,127.4,125.54,2177.80246511,,,,,,
2013-10-12 00:00:00,126.9,127.8,127.96,126.65,1651.53519078,,,,,,
2013-10-13 00:00:00,127.6,132.86,133.23,127.55,6020.83465236,,,,,,
2013-10-14 00:00:00,132.6,135.4,139.99,132.0,12310.3421481001,,,,,,
2013-10-15 00:00:00,135.47,144.39,150.0,134.09,10815.77840346,,,,,,
2013-10-16 00:00:00,144.39,137.56,147.0,137.21,15517.28434985,,,,,,
2013-10-17 00:00:00,137.54,143.94,144.98,133.99,5237.28751872,,,,,,
2013-10-18 00:00:00,143.49,153.0,155.25,143.0,14115.9018835201,,,,,,
2013-10-19 00:00:00,152.89,166.5,178.5,151.5,20875.7260725199,,,,,,
2013-10-20 00:00:00,168.0,166.89,168.875,162.31,3857.31917752,,,,,,
2013-10-21 00:00:00,166.44,180.37,183.0,166.0,12821.42817668,,,,,,
2013-10-22 00:00:00,180.5,191.75,215.0,179.1,18464.69246628,,,,,,
2013-10-23 00:00:00,194.5,203.99,212.89,187.0,13848.1826281501,,,,,,
2013-10-24 00:00:00,204.5,193.72,210.995,155.81,41374.6601641995,,,,,,
2013-10-25 00:00:00,194.0,187.5,195.13,167.75,20163.72357838,,,,,,
2013-10-26 00:00:00,186.62,179.55,190.0,175.21,6283.29915677999,,,,,,
2013-10-27 00:00:00,179.56,196.7,198.75,179.1,6583.20965814008,,,,,,
2013-10-28 00:00:00,196.0,196.01,199.0,192.15,5605.26249360001,,,,,,
2013-10-29 00:00:00,196.01,204.69,205.0,195.37,8092.44617620002,,,,,,
2013-10-30 00:00:00,203.7,198.74,206.0,195.05,14204.4054380701,,,,,,
2013-10-31 00:00:00,198.7,202.52,204.0,195.28,5287.08851334,,,,,,
2013-11-01 00:00:00,203.79,201.754999,204.0,200.5,1950.88533844,,,,,,
2013-11-02 00:00:00,202.24,204.94,205.79,201.33,4054.66482564999,,,,,,
2013-11-03 00:00:00,204.67,213.8975,219.89,203.0,4806.65527203001,,,,,,
2013-11-04 00:00:00,213.949,226.5049999,230.5,211.0,11528.7620527202,,,,,,
2013-11-05 00:00:00,227.29,242.88,250.75,225.44,23917.3706320101,,,,,,
2013-11-06 00:00:00,242.6,263.24,265.0,240.6,27950.6772529572,,,,,,
2013-11-07 00:00:00,263.5,291.0,297.79,262.0,35703.8390349999,,,,,,
2013-11-08 00:00:00,290.8,333.9,334.95,288.89,22587.4898973999,,,,,,
2013-11-09 00:00:00,333.9,338.22941,386.0,297.0,30872.0185769997,,,,,,
2013-11-10 00:00:00,339.39,325.0,340.0,265.11,35022.9775918295,,,,,,
2013-11-11 00:00:00,322.24,344.27,357.95,311.56,10389.98799285,,,,,,
2013-11-12 00:00:00,347.0,354.96,400.0,340.0,13163.9526282,,,,,,
2013-11-13 00:00:00,355.45,399.9,414.73,355.45,13150.8551845401,,,,,,
2013-11-14 00:00:00,399.89,413.53499,423.5,392.8,14424.4618612601,,,,,,
2013-11-15 00:00:00,415.16,412.0,439.94,388.011,17611.6002543102,,,,,,
2013-11-16 00:00:00,412.0,434.52,448.95,410.0,9971.61084252013,,,,,,
2013-11-17 00:00:00,434.53,492.0,499.99,434.53,9939.60554958022,,,,,,
2013-11-18 00:00:00,492.39,689.0,775.0,490.11,22783.1345659296,,,,,,
2013-11-19 00:00:00,690.0,537.0,909.0,360.0,36107.292589809,,,,,,
2013-11-20 00:00:00,535.01,599.12,630.0,450.01,27939.0919929797,,,,,,
2013-11-21 00:00:00,599.12,730.0,745.0,589.9,17157.1255340001,,,,,,
2013-11-22 00:00:00,727.0301,806.3,839.77,682.32,12996.9952893601,,,,,,
2013-11-23 00:00:00,815.0,847.666666,886.876543,775.0,9697.72957536012,,,,,,
2013-11-24 00:00:00,847.5,815.0,860.0,745.0,11931.4688187901,,,,,,
2013-11-25 00:00:00,814.16,818.98,844.579,768.0,9443.71409179005,,,,,,
2013-11-26 00:00:00,813.14,952.0,960.0,800.0,10075.5972455901,,,,,,
2013-11-27 00:00:00,955.01,963.0,969.99,894.0,13045.7822418601,,,,,,
2013-11-28 00:00:00,962.01,1016.1,1050.34,945.0,9436.59098362006,,,,,,
2013-11-29 00:00:00,1015.79,1132.0,1142.0,999.12,9112.60453110012,,,,,,
2013-11-30 00:00:00,1131.0,1119.52,1171.25,1090.0,4977.05940607003,,,,,,
2013-12-01 00:00:00,1119.8,955.0,1126.0,780.0,31224.8478054497,,,,,,
2013-12-02 00:00:00,950.2601,1037.07,1059.0,936.0,12076.8095723901,,,,,,
2013-12-03 00:00:00,1037.11,1055.0,1089.88,1000.0,5606.71756720002,,,,,,
2013-12-04 00:00:00,1055.0,1138.5,1175.0,1051.0,6797.52731543003,,,,,,
2013-12-05 00:00:00,1135.0,1023.87,1141.0,848.42,23511.6459976001,,,,,,
2013-12-06 00:00:00,1029.02,820.0,1032.04,790.0,28781.8713168093,,,,,,
2013-12-07 00:00:00,815.0,693.0,842.23,538.0,43628.1692512094,,,,,,
2013-12-08 00:00:00,692.99,784.9,790.39,650.0,13381.6509437201,,,,,,
2013-12-09 00:00:00,786.0,899.01,901.0,767.21,15615.2399101502,,,,,,
2013-12-10 00:00:00,899.94,983.0,992.0,895.0,11644.1100796201,,,,,,
2013-12-11 00:00:00,982.9697,879.3,990.0,804.26,15622.9339904401,,,,,,
2013-12-12 00:00:00,879.4,873.0,893.97,838.0,8407.60530174005,,,,,,
2013-12-13 00:00:00,872.97,885.02,923.71,850.02,9499.23705098,,,,,,
2013-12-14 00:00:00,885.1,850.78,888.8970413,840.0,4137.40713281999,,,,,,
2013-12-15 00:00:00,854.98,859.71,871.8845,805.0,11388.0131782503,,,,,,
2013-12-16 00:00:00,860.33,690.0,864.0,650.9088,28828.6722447098,,,,,,
2013-12-17 00:00:00,690.0,675.0,751.0,613.0,24688.82978813,,,,,,
2013-12-18 00:00:00,675.0,520.01,679.038754,381.51,80358.8141914289,,,,,,
2013-12-19 00:00:00,519.74,684.99,700.0,491.0,37418.6332647902,,,,,,
2013-12-20 00:00:00,685.0,609.01,721.0,570.0,26056.0509110787,,,,,,
2013-12-21 00:00:00,608.77,595.03,649.0,568.0,12661.2382726203,,,,,,
2013-12-22 00:00:00,595.06,614.999,674.39,574.0123,13689.7033129602,,,,,,
2013-12-23 00:00:00,612.66,654.76,669.0,608.01,8550.81498574018,,,,,,
2013-12-24 00:00:00,654.76,651.83,670.0,627.0,6806.64334295007,,,,,,
2013-12-25 00:00:00,653.57,679.5,681.0,635.0,3822.45516959999,,,,,,
2013-12-26 00:00:00,680.78,757.3889,764.0,677.0,18161.4852748501,,,,,,
2013-12-27 00:00:00,748.48,720.61,763.0,704.0123,11270.5220445601,,,,,,
2013-12-28 00:00:00,724.75,712.2,740.01,690.0,10090.2275591001,,,,,,
2013-12-29 00:00:00,715.01,728.3,732.0,700.0123,6131.65568200999,,,,,,
2013-12-30 00:00:00,726.82,736.5,740.62618,724.73,4234.64065429001,,,,,,
2013-12-31 00:00:00,735.5,729.99,740.0,710.02,8561.28944057009,,,,,,
2014-01-01 00:00:00,730.24,754.22,757.0,730.24,5883.99695487001,,,,,,
2014-01-02 00:00:00,751.88,784.34,800.0,742.52,9584.91453353008,,,,,,
2014-01-03 00:00:00,784.12,807.0,818.99,768.0,10253.8877436401,,,,,,
2014-01-04 00:00:00,808.5,829.0,830.4,791.04,10768.5978873301,,,,,,
2014-01-05 00:00:00,829.9,905.36,939.8,825.0,18946.6570916099,,,,,,
2014-01-06 00:00:00,905.0,919.24,995.0,875.181,21038.6254868698,,,,,,
2014-01-07 00:00:00,915.7,781.0,943.15,781.0,25356.8406498093,,,,,,
2014-01-08 00:00:00,785.01,824.89,849.0,765.0,20372.53172769,,,,,,
2014-01-09 00:00:00,824.89,826.2,846.35,779.99,15871.6025231103,,,,,,
2014-01-10 00:00:00,825.5,853.02,860.64,799.98,8011.79336830005,,,,,,
2014-01-11 00:00:00,850.0,896.59,915.0,848.0,10520.5960713802,,,,,,
2014-01-12 00:00:00,898.5,842.1,906.0,824.45143,10376.8434369101,,,,,,
2014-01-13 00:00:00,842.01,824.5,844.68,784.0,14308.7087051802,,,,,,
2014-01-14 00:00:00,823.17,816.0,836.99,802.3,4816.78362108003,,,,,,
2014-01-15 00:00:00,816.0,842.111,850.25,811.25,7238.15698086007,,,,,,
2014-01-16 00:00:00,842.101,812.48,847.68,812.48,3686.64958124,,,,,,
2014-01-17 00:00:00,812.48,800.0,820.22,765.03,11514.7178664003,,,,,,
2014-01-18 00:00:00,798.99,811.22,820.0,794.93,3987.64776987002,,,,,,
2014-01-19 00:00:00,811.2,841.11,842.0,794.41,6661.72551215013,,,,,,
2014-01-20 00:00:00,842.07,827.11,844.99,815.01,5520.23730462005,,,,,,
2014-01-21 00:00:00,826.02,824.34,834.17,813.6,2891.50023991,,,,,,
2014-01-22 00:00:00,824.89,818.0,826.5,803.1,2938.54753894001,,,,,,
2014-01-23 00:00:00,817.99,811.01,823.0,802.52,2838.97961165,,,,,,
2014-01-24 00:00:00,811.01,778.0,812.7689,767.23,11262.9423914602,,,,,,
2014-01-25 00:00:00,778.13,805.4,817.0,774.38,4713.79803381002,,,,,,
2014-01-26 00:00:00,806.81,815.0,836.7318,794.64,7513.57053368004,,,,,,
2014-01-27 00:00:00,815.0,750.0,824.9999,726.5,15629.6818693602,,,,,,
2014-01-28 00:00:00,748.123,784.0001,814.5,741.214,13647.5002643502,,,,,,
2014-01-29 00:00:00,785.0,791.56,805.0,781.4417,3865.88167876003,,,,,,
2014-01-30 00:00:00,792.69,801.5,812.65489,770.0,8205.38234448006,,,,,,
2014-01-31 00:00:00,799.5,803.5,809.6746,793.0,3912.0445727,,,,,,
2014-02-01 00:00:00,803.58,812.5211,829.0,801.0,4537.3743903,,,,,,
2014-02-02 00:00:00,815.52,814.222,827.2,811.0,3149.53715899001,,,,,,
2014-02-03 00:00:00,814.222,806.01,815.2,798.5,3446.69515272,,,,,,
2014-02-04 00:00:00,806.01,802.69,814.4,795.2,3363.63331922,,,,,,
2014-02-05 00:00:00,800.0,778.03,807.48,777.85,5215.28016818002,,,,,,
2014-02-06 00:00:00,782.0,763.11,829.0,678.03,21114.51912813,,,,,,
2014-02-07 00:00:00,763.99,702.0,764.0,620.0,42788.4246752395,,,,,,
2014-02-08 00:00:00,702.0,680.49,723.97,667.0,11122.2565993101,,,,,,
2014-02-09 00:00:00,680.49,689.0,728.89934978,666.53,12068.6993841901,,,,,,
2014-02-10 00:00:00,686.11000001,686.8313,703.0,200.0,41511.8031212395,,,,,,
2014-02-11 00:00:00,686.0,674.5,721.35,631.2,39535.0712279695,,,,,,
2014-02-12 00:00:00,674.5,652.05,684.9,642.0,12849.0181041001,,,,,,
2014-02-13 00:00:00,652.01,605.5,658.9899,603.43,17145.8786309402,,,,,,
2014-02-14 00:00:00,605.6,668.0,710.0,535.0,53681.7151358789,,,,,,
2014-02-15 00:00:00,668.51,651.92,670.99,633.3,10825.1136829301,,,,,,
2014-02-16 00:00:00,654.78,621.0,670.9999,585.0,16745.7315129901,,,,,,
2014-02-17 00:00:00,622.19,630.0,664.0,611.0,15689.9524364501,,,,,,
2014-02-18 00:00:00,630.0,627.95,651.3,611.304999,8466.24614979013,,,,,,
2014-02-19 00:00:00,627.95,621.75,636.85,617.89,4709.12040524005,,,,,,
2014-02-20 00:00:00,624.0,561.2,629.0,561.0,25273.8288719095,,,,,,
2014-02-21 00:00:00,561.4,580.0,588.48969696,530.0,28461.8455834397,,,,,,
2014-02-22 00:00:00,580.99,608.7,619.0,562.0,14729.9748581702,,,,,,
2014-02-23 00:00:00,610.26,607.15175,644.93,601.0,15800.3085712801,,,,,,
2014-02-24 00:00:00,606.1111,535.9999,614.89,531.1,34116.3600953796,,,,,,
2014-02-25 00:00:00,533.01,534.6,549.0,400.0,94547.0979939415,,,,,,
2014-02-26 00:00:00,534.69,584.0,609.0,526.7501,37713.7310051495,,,,,,
2014-02-27 00:00:00,586.49,583.89,601.2,568.75,12035.7957288197,,,,,,
2014-02-28 00:00:00,582.01,554.25,591.18,545.0,15293.3423837901,,,,,,
2014-03-01 00:00:00,552.26,568.75,577.25,540.2044,8617.72163751008,,,,,,
2014-03-02 00:00:00,566.5,565.37191,572.24,555.161,3126.21859684001,,,,,,
2014-03-03 00:00:00,566.0,680.98,719.25,563.0,50919.5416932901,,,,,,
2014-03-04 00:00:00,680.98,672.0,703.85,658.5,25025.6081617195,,,,,,
2014-03-05 00:00:00,672.59999999,669.61,678.9999,651.21,8381.3180000601,,,,,,
2014-03-06 00:00:00,669.61,668.0,676.43,648.7,7057.99015509007,,,,,,
2014-03-07 00:00:00,667.0,631.01,669.0,616.23,17234.6962823099,,,,,,
2014-03-08 00:00:00,632.99999999,616.8001,639.999,600.6,10971.4374053301,,,,,,
2014-03-09 00:00:00,616.9,638.5,654.999,610.25,8290.10866807006,,,,,,
2014-03-10 00:00:00,638.52,626.9801,648.3,606.0,11575.1156731601,,,,,,
2014-03-11 00:00:00,626.9801,634.01,641.9999,615.31,3634.08082000001,,,,,,
2014-03-12 00:00:00,634.01,636.2296,654.0,631.0,7287.42468826008,,,,,,
2014-03-13 00:00:00,636.10235,644.18,648.0,634.5001,3312.96067553003,,,,,,
2014-03-14 00:00:00,643.1,627.98,645.0,623.5,5526.43539530001,,,,,,
2014-03-15 00:00:00,628.89,635.45,639.8899,626.3,1735.62936143,,,,,,
2014-03-16 00:00:00,635.45,633.0,638.0,628.5801,1902.57118506,,,,,,
2014-03-17 00:00:00,632.0,623.8,632.5,619.2,3761.84368801999,,,,,,
2014-03-18 00:00:00,623.8,615.5999,623.8,600.0,7736.26828485001,,,,,,
2014-03-19 00:00:00,615.5999,609.0,622.2,605.9841,3436.66790192999,,,,,,
2014-03-20 00:00:00,608.9841,586.5551,609.0,584.0,8100.06063610005,,,,,,
2014-03-21 00:00:00,588.8294,570.9999,605.96,555.5,19202.2845534098,,,,,,
2014-03-22 00:00:00,570.9798,563.0,574.24,550.09,6731.31574218003,,,,,,
2014-03-23 00:00:00,563.0,558.0,571.0,555.0,4833.22337384004,,,,,,
2014-03-24 00:00:00,557.8884,585.6587,590.0,550.5,9275.28768732024,,,,,,
2014-03-25 00:00:00,584.9899,583.9899,586.0,568.55,4902.03403056013,,,,,,
2014-03-26 00:00:00,583.89,576.6,593.25,566.51,7649.23071354016,,,,,,
2014-03-27 00:00:00,577.9999,474.0,579.4799,465.0,41023.5516603098,,,,,,
2014-03-28 00:00:00,475.0,502.25,533.36,470.0,35985.2142117994,,,,,,
2014-03-29 00:00:00,502.4996,492.4398,507.99,485.45,4635.16685558006,,,,,,
2014-03-30 00:00:00,490.01,460.9999,491.9999,436.2,26151.1301347196,,,,,,
2014-03-31 00:00:00,460.6,456.9899,488.0,436.1,22069.33696584,,,,,,
2014-04-01 00:00:00,456.3,479.9181,513.9,453.4,19999.3085121601,,,,,,
2014-04-02 00:00:00,477.53,437.2203,496.2,431.2,29119.1046175998,,,,,,
2014-04-03 00:00:00,436.5301,447.9999,463.0,415.46,24590.4064977798,,,,,,
2014-04-04 00:00:00,447.1161,447.0211,458.5899,430.2,10562.8572687501,,,,,,
2014-04-05 00:00:00,448.001,463.99,464.5,444.395,4573.75741605006,,,,,,
2014-04-06 00:00:00,463.5,458.78,465.9998,450.0,2952.40660615005,,,,,,
2014-04-07 00:00:00,458.6,446.58,461.0,445.05,6147.47600223009,,,,,,
2014-04-08 00:00:00,445.222,452.3849,458.8,445.01,4860.84550476002,,,,,,
2014-04-09 00:00:00,452.3849,442.45,455.13590891,440.0536,4167.09060672002,,,,,,
2014-04-10 00:00:00,442.4499,364.2,442.8689,357.0,45002.9695495494,,,,,,
2014-04-11 00:00:00,364.04989,421.0,433.6,340.0,38705.5569185101,,,,,,
2014-04-12 00:00:00,421.999,423.3,441.0,413.0741,10732.2408288301,,,,,,
2014-04-13 00:00:00,422.2001,418.0,428.2,400.0,10265.6836892001,,,,,,
2014-04-14 00:00:00,417.6,460.0,478.0,406.4,29763.3975050402,,,,,,
2014-04-15 00:00:00,460.0,519.0,526.995,452.0,24214.5733178003,,,,,,
2014-04-16 00:00:00,519.11,531.25,547.0,495.0,29218.8507665894,,,,,,
2014-04-17 00:00:00,531.25,498.10000001,535.7499,486.1,18285.63177066,,,,,,
2014-04-18 00:00:00,499.0,480.044,503.9999,474.25,9730.4747878101,,,,,,
2014-04-19 00:00:00,480.044,504.999999,513.9899,473.83,9063.48907105015,,,,,,
2014-04-20 00:00:00,504.99999,500.9501,517.995,492.2,4760.82881705001,,,,,,
2014-04-21 00:00:00,501.3551,495.39,515.646,485.0,8179.33326468007,,,,,,
2014-04-22 00:00:00,499.25,489.2503,506.0,488.0,3570.34633424999,,,,,,
2014-04-23 00:00:00,491.69999999,491.78,496.0,482.88,4187.17351874003,,,,,,
2014-04-24 00:00:00,492.08,503.7,504.96,480.16,5017.14446629004,,,,,,
2014-04-25 00:00:00,503.7,464.33566,504.96,441.3,30667.9213255396,,,,,,
2014-04-26 00:00:00,464.33566,460.0,469.19,449.8001,7835.67783029011,,,,,,
2014-04-27 00:00:00,459.01,429.99,465.6,427.55,7849.47942997005,,,,,,
2014-04-28 00:00:00,429.99,441.38999999,450.0,423.11,15283.0344658301,,,,,,
2014-04-29 00:00:00,441.39,446.53,454.0,434.0,7573.20092376011,,,,,,
2014-04-30 00:00:00,446.53,449.0201,453.9899,432.0,7046.94954762021,,,,,,
2014-05-01 00:00:00,449.0201,459.4102,463.53,448.82,5144.92316754004,,,,,,
2014-05-02 00:00:00,461.11992999,452.0,461.11992999,443.0,3751.58832350003,,,,,,
2014-05-03 00:00:00,451.99,439.7398,451.9999,430.0,7602.43030203004,,,,,,
2014-05-04 00:00:00,439.7297,435.0413,441.4999,429.0,4220.91532271001,,,,,,
2014-05-05 00:00:00,438.58799899,432.389,444.4,425.5999,5435.54300037005,,,,,,
2014-05-06 00:00:00,431.6,429.7,435.39,419.4,6965.03137807006,,,,,,
2014-05-07 00:00:00,430.0,440.43,453.6,424.2487,11189.8172391,,,,,,
2014-05-08 00:00:00,440.0,438.5,450.59,437.69,3456.92125521003,,,,,,
2014-05-09 00:00:00,438.2,454.0,456.6,438.2,3062.89060414007,,,,,,
2014-05-10 00:00:00,453.99,456.09,459.65,448.2,3674.99628935008,,,,,,
2014-05-11 00:00:00,456.11,437.97,458.4,430.0,10720.6350241701,,,,,,
2014-05-12 00:00:00,437.45,440.0,442.0,431.8,3450.84753709002,,,,,,
2014-05-13 00:00:00,440.0,438.81,440.9,434.01,2044.09198202999,,,,,,
2014-05-14 00:00:00,438.81,445.0,448.0,438.47,3104.61120276002,,,,,,
2014-05-15 00:00:00,444.03,447.58,451.4,444.0,1648.49804694,,,,,,
2014-05-16 00:00:00,447.58,448.6,453.0,443.4,1707.21667711,,,,,,
2014-05-17 00:00:00,448.6,449.03,450.0,446.83,907.0058887,,,,,,
2014-05-18 00:00:00,449.04,447.4,449.11,445.5,773.023653809999,,,,,,
2014-05-19 00:00:00,447.6,447.0,448.5,444.1,1423.92886676,,,,,,
2014-05-20 00:00:00,446.89,491.35,498.68,446.0,21176.51257664,,,,,,
2014-05-21 00:00:00,490.62,494.99,501.0,489.5,7206.26246587005,,,,,,
2014-05-22 00:00:00,495.0,528.85,530.0,492.25,17215.75079207,,,,,,
2014-05-23 00:00:00,528.85,523.57,544.78,521.11,16725.8926560002,,,,,,
2014-05-24 00:00:00,523.61,528.0,529.75,514.25,4544.30461820003,,,,,,
2014-05-25 00:00:00,528.92,573.99,586.0,528.92,32267.7960526998,,,,,,
2014-05-26 00:00:00,574.55,586.0,593.3,566.21,16378.65112528,,,,,,
2014-05-27 00:00:00,586.69,576.08,597.3,551.0,18029.67912572,,,,,,
2014-05-28 00:00:00,573.6,578.77,583.5,565.0,7636.65709659001,,,,,,
2014-05-29 00:00:00,580.0,569.5,583.0,563.0,7828.15862950001,,,,,,
2014-05-30 00:00:00,569.85,621.0,630.0,569.85,23195.0801474797,,,,,,
2014-05-31 00:00:00,620.9,626.21,629.0,610.02,7149.49782879004,,,,,,
2014-06-01 00:00:00,627.01,626.42,680.0,618.01,34401.3101483098,,,,,,
2014-06-02 00:00:00,631.97,667.11,679.8,615.0,21044.80880501,,,,,,
2014-06-03 00:00:00,667.78,674.0,685.0,652.16,19813.4815101199,,,,,,
2014-06-04 00:00:00,670.84,642.0,672.97,620.0,27560.7517487694,,,,,,
2014-06-05 00:00:00,642.0,660.9,672.0,641.0,9921.5874786601,,,,,,
2014-06-06 00:00:00,660.99,649.39,664.94,646.8,5622.64559487004,,,,,,
2014-06-07 00:00:00,649.35,657.21,659.4,637.01,6596.49809085004,,,,,,
2014-06-08 00:00:00,657.21,658.7,664.5,652.5,3644.18278973001,,,,,,
2014-06-09 00:00:00,658.7,650.3,661.99,639.06,6794.57192595005,,,,,,
2014-06-10 00:00:00,650.3,657.0,672.0,646.0,6898.76984299002,,,,,,
2014-06-11 00:00:00,657.0,637.6,666.5,635.11,11459.6607419401,,,,,,
2014-06-12 00:00:00,637.6,597.99,647.0,575.2,28947.7195688493,,,,,,
2014-06-13 00:00:00,596.43,605.0,620.97,592.11,15003.7276633502,,,,,,
2014-06-14 00:00:00,605.2,570.27,606.98,522.15,25862.202664539,,,,,,
2014-06-15 00:00:00,570.26,593.89,595.1,540.0,14771.5189350403,,,,,,
2014-06-16 00:00:00,593.61,591.1,612.0,582.1,13617.4272933902,,,,,,
2014-06-17 00:00:00,592.35,613.4,619.0,591.1,8784.01582691012,,,,,,
2014-06-18 00:00:00,613.4,608.1,619.6,601.5,6071.10324019007,,,,,,
2014-06-19 00:00:00,608.6,597.3,611.99,592.9,5343.70478112005,,,,,,
2014-06-20 00:00:00,596.06,592.0,598.28,582.37,8688.54404580011,,,,,,
2014-06-21 00:00:00,592.0,595.5,599.91,583.5,4122.15638252005,,,,,,
2014-06-22 00:00:00,596.9,603.4,615.0,595.5,4720.27548757012,,,,,,
2014-06-23 00:00:00,603.39,591.57,604.19,580.11,5269.37867215002,,,,,,
2014-06-24 00:00:00,591.02,580.56,597.79,580.0,5497.22827520003,,,,,,
2014-06-25 00:00:00,580.65,566.75,584.99,560.53,9323.34331505021,,,,,,
2014-06-26 00:00:00,566.75,581.98,584.0,562.9,6271.32252637004,,,,,,
2014-06-27 00:00:00,581.99,604.0,604.9,575.03,7343.1009224101,,,,,,
2014-06-28 00:00:00,604.0,596.1,607.21,593.89,5725.69485897004,,,,,,
2014-06-29 00:00:00,596.1,601.95,607.0,593.37,3131.47102969,,,,,,
2014-06-30 00:00:00,601.95,640.79,647.99,598.4,21938.3061423599,,,,,,
2014-07-01 00:00:00,642.26,641.34,665.0,636.1,19408.4925104301,,,,,,
2014-07-02 00:00:00,641.35,654.61,662.0,640.14,8406.52069220018,,,,,,
2014-07-03 00:00:00,653.5,644.0,654.0,636.24,5822.22707154007,,,,,,
2014-07-04 00:00:00,644.0,632.11,648.66,629.3,6661.57816655012,,,,,,
2014-07-05 00:00:00,632.58,631.88,638.4,627.7,3071.41658592,,,,,,
2014-07-06 00:00:00,631.59,637.38,644.69,630.38,3423.99742797001,,,,,,
2014-07-07 00:00:00,637.76,621.45,639.76,616.73,5581.7237276001,,,,,,
2014-07-08 00:00:00,620.31,625.36,629.85,617.51,2633.52329031002,,,,,,
2014-07-09 00:00:00,625.11,624.47,632.99,620.13,3451.83303804001,,,,,,
2014-07-10 00:00:00,623.24,615.84,626.55,608.43,5265.72445403005,,,,,,
2014-07-11 00:00:00,615.84,636.0,636.4,615.84,4243.50707538004,,,,,,
2014-07-12 00:00:00,636.2,636.31,642.79,630.0,3924.63833047006,,,,,,
2014-07-13 00:00:00,636.7,629.49,638.21,626.36,2662.90113184001,,,,,,
2014-07-14 00:00:00,629.6,619.17,630.25,616.8,4206.72740352002,,,,,,
2014-07-15 00:00:00,619.15,620.8,627.99,618.57,3856.46998088007,,,,,,
2014-07-16 00:00:00,620.11,616.48,622.5,611.21,3489.28163185002,,,,,,
2014-07-17 00:00:00,616.48,622.51,627.5,613.0,2888.60303294001,,,,,,
2014-07-18 00:00:00,622.52,630.8,633.6,616.96,5082.30546825007,,,,,,
2014-07-19 00:00:00,630.8,629.3,632.1,625.6,1205.73020778,,,,,,
2014-07-20 00:00:00,626.77,624.0,628.23,620.36,1267.46511076,,,,,,
2014-07-21 00:00:00,624.0,620.01,624.95,616.8,2269.26070109001,,,,,,
2014-07-22 00:00:00,620.0,618.54,623.17,617.5,1715.1683654,,,,,,
2014-07-23 00:00:00,618.56,619.0,620.9,616.21,1218.97662575999,,,,,,
2014-07-24 00:00:00,619.0,603.98,619.99,591.4,9491.08704791026,,,,,,
2014-07-25 00:00:00,602.43,600.47,608.0,592.5,3966.59695368006,,,,,,
2014-07-26 00:00:00,600.6,593.82,600.6,589.0,4782.68158656007,,,,,,
2014-07-27 00:00:00,593.9,591.55,599.78,590.1,3012.16007595,,,,,,
2014-07-28 00:00:00,591.5,583.5,592.0,572.0,11443.6555249501,,,,,,
2014-07-29 00:00:00,584.86,583.0,590.0,577.11,4189.37036956001,,,,,,
2014-07-30 00:00:00,583.04,565.99,583.98,561.55,7353.0731436001,,,,,,
2014-07-31 00:00:00,566.0,580.0,590.0,561.47,12006.0063855303,,,,,,
2014-08-01 00:00:00,579.49,594.6,605.72,579.1,9475.72574980019,,,,,,
2014-08-02 00:00:00,594.6,587.6,596.6,585.0,2552.22852736001,,,,,,
2014-08-03 00:00:00,587.61,585.71,589.0,578.13,2765.63063591,,,,,,
2014-08-04 00:00:00,587.0,586.6,595.0,581.22,2981.33807424,,,,,,
2014-08-05 00:00:00,587.21,582.94,588.77,579.0,3861.80868206013,,,,,,
2014-08-06 00:00:00,582.94,581.36,586.3,574.01,4059.22123229006,,,,,,
2014-08-07 00:00:00,582.87,586.8,592.7,576.5,5960.40511559008,,,,,,
2014-08-08 00:00:00,586.82,590.6,598.88,586.81,3293.17389831001,,,,,,
2014-08-09 00:00:00,590.61,589.98,591.0,584.19,1530.34759014999,,,,,,
2014-08-10 00:00:00,588.61,588.61,594.49,583.31,1871.48402658,,,,,,
2014-08-11 00:00:00,587.97,572.51,588.7,567.02,7910.16581644016,,,,,,
2014-08-12 00:00:00,573.32,569.54,578.8,562.51,7128.99393837015,,,,,,
2014-08-13 00:00:00,569.52,547.3,571.4,525.0,18291.7762665404,,,,,,
2014-08-14 00:00:00,546.25,510.98,546.5,451.0,41053.716926959,,,,,,
2014-08-15 00:00:00,509.99,496.39,519.5,478.0,21465.2237660801,,,,,,
2014-08-16 00:00:00,496.39,519.01,523.11,484.5,16083.1661205308,,,,,,
2014-08-17 00:00:00,519.54,497.4,522.43,484.82,14636.9785740906,,,,,,
2014-08-18 00:00:00,497.57,467.04,512.3,443.0,40767.3058225609,,,,,,
2014-08-19 00:00:00,467.95,487.0,492.61,462.9,24978.6355969599,,,,,,
2014-08-20 00:00:00,487.24,511.0,521.89,464.0,30184.6166620201,,,,,,
2014-08-21 00:00:00,510.61,517.47,534.89,510.6,18019.5515252703,,,,,,
2014-08-22 00:00:00,518.24,514.13,525.0,503.7,11590.7031541701,,,,,,
2014-08-23 00:00:00,514.42,499.5,515.58,491.52,10062.0299225703,,,,,,
2014-08-24 00:00:00,498.85,510.82,517.7,495.71,5627.40932154008,,,,,,
2014-08-25 00:00:00,511.41,501.76,511.41,497.55,7322.07082176021,,,,,,
2014-08-26 00:00:00,501.49,513.34,517.47,497.75,11257.1654103401,,,,,,
2014-08-27 00:00:00,512.3,508.35,522.8,508.1,7706.77971858018,,,,,,
2014-08-28 00:00:00,508.3,505.87,514.77,503.86,5016.91555245004,,,,,,
2014-08-29 00:00:00,505.87,508.52,513.99,498.8,5130.93451282003,,,,,,
2014-08-30 00:00:00,508.34,499.15,508.37,495.5,4190.93654447006,,,,,,
2014-08-31 00:00:00,499.08,477.81,500.27,471.65,15267.8392380199,,,,,,
2014-09-01 00:00:00,477.84,472.6,484.9,471.01,8211.92371453015,,,,,,
2014-09-02 00:00:00,472.97,475.45,484.0,468.82,10046.21489658,,,,,,
2014-09-03 00:00:00,475.46,474.14,479.9,472.99,3382.19892702019,,,,,,
2014-09-04 00:00:00,474.14,489.68,497.24,473.1,10077.5332425502,,,,,,
2014-09-05 00:00:00,489.69,481.9,491.42,478.1,5171.02130471013,,,,,,
2014-09-06 00:00:00,480.62,482.61,486.9,480.1,1895.75978614001,,,,,,
2014-09-07 00:00:00,483.08,479.88,487.1,479.88,2079.19939255001,,,,,,
2014-09-08 00:00:00,479.88,471.1,480.9,464.22,15855.8722467698,,,,,,
2014-09-09 00:00:00,471.16,473.06,479.7,463.0,9376.83253670996,,,,,,
2014-09-10 00:00:00,473.09,478.12,489.99,472.0,8880.86761475983,,,,,,
2014-09-11 00:00:00,478.1,477.38,480.6,472.2,5113.28339768995,,,,,,
2014-09-12 00:00:00,477.04,474.37,477.98,467.0,3458.58872914003,,,,,,
2014-09-13 00:00:00,474.34,478.69,483.93,472.86,7980.79103498984,,,,,,
2014-09-14 00:00:00,478.69,476.5,481.56,475.33,3122.52620508001,,,,,,
2014-09-15 00:00:00,477.12,474.77,480.3,474.77,5564.19743466007,,,,,,
2014-09-16 00:00:00,474.77,466.5,475.5,462.11,5830.41579281007,,,,,,
2014-09-17 00:00:00,466.65,458.3,467.75,451.6,10015.7992310401,,,,,,
2014-09-18 00:00:00,457.8,424.99,458.3,408.8,40114.6798746682,,,,,,
2014-09-19 00:00:00,425.0,393.3,431.92,381.5,33491.4755869115,,,,,,
2014-09-20 00:00:00,392.99,408.4,426.3,385.5,30699.1039406302,,,,,,
2014-09-21 00:00:00,408.4,399.21,414.14,392.23,19190.6694715506,,,,,,
2014-09-22 00:00:00,400.03,404.99,411.2,397.67,9473.6278750802,,,,,,
2014-09-23 00:00:00,404.23,438.65,447.11,392.15,38518.7051295384,,,,,,
2014-09-24 00:00:00,438.01,424.51,440.28,422.0,14395.1590610709,,,,,,
2014-09-25 00:00:00,424.51,409.86,426.97,402.33,15002.506678831,,,,,,
2014-09-26 00:00:00,409.67,404.01,415.0,396.2,10998.8015768507,,,,,,
2014-09-27 00:00:00,404.03,399.8,409.04,393.2,6922.7532882502,,,,,,
2014-09-28 00:00:00,399.8,376.7,402.9,365.0,19564.4302887497,,,,,,
2014-09-29 00:00:00,375.93,373.64,386.56,368.0,21469.5393434699,,,,,,
2014-09-30 00:00:00,373.64,387.0,398.7,370.0,16885.4310388904,,,,,,
2014-10-01 00:00:00,386.93,383.63,391.18,377.0,10108.8157819303,,,,,,
2014-10-02 00:00:00,382.72,371.39,385.52,367.8,11897.9254867903,,,,,,
2014-10-03 00:00:00,371.39,359.74,376.86,355.0,21055.6404641392,,,,,,
2014-10-04 00:00:00,358.93,328.25,367.05,321.5,38757.3106371684,,,,,,
2014-10-05 00:00:00,327.36,319.9,346.69,275.0,84131.205241659,,,,,,
2014-10-06 00:00:00,319.9,327.56,346.89,301.0,56244.0139219867,,,,,,
2014-10-07 00:00:00,327.59,335.97,340.0,317.0,28419.2906335381,,,,,,
2014-10-08 00:00:00,335.97,352.9,354.87,323.85,33148.5438416678,,,,,,
2014-10-09 00:00:00,353.0,364.0,387.13,347.14,58819.7826206512,,,,,,
2014-10-10 00:00:00,363.98,359.1,379.74,351.15,31262.0904345796,,,,,,
2014-10-11 00:00:00,359.1,360.66,368.5,351.0,16673.9009837702,,,,,,
2014-10-12 00:00:00,361.01,378.05,382.46,351.86,20912.2328696997,,,,,,
2014-10-13 00:00:00,378.05,391.2,399.89,368.24,42724.2213511101,,,,,,
2014-10-14 00:00:00,391.5,399.0,414.42,391.5,47243.100565079,,,,,,
2014-10-15 00:00:00,399.0,394.2,402.68,384.7,29541.5188698694,,,,,,
2014-10-16 00:00:00,394.2,381.6,400.0,370.21,30085.072724019,,,,,,
2014-10-17 00:00:00,381.55,382.48,386.8,372.0,13829.0414432302,,,,,,
2014-10-18 00:00:00,381.24,390.9,396.0,376.4,12031.4138082602,,,,,,
2014-10-19 00:00:00,390.92,388.02,394.5,383.5,5349.68544154007,,,,,,
2014-10-20 00:00:00,388.08,380.55,388.25,370.2,19178.1653994702,,,,,,
2014-10-21 00:00:00,380.86,384.0,394.0,376.66,16265.5604013904,,,,,,
2014-10-22 00:00:00,384.01,378.8,386.7,377.25,10618.5333266001,,,,,,
2014-10-23 00:00:00,378.79,357.87,383.6,355.0,34871.1205017897,,,,,,
2014-10-24 00:00:00,357.87,356.58,363.1,351.5,16557.4298017503,,,,,,
2014-10-25 00:00:00,356.58,344.62,358.88,337.65,28960.2522612298,,,,,,
2014-10-26 00:00:00,344.65,353.01,359.9,340.2,16080.9028202804,,,,,,
2014-10-27 00:00:00,353.07,349.01,359.47,346.44,15239.1643552605,,,,,,
2014-10-28 00:00:00,349.51,352.7,355.44,347.44,5062.40764434009,,,,,,
2014-10-29 00:00:00,352.71,333.58,353.78,332.0,26472.2248620501,,,,,,
2014-10-30 00:00:00,333.5,345.08,351.0,331.0,56553.9504852288,,,,,,
2014-10-31 00:00:00,345.08,336.82,347.99,332.14,19727.1115572803,,,,,,
2014-11-01 00:00:00,336.72,325.9,339.0,315.54,24974.9940926801,,,,,,
2014-11-02 00:00:00,325.9,323.82,329.55,317.7,10099.4611317304,,,,,,
2014-11-03 00:00:00,323.8,325.0,334.14,323.8,15218.5105495102,,,,,,
2014-11-04 00:00:00,324.83,329.66,331.28,321.0,18823.3697749304,,,,,,
2014-11-05 00:00:00,329.75,338.62,342.54,329.75,26963.2496424206,,,,,,
2014-11-06 00:00:00,338.62,350.48,354.32,336.32,24873.4457978103,,,,,,
2014-11-07 00:00:00,350.49,341.84,354.0,338.1,18854.3938879799,,,,,,
2014-11-08 00:00:00,342.04,345.0,348.3,341.0,7334.5318693201,,,,,,
2014-11-09 00:00:00,345.01,362.61,364.12,343.41,37906.6380311,,,,,,
2014-11-10 00:00:00,362.6,366.07,374.26,356.33,33065.3365692403,,,,,,
2014-11-11 00:00:00,366.17,367.65,371.45,360.74,9279.61672218,,,,,,
2014-11-12 00:00:00,367.66,433.56,436.0,367.59,103874.428563195,,,,,,
2014-11-13 00:00:00,432.0,417.65,475.0,381.56,144950.779915955,,,,,,
2014-11-14 00:00:00,417.65,399.99,425.67,382.22,59088.799446089,,,,,,
2014-11-15 00:00:00,400.0,375.34,410.1,368.0,43985.641433819,,,,,,
2014-11-16 00:00:00,375.37,391.65,399.9,372.5,24666.2562562205,,,,,,
2014-11-17 00:00:00,391.8,387.5,413.48,373.0,47132.7426813073,,,,,,
2014-11-18 00:00:00,387.5,372.85,393.0,366.46,37172.7523879998,,,,,,
2014-11-19 00:00:00,372.89,375.26,386.0,368.55,17154.9649661805,,,,,,
2014-11-20 00:00:00,376.73,356.77,379.5,352.01,21885.5100714095,,,,,,
2014-11-21 00:00:00,356.59,350.46,357.39,340.0,36251.4746618184,,,,,,
2014-11-22 00:00:00,350.11,352.81,365.3,349.1,15563.5713302104,,,,,,
2014-11-23 00:00:00,352.44,368.25,372.28,351.5,14133.6076872202,,,,,,
2014-11-24 00:00:00,368.0,376.05,391.92,363.62,42068.5101831393,,,,,,
2014-11-25 00:00:00,376.06,377.02,396.87,375.08,27192.8927794403,,,,,,
2014-11-26 00:00:00,377.0,369.99,379.26,365.22,21003.0826088805,,,,,,
2014-11-27 00:00:00,370.0,370.0,375.0,368.15,7049.53362177015,,,,,,
2014-11-28 00:00:00,369.99,377.43,387.5,355.51,30530.3131673184,,,,,,
2014-11-29 00:00:00,377.79,376.28,390.0,371.0,20412.5057091203,,,,,,
2014-11-30 00:00:00,376.07,379.89,385.59,373.7,14311.3745466185,,,,,,
2014-12-01 00:00:00,379.67,382.0,386.5,377.3,11947.4151653107,,,,,,
2014-12-02 00:00:00,382.0,384.5,387.99,379.08,11192.7890283902,,,,,,
2014-12-03 00:00:00,384.67,376.0,386.3,372.64,14324.2107210803,,,,,,
2014-12-04 00:00:00,376.24,370.99,380.33,367.8,13242.2811980502,,,,,,
2014-12-05 00:00:00,370.74,378.18,382.51,366.1,17780.4928820201,,,,,,
2014-12-06 00:00:00,378.3,376.69,381.19,370.11,9095.07782377017,,,,,,
2014-12-07 00:00:00,376.59,376.02,379.8,373.01,4911.27297998001,,,,,,
2014-12-08 00:00:00,376.29,362.11,378.34,362.11,18445.05607702,,,,,,
2014-12-09 00:00:00,362.1,351.99,363.91,343.0,35819.342129039,,,,,,
2014-12-10 00:00:00,352.0,345.08,352.5,345.0,12333.0905763002,,,,,,
2014-12-11 00:00:00,345.12,348.53,362.99,335.7,34756.887394509,,,,,,
2014-12-12 00:00:00,348.06,352.29,354.9,346.11,11747.1110543301,,,,,,
2014-12-13 00:00:00,352.49,346.56,352.49,344.11,10150.7907966801,,,,,,
2014-12-14 00:00:00,346.56,353.65,358.0,345.04,9209.64827544023,,,,,,
2014-12-15 00:00:00,353.7,346.01,354.6,345.45,11205.5402306302,,,,,,
2014-12-16 00:00:00,346.34,325.1,346.93,325.1,31193.9488857295,,,,,,
2014-12-17 00:00:00,325.13,318.86,335.0,314.21,37507.4926257092,,,,,,
2014-12-18 00:00:00,319.5,311.77,325.0,302.32,48437.463248569,,,,,,
2014-12-19 00:00:00,311.76,318.47,319.97,305.6,23129.5081041591,,,,,,
2014-12-20 00:00:00,318.47,329.66,330.0,315.3,20230.0022758097,,,,,,
2014-12-21 00:00:00,329.69,320.79,329.73,316.85,15844.3314853804,,,,,,
2014-12-22 00:00:00,321.19,332.63,336.85,319.64,20417.8630256601,,,,,,
2014-12-23 00:00:00,332.41,335.7,337.79,330.0,11857.4152485503,,,,,,
2014-12-24 00:00:00,335.69,322.61,335.93,320.0,13880.7248549903,,,,,,
2014-12-25 00:00:00,322.62,318.5,323.4,315.5,7461.24419785011,,,,,,
2014-12-26 00:00:00,318.49,327.2,332.4,316.17,14115.5040817501,,,,,,
2014-12-27 00:00:00,327.79,315.89,330.6,310.0,17451.1003464901,,,,,,
2014-12-28 00:00:00,315.9,316.94,319.79,310.08,9755.01879016009,,,,,,
2014-12-29 00:00:00,316.96,312.64,320.5,312.51,8180.84794242008,,,,,,
2014-12-30 00:00:00,312.86,310.8,315.93,307.1,10131.5798437013,,,,,,
2014-12-31 00:00:00,310.81,322.3,322.79,309.39,11799.3426940602,,,,,,
2015-01-01 00:00:00,322.31,314.96,322.9,313.81,5178.76754651005,,,,,,
2015-01-02 00:00:00,314.54,315.81,316.74,313.28,3834.54400829001,,,,,,
2015-01-03 00:00:00,315.8,279.3,315.99,277.5,47448.8960986598,,,,,,
2015-01-04 00:00:00,279.3,264.19,288.74,255.03,81205.7268981885,,,,,,
2015-01-05 00:00:00,264.04,274.84,280.44,263.75,50869.7346780001,,,,,,
2015-01-06 00:00:00,274.85,288.43,291.94,272.1,36115.5902890491,,,,,,
2015-01-07 00:00:00,288.36,297.99,303.33,284.0,31046.8941690694,,,,,,
2015-01-08 00:00:00,297.89,283.21,298.47,282.01,32664.9816562785,,,,,,
2015-01-09 00:00:00,283.99,290.51,297.32,280.4,28829.1587535488,,,,,,
2015-01-10 00:00:00,290.58,276.03,292.1,275.0,25031.954628549,,,,,,
2015-01-11 00:00:00,276.01,267.27,282.86,265.83,22815.0246221497,,,,,,
2015-01-12 00:00:00,267.54,268.75,274.44,266.24,21418.4799584299,,,,,,
2015-01-13 00:00:00,268.6,228.07,269.66,219.0,150459.101948331,,,,,,
2015-01-14 00:00:00,228.49,182.0,228.49,166.45,269565.29979512,,,,,,
2015-01-15 00:00:00,181.0,209.81,230.74,179.05,184371.653532241,,,,,,
2015-01-16 00:00:00,209.81,208.5,223.1,197.72,80331.4651895499,,,,,,
2015-01-17 00:00:00,208.52,201.24,214.0,192.2,48913.3651221997,,,,,,
2015-01-18 00:00:00,200.31,211.03,222.0,194.0,65568.7295600493,,,,,,
2015-01-19 00:00:00,210.98,216.2,219.95,207.0,32438.3054940091,,,,,,
2015-01-20 00:00:00,216.14,212.11,219.25,203.7,52169.9644995189,,,,,,
2015-01-21 00:00:00,212.1,228.08,230.0,211.0,57794.8859802905,,,,,,
2015-01-22 00:00:00,228.05,234.7,242.0,225.29,57343.0143833387,,,,,,
2015-01-23 00:00:00,234.7,233.12,236.98,225.13,40153.1022179382,,,,,,
2015-01-24 00:00:00,233.37,248.66,249.77,229.03,40097.0425939491,,,,,,
2015-01-25 00:00:00,248.94,254.73,259.39,245.0,54049.0814030406,,,,,,
2015-01-26 00:00:00,254.72,276.01,315.0,254.65,205992.02467918,,,,,,
2015-01-27 00:00:00,276.01,265.09,280.37,250.0,81712.8671480211,,,,,,
2015-01-28 00:00:00,265.55,234.5,269.97,226.35,87045.9806321596,,,,,,
2015-01-29 00:00:00,234.49,233.01,239.33,220.0,60109.9209116797,,,,,,
2015-01-30 00:00:00,233.7,226.45,243.89,224.22,51257.8917059492,,,,,,
2015-01-31 00:00:00,226.47,215.8,234.03,213.1,48929.5109102697,,,,,,
2015-02-01 00:00:00,215.91,226.92,233.32,211.02,55663.9559838178,,,,,,
2015-02-02 00:00:00,226.86,238.99,247.5,222.5,52340.3435040792,,,,,,
2015-02-03 00:00:00,238.86,227.96,248.42,222.66,81380.30367241,,,,,,
2015-02-04 00:00:00,227.81,227.8,233.0,220.23,44328.2788320195,,,,,,
2015-02-05 00:00:00,227.79,216.47,228.8,210.12,37869.9592445199,,,,,,
2015-02-06 00:00:00,216.43,222.65,225.88,215.0,35652.2792293295,,,,,,
2015-02-07 00:00:00,222.66,228.8,239.78,222.66,35471.8367737293,,,,,,
2015-02-08 00:00:00,228.8,223.85,232.9,221.1,26127.2635473194,,,,,,
2015-02-09 00:00:00,224.13,220.48,225.98,215.33,48175.3483569205,,,,,,
2015-02-10 00:00:00,220.48,220.87,223.88,214.0,29287.5848441486,,,,,,
2015-02-11 00:00:00,220.75,219.8,224.4,218.1,19279.6453423901,,,,,,
2015-02-12 00:00:00,219.8,222.39,223.2,217.8,19995.20975134,,,,,,
2015-02-13 00:00:00,222.56,236.13,242.5,221.46,68319.4956594413,,,,,,
2015-02-14 00:00:00,235.8,257.0,261.3,235.51,80559.7301741708,,,,,,
2015-02-15 00:00:00,257.01,235.88,268.54,228.2,103145.29817953,,,,,,
2015-02-16 00:00:00,235.34,233.5,243.65,228.62,47236.5223356506,,,,,,
2015-02-17 00:00:00,233.5,244.0,246.28,231.5,40898.7859438494,,,,,,
2015-02-18 00:00:00,243.82,236.26,244.99,231.01,39347.8594267705,,,,,,
2015-02-19 00:00:00,236.27,240.0,243.42,234.97,23847.9373358799,,,,,,
2015-02-20 00:00:00,240.2,244.5,248.98,238.95,31341.1272100386,,,,,,
2015-02-21 00:00:00,244.51,245.54,247.73,243.28,16187.3669003304,,,,,,
2015-02-22 00:00:00,245.53,236.5,247.78,232.1,33576.5010610795,,,,,,
2015-02-23 00:00:00,236.5,239.4,241.0,232.61,23852.27131741,,,,,,
2015-02-24 00:00:00,239.33,239.73,240.99,236.7,16615.8145605901,,,,,,
2015-02-25 00:00:00,239.95,237.99,240.83,235.53,13529.6277304699,,,,,,
2015-02-26 00:00:00,237.98,236.93,238.33,233.62,18687.24686581,,,,,,
2015-02-27 00:00:00,236.93,255.05,262.8,236.64,69855.1332943701,,,,,,
2015-02-28 00:00:00,255.06,255.7,257.4,251.25,17286.1455739502,,,,,,
2015-03-01 00:00:00,255.7,262.4,266.91,245.65,47597.4246681907,,,,,,
2015-03-02 00:00:00,262.47,277.41,279.61,258.98,67168.4404978799,,,,,,
2015-03-03 00:00:00,277.3,283.75,294.0,267.04,81226.3982968602,,,,,,
2015-03-04 00:00:00,283.8,273.33,285.99,267.0,71521.5877659295,,,,,,
2015-03-05 00:00:00,272.92,277.69,284.99,262.0,66108.8846339121,,,,,,
2015-03-06 00:00:00,277.69,273.36,279.75,268.8,40276.5719698504,,,,,,
2015-03-07 00:00:00,273.27,276.97,280.76,270.55,22856.9456036598,,,,,,
2015-03-08 00:00:00,276.98,275.59,278.68,271.61,13853.7948902601,,,,,,
2015-03-09 00:00:00,275.58,291.0,295.0,275.01,62908.3776801215,,,,,,
2015-03-10 00:00:00,291.04,292.62,303.96,289.03,67389.7821945,,,,,,
2015-03-11 00:00:00,292.64,296.6,298.75,291.0,25811.4717903896,,,,,,
2015-03-12 00:00:00,296.52,295.55,298.8,291.04,27275.1175593795,,,,,,
2015-03-13 00:00:00,295.52,283.18,295.91,282.13,46670.67482155,,,,,,
2015-03-14 00:00:00,283.18,282.6,287.6,281.36,23011.1974608999,,,,,,
2015-03-15 00:00:00,282.54,286.9,287.8,281.59,13427.5679489903,,,,,,
2015-03-16 00:00:00,286.71,291.22,295.2,286.45,22313.4246186589,,,,,,
2015-03-17 00:00:00,291.24,285.25,292.9,281.56,22235.3698545202,,,,,,
2015-03-18 00:00:00,285.11,257.21,285.25,248.0,89923.4157282993,,,,,,
2015-03-19 00:00:00,257.2,261.98,269.5,246.98,78451.5371757199,,,,,,
2015-03-20 00:00:00,261.7,262.19,267.0,259.36,16197.4779676901,,,,,,
2015-03-21 00:00:00,262.18,260.47,263.01,255.1,15082.6492190002,,,,,,
2015-03-22 00:00:00,260.6,268.82,270.8,259.74,18263.49075523,,,,,,
2015-03-23 00:00:00,268.6,267.23,271.5,262.0,23532.3849302196,,,,,,
2015-03-24 00:00:00,267.31,246.0,268.4,241.39,64117.8698714714,,,,,,
2015-03-25 00:00:00,246.0,246.29,250.95,235.7,53254.5317815111,,,,,,
2015-03-26 00:00:00,246.29,249.33,255.0,244.5,33260.9684126091,,,,,,
2015-03-27 00:00:00,249.21,246.5,250.45,245.23,22731.1119357996,,,,,,
2015-03-28 00:00:00,246.5,252.95,255.96,246.49,17724.6877323702,,,,,,
2015-03-29 00:00:00,252.9,242.74,253.01,238.89,31825.7683492687,,,,,,
2015-03-30 00:00:00,242.9,247.93,250.98,236.24,30725.3599198391,,,,,,
2015-03-31 00:00:00,247.93,244.51,248.8,242.0,22340.6019467,,,,,,
2015-04-01 00:00:00,244.56,246.93,248.71,239.21,23555.2695753395,,,,,,
2015-04-02 00:00:00,247.07,253.23,254.94,243.0,26215.5431042299,,,,,,
2015-04-03 00:00:00,253.33,254.24,256.49,250.31,28294.9928170996,,,,,,
2015-04-04 00:00:00,254.24,253.6,255.7,250.32,9458.99655888008,,,,,,
2015-04-05 00:00:00,253.7,260.5,261.25,251.55,23998.8744946,,,,,,
2015-04-06 00:00:00,260.75,255.73,262.45,253.4,20821.28788205,,,,,,
2015-04-07 00:00:00,255.62,253.7,257.9,253.01,10602.2521198901,,,,,,
2015-04-08 00:00:00,253.7,244.92,254.99,242.72,39627.09142625,,,,,,
2015-04-09 00:00:00,244.94,243.58,246.79,236.5,22642.2355530897,,,,,,
2015-04-10 00:00:00,243.56,236.12,243.74,230.75,37332.55695617,,,,,,
2015-04-11 00:00:00,236.12,236.86,240.58,233.72,17745.9435583901,,,,,,
2015-04-12 00:00:00,236.83,236.38,238.7,232.38,10100.9528618,,,,,,
2015-04-13 00:00:00,236.21,224.9,237.7,220.14,47137.0940119802,,,,,,
2015-04-14 00:00:00,224.9,220.16,225.75,216.37,40768.8300318196,,,,,,
2015-04-15 00:00:00,220.1,223.98,224.75,219.01,24034.52460674,,,,,,
2015-04-16 00:00:00,223.8,228.14,230.0,223.01,28949.2275375698,,,,,,
2015-04-17 00:00:00,228.23,222.4,228.98,219.58,27060.8607460999,,,,,,
2015-04-18 00:00:00,222.39,223.08,224.16,219.94,11898.00868101,,,,,,
2015-04-19 00:00:00,223.23,222.16,227.0,222.1,17571.7854684501,,,,,,
2015-04-20 00:00:00,222.28,224.21,227.0,221.24,19932.0480658499,,,,,,
2015-04-21 00:00:00,224.21,236.96,236.99,224.16,31768.4230911101,,,,,,
2015-04-22 00:00:00,236.18,234.14,238.99,232.0,22065.5891518798,,,,,,
2015-04-23 00:00:00,234.35,236.01,237.22,233.0,8848.92120824005,,,,,,
2015-04-24 00:00:00,235.82,231.38,236.51,228.7,22481.3834287597,,,,,,
2015-04-25 00:00:00,231.21,226.01,232.7,225.35,13390.7287583501,,,,,,
2015-04-26 00:00:00,226.1,219.7,226.84,213.92,40909.6564983194,,,,,,
2015-04-27 00:00:00,219.73,226.91,232.49,218.24,35237.9953226398,,,,,,
2015-04-28 00:00:00,227.44,225.3,228.05,222.16,17189.6973286701,,,,,,
2015-04-29 00:00:00,225.3,225.23,227.8,222.66,12204.2370919,,,,,,
2015-04-30 00:00:00,225.56,236.11,240.89,224.63,41361.8577556401,,,,,,
2015-05-01 00:00:00,236.18,231.78,239.25,231.26,17016.63985893,,,,,,
2015-05-02 00:00:00,231.75,234.81,235.79,231.75,8932.20058186999,,,,,,
2015-05-03 00:00:00,234.76,240.57,243.73,233.75,19159.4783793801,,,,,,
2015-05-04 00:00:00,240.69,238.54,243.6,236.98,24658.09328531,,,,,,
2015-05-05 00:00:00,238.68,235.87,239.49,231.05,26115.9077076287,,,,,,
2015-05-06 00:00:00,235.85,229.27,236.75,226.42,47524.9971656896,,,,,,
2015-05-07 00:00:00,229.04,237.3,239.79,227.81,27216.1271177794,,,,,,
2015-05-08 00:00:00,237.3,244.5,249.22,236.2,31065.299660569,,,,,,
2015-05-09 00:00:00,244.52,242.54,249.21,240.1,19372.3110458499,,,,,,
2015-05-10 00:00:00,242.53,240.73,245.95,238.79,11933.40665351,,,,,,
2015-05-11 00:00:00,240.8,242.46,245.49,238.5,15989.0772490301,,,,,,
2015-05-12 00:00:00,242.44,241.92,244.67,240.86,13639.32470388,,,,,,
2015-05-13 00:00:00,242.01,235.7,245.0,234.22,27912.3056392299,,,,,,
2015-05-14 00:00:00,235.72,236.7,238.39,232.1,19130.36373168,,,,,,
2015-05-15 00:00:00,236.7,237.3,239.0,233.88,9526.75229743002,,,,,,
2015-05-16 00:00:00,237.24,235.7,237.58,234.0,6100.36287139002,,,,,,
2015-05-17 00:00:00,235.85,236.15,238.24,235.6,4806.56015574001,,,,,,
2015-05-18 00:00:00,236.25,232.82,237.25,229.0,14181.5302039301,,,,,,
2015-05-19 00:00:00,232.83,231.7,233.99,231.19,5868.66140137003,,,,,,
2015-05-20 00:00:00,231.56,234.24,235.24,231.56,11419.18036701,,,,,,
2015-05-21 00:00:00,234.26,235.27,236.5,233.9,10508.6308148,,,,,,
2015-05-22 00:00:00,235.25,240.97,241.83,234.59,22839.33369777,,,,,,
2015-05-23 00:00:00,240.97,238.81,241.2,237.54,8514.03827738,,,,,,
2015-05-24 00:00:00,238.86,240.96,242.98,238.52,7277.27708444001,,,,,,
2015-05-25 00:00:00,240.92,237.1,241.12,236.1,8684.72025188011,,,,,,
2015-05-26 00:00:00,237.1,237.36,238.5,235.26,8818.48722363007,,,,,,
2015-05-27 00:00:00,237.37,236.48,239.3,235.0,9190.04045076002,,,,,,
2015-05-28 00:00:00,236.75,236.86,237.5,235.85,5791.21870790006,,,,,,
2015-05-29 00:00:00,236.83,236.52,237.16,235.02,6839.52884370013,,,,,,
2015-05-30 00:00:00,236.72,232.54,236.73,228.2,14770.9904026001,,,,,,
2015-05-31 00:00:00,232.35,228.7,232.69,227.0,11657.2744918001,,,,,,
2015-06-01 00:00:00,228.38,222.0,230.89,219.71,31722.4036283301,,,,,,
2015-06-02 00:00:00,222.01,224.68,226.0,220.97,16451.17196392,,,,,,
2015-06-03 00:00:00,224.7,225.14,227.0,222.26,17205.46368926,,,,,,
2015-06-04 00:00:00,225.14,223.24,225.77,222.64,11211.3224354001,,,,,,
2015-06-05 00:00:00,223.24,224.51,229.23,222.65,17603.3349192301,,,,,,
2015-06-06 00:00:00,224.7,225.66,228.0,223.9,6830.97598346001,,,,,,
2015-06-07 00:00:00,225.69,223.26,227.0,222.29,17255.8954814799,,,,,,
2015-06-08 00:00:00,223.29,228.76,230.63,223.25,28828.66238248,,,,,,
2015-06-09 00:00:00,228.79,229.06,232.07,227.79,16389.2326895102,,,,,,
2015-06-10 00:00:00,229.06,228.6,229.97,227.48,10773.5126227601,,,,,,
2015-06-11 00:00:00,228.61,230.0,230.7,228.6,9540.22374616021,,,,,,
2015-06-12 00:00:00,229.99,229.55,231.34,229.11,9752.03407847004,,,,,,
2015-06-13 00:00:00,229.51,232.87,234.3,228.4,11058.62709509,,,,,,
2015-06-14 00:00:00,232.86,233.54,235.44,232.51,8262.11109659006,,,,,,
2015-06-15 00:00:00,233.5,236.98,238.16,233.35,19153.6613626099,,,,,,
2015-06-16 00:00:00,236.97,252.17,254.0,236.0,50864.7583238214,,,,,,
2015-06-17 00:00:00,252.19,248.95,259.1,246.0,47507.5683200496,,,,,,
2015-06-18 00:00:00,248.96,249.51,253.7,243.0,27557.794017729,,,,,,
2015-06-19 00:00:00,249.38,244.56,252.13,243.5,23929.3557002399,,,,,,
2015-06-20 00:00:00,244.56,245.38,245.9,240.0,23906.5002143402,,,,,,
2015-06-21 00:00:00,245.38,244.25,245.69,241.09,8170.86177002009,,,,,,
2015-06-22 00:00:00,244.25,246.67,247.99,243.5,18508.5265582002,,,,,,
2015-06-23 00:00:00,246.69,244.25,247.35,242.0,11550.6436554402,,,,,,
2015-06-24 00:00:00,244.19,239.8,244.19,239.0,15567.4440662801,,,,,,
2015-06-25 00:00:00,239.75,242.05,243.0,239.5,8703.17619250004,,,,,,
2015-06-26 00:00:00,242.15,243.29,243.9,240.61,10163.3707055,,,,,,
2015-06-27 00:00:00,243.29,251.61,251.77,242.6,18134.8064699899,,,,,,
2015-06-28 00:00:00,251.6,248.71,252.06,247.25,12904.1308523801,,,,,,
2015-06-29 00:00:00,248.71,256.69,257.74,248.57,34766.0316297397,,,,,,
2015-06-30 00:00:00,256.7,263.07,269.0,253.05,47278.28915102,,,,,,
2015-07-01 00:00:00,262.9,258.1,264.81,252.77,21543.0013196194,,,,,,
2015-07-02 00:00:00,258.08,254.52,262.61,253.0,17333.69829282,,,,,,
2015-07-03 00:00:00,254.52,256.09,256.9,252.11,11646.4559955401,,,,,,
2015-07-04 00:00:00,256.12,260.58,262.64,253.57,9650.00914711006,,,,,,
2015-07-05 00:00:00,260.57,271.96,275.88,258.0,47847.8565046003,,,,,,
2015-07-06 00:00:00,271.82,269.23,278.69,267.33,56663.3721803999,,,,,,
2015-07-07 00:00:00,269.24,265.72,271.5,262.61,22261.54092507,,,,,,
2015-07-08 00:00:00,265.78,270.52,274.11,263.0,35178.2476229102,,,,,,
2015-07-09 00:00:00,270.49,269.23,274.0,266.22,24012.137251439,,,,,,
2015-07-10 00:00:00,269.22,285.36,296.1,268.58,89653.5230540641,,,,,,
2015-07-11 00:00:00,285.35,293.18,301.49,283.46,39246.4043114295,,,,,,
2015-07-12 00:00:00,293.19,311.15,316.23,291.81,60434.9840182201,,,,,,
2015-07-13 00:00:00,311.18,292.65,312.0,281.5,74185.0490593395,,,,,,
2015-07-14 00:00:00,292.6,286.83,297.25,286.0,23532.1861599986,,,,,,
2015-07-15 00:00:00,286.87,285.42,294.44,283.51,21724.7333698901,,,,,,
2015-07-16 00:00:00,285.42,278.94,295.0,275.21,52862.4232727901,,,,,,
2015-07-17 00:00:00,278.93,279.82,281.55,272.0,25360.4359180602,,,,,,
2015-07-18 00:00:00,279.52,277.25,283.33,276.12,15393.9051982101,,,,,,
2015-07-19 00:00:00,277.25,275.04,279.18,274.69,8015.1164459101,,,,,,
2015-07-20 00:00:00,275.04,280.2,280.5,273.5,12344.24155054,,,,,,
2015-07-21 00:00:00,280.2,275.55,282.1,275.09,13041.1505825201,,,,,,
2015-07-22 00:00:00,275.55,277.99,278.39,274.5,10965.62496006,,,,,,
2015-07-23 00:00:00,277.88,276.51,278.44,275.56,5434.12477348003,,,,,,
2015-07-24 00:00:00,276.48,288.6,289.93,276.02,24289.5171357097,,,,,,
2015-07-25 00:00:00,288.58,289.37,292.35,286.39,11608.5300555398,,,,,,
2015-07-26 00:00:00,289.36,293.01,294.57,288.12,9326.2778165402,,,,,,
2015-07-27 00:00:00,293.0,294.84,298.74,286.0,25470.1120774491,,,,,,
2015-07-28 00:00:00,294.73,295.23,298.93,293.61,14363.19270352,,,,,,
2015-07-29 00:00:00,295.24,289.92,295.68,286.02,15838.2144103802,,,,,,
2015-07-30 00:00:00,289.92,288.21,291.0,284.01,12138.69713341,,,,,,
2015-07-31 00:00:00,288.02,284.45,289.85,281.0,14587.8217347302,,,,,,
2015-08-01 00:00:00,284.45,280.31,284.99,276.53,12322.36791025,,,,,,
2015-08-02 00:00:00,280.31,282.44,283.44,276.26,11744.26292872,,,,,,
2015-08-03 00:00:00,282.44,281.28,287.05,279.7,14793.6287321401,,,,,,
2015-08-04 00:00:00,281.28,285.47,285.94,281.28,11989.2878240001,,,,,,
2015-08-05 00:00:00,285.47,282.41,285.94,279.7,8849.63224670005,,,,,,
2015-08-06 00:00:00,282.58,279.08,282.58,278.0,8941.09009878009,,,,,,
2015-08-07 00:00:00,279.08,280.19,281.0,276.07,12711.18708131,,,,,,
2015-08-08 00:00:00,280.04,261.34,280.32,260.62,36959.8970577295,,,,,,
2015-08-09 00:00:00,261.43,265.58,267.6,260.73,20867.9622514398,,,,,,
2015-08-10 00:00:00,265.69,265.1,267.72,262.17,10783.2602437502,,,,,,
2015-08-11 00:00:00,265.09,271.96,272.99,264.81,12654.8738087001,,,,,,
2015-08-12 00:00:00,271.97,267.09,273.75,265.8,16300.5160773704,,,,,,
2015-08-13 00:00:00,267.09,264.47,268.0,263.33,12871.1727444604,,,,,,
2015-08-14 00:00:00,264.47,266.09,268.97,262.13,13586.5873605401,,,,,,
2015-08-15 00:00:00,266.32,262.2,267.76,260.96,10398.4832834401,,,,,,
2015-08-16 00:00:00,262.04,259.9,262.9,256.5,27231.3411811996,,,,,,
2015-08-17 00:00:00,259.9,258.49,262.37,257.4,9940.91939962004,,,,,,
2015-08-18 00:00:00,258.5,214.0,258.5,162.0,88032.3993414708,,,,,,
2015-08-19 00:00:00,214.09,226.32,255.08,198.0,78315.0698080096,,,,,,
2015-08-20 00:00:00,226.27,235.54,237.94,226.27,26308.8703322898,,,,,,
2015-08-21 00:00:00,235.55,232.17,236.43,228.76,13064.1835835904,,,,,,
2015-08-22 00:00:00,232.46,230.27,234.71,221.77,20895.6134168098,,,,,,
2015-08-23 00:00:00,230.33,228.53,232.88,223.05,12119.3838932601,,,,,,
2015-08-24 00:00:00,228.1,210.5,228.69,207.62,53295.4079375003,,,,,,
2015-08-25 00:00:00,210.49,222.68,228.77,196.6,69277.6651737395,,,,,,
2015-08-26 00:00:00,222.68,226.12,232.38,220.1,23772.3959536101,,,,,,
2015-08-27 00:00:00,226.13,225.76,229.5,224.0,11742.6005854206,,,,,,
2015-08-28 00:00:00,225.66,231.83,238.9,220.11,27328.7033683592,,,,,,
2015-08-29 00:00:00,232.08,230.75,234.03,227.16,10072.0074190203,,,,,,
2015-08-30 00:00:00,230.9,229.99,233.96,225.2,8821.01196508001,,,,,,
2015-08-31 00:00:00,229.99,231.35,233.69,225.31,10923.5833990701,,,,,,
2015-09-01 00:00:00,231.06,228.24,232.39,226.55,9810.61182733012,,,,,,
2015-09-02 00:00:00,228.24,229.71,231.89,226.51,9011.8564672501,,,,,,
2015-09-03 00:00:00,229.71,227.25,229.96,226.1,6915.70967104004,,,,,,
2015-09-04 00:00:00,227.29,230.89,231.66,227.01,10799.5983151802,,,,,,
2015-09-05 00:00:00,230.88,235.84,239.76,230.01,12199.2302943002,,,,,,
2015-09-06 00:00:00,235.84,240.97,248.48,235.5,20519.6140310395,,,,,,
2015-09-07 00:00:00,241.0,240.85,243.0,239.03,6949.44115779007,,,,,,
2015-09-08 00:00:00,240.91,244.2,247.68,240.27,16374.8117545804,,,,,,
2015-09-09 00:00:00,244.2,239.07,245.57,238.38,14351.3852635301,,,,,,
2015-09-10 00:00:00,238.97,239.49,241.9,237.01,10791.4928060403,,,,,,
2015-09-11 00:00:00,239.4,240.6,242.89,228.42,10243.4920350901,,,,,,
2015-09-12 00:00:00,240.9,235.77,241.0,235.33,9280.94291521014,,,,,,
2015-09-13 00:00:00,235.86,230.96,236.85,228.95,10215.5830291401,,,,,,
2015-09-14 00:00:00,231.11,230.89,233.9,228.4,9416.99072288005,,,,,,
2015-09-15 00:00:00,231.07,230.93,232.93,227.33,7621.52812507004,,,,,,
2015-09-16 00:00:00,230.91,228.99,232.12,227.38,8185.35355617014,,,,,,
2015-09-17 00:00:00,228.99,233.61,235.94,228.99,12037.7899456201,,,,,,
2015-09-18 00:00:00,233.65,228.34,236.26,227.0,9007.77255259012,,,,,,
2015-09-19 00:00:00,233.79,232.09,234.19,231.5,4329.15727342001,,,,,,
2015-09-20 00:00:00,232.01,232.12,233.38,231.4,3457.17417392999,,,,,,
2015-09-21 00:00:00,232.11,227.22,232.97,226.38,9274.07985298007,,,,,,
2015-09-22 00:00:00,227.25,231.11,233.95,224.25,18854.9366088299,,,,,,
2015-09-23 00:00:00,231.43,230.54,233.0,230.03,5720.27547465002,,,,,,
2015-09-24 00:00:00,230.57,234.65,236.25,230.54,15377.2409667202,,,,,,
2015-09-25 00:00:00,234.65,235.26,237.7,233.05,9861.42777709997,,,,,,
2015-09-26 00:00:00,235.39,234.63,235.95,233.75,4796.04811748002,,,,,,
2015-09-27 00:00:00,234.63,233.37,234.78,233.0,2592.00155383,,,,,,
2015-09-28 00:00:00,233.37,240.43,241.44,233.37,12488.2201599902,,,,,,
2015-09-29 00:00:00,240.43,236.8,241.5,236.61,9459.77890536007,,,,,,
2015-09-30 00:00:00,236.9,236.49,238.78,235.11,5152.91520089002,,,,,,
2015-10-01 00:00:00,236.72,238.48,240.09,236.19,6107.43096947003,,,,,,
2015-10-02 00:00:00,238.25,237.86,240.0,237.33,5607.98936459,,,,,,
2015-10-03 00:00:00,237.84,239.79,241.11,237.68,6221.09736250003,,,,,,
2015-10-04 00:00:00,239.73,239.5,240.93,239.29,2081.94241537,,,,,,
2015-10-05 00:00:00,239.47,242.0,242.89,236.24,12198.9370202802,,,,,,
2015-10-06 00:00:00,242.01,247.36,249.01,241.51,16277.3495449002,,,,,,
2015-10-07 00:00:00,247.35,244.0,247.93,243.5,8806.62652877009,,,,,,
2015-10-08 00:00:00,244.0,243.0,245.65,242.62,6046.70528353999,,,,,,
2015-10-09 00:00:00,242.99,244.82,245.45,242.63,3572.48926214999,,,,,,
2015-10-10 00:00:00,244.93,246.01,246.41,243.5,4196.52667741001,,,,,,
2015-10-11 00:00:00,245.93,247.99,248.73,243.75,4868.94170189005,,,,,,
2015-10-12 00:00:00,247.92,246.17,248.45,245.21,5203.50998203004,,,,,,
2015-10-13 00:00:00,246.15,251.25,253.43,244.0,16746.3196923102,,,,,,
2015-10-14 00:00:00,251.08,253.5,255.95,250.1,10143.2669366501,,,,,,
2015-10-15 00:00:00,253.5,255.19,257.5,253.44,10462.8704923201,,,,,,
2015-10-16 00:00:00,255.19,263.45,267.83,254.91,21966.84227808,,,,,,
2015-10-17 00:00:00,263.47,272.9,275.19,258.32,42840.6676771494,,,,,,
2015-10-18 00:00:00,272.9,265.01,274.66,263.3,15347.1930916302,,,,,,
2015-10-19 00:00:00,265.29,265.1,268.28,262.35,10903.4191689701,,,,,,
2015-10-20 00:00:00,265.02,270.97,273.97,264.39,14439.64408514,,,,,,
2015-10-21 00:00:00,270.99,267.8,272.28,264.1,10617.4462959401,,,,,,
2015-10-22 00:00:00,267.99,275.83,279.97,267.3,27240.7695845001,,,,,,
2015-10-23 00:00:00,275.83,279.21,280.9,275.15,15857.5633378301,,,,,,
2015-10-24 00:00:00,279.04,284.19,284.47,279.0,13934.5865672404,,,,,,
2015-10-25 00:00:00,284.19,284.79,295.99,281.2,40017.6507968993,,,,,,
2015-10-26 00:00:00,284.7,287.22,287.92,282.25,17157.5562752399,,,,,,
2015-10-27 00:00:00,287.22,295.29,298.86,286.71,26822.8422907294,,,,,,
2015-10-28 00:00:00,295.29,304.5,307.99,295.29,35610.6397048694,,,,,,
2015-10-29 00:00:00,304.5,314.88,321.53,301.5,51213.84331228,,,,,,
2015-10-30 00:00:00,314.23,328.19,336.0,313.82,62862.2379375905,,,,,,
2015-10-31 00:00:00,328.2,316.0,335.87,307.2,42942.3117877901,,,,,,
2015-11-01 00:00:00,316.0,330.23,333.49,313.6,25673.0870176499,,,,,,
2015-11-02 00:00:00,330.23,365.33,373.12,326.8,71218.1479877504,,,,,,
2015-11-03 00:00:00,365.08,405.0,423.88,361.11,171811.474232742,,,,,,
2015-11-04 00:00:00,404.98,409.24,504.0,366.66,274470.238233948,,,,,,
2015-11-05 00:00:00,409.23,387.14,449.95,370.0,157932.047982652,,,,,,
2015-11-06 00:00:00,387.93,375.56,396.78,351.2,106656.205296153,,,,,,
2015-11-07 00:00:00,375.56,384.99,392.23,371.32,34416.7134629302,,,,,,
2015-11-08 00:00:00,384.28,374.1,390.33,365.56,30831.9230109598,,,,,,
2015-11-09 00:00:00,374.52,381.1,388.99,360.0,38111.9548491391,,,,,,
2015-11-10 00:00:00,381.1,340.18,383.4,327.02,88482.2856964404,,,,,,
2015-11-11 00:00:00,340.18,314.45,343.79,300.28,117018.931485865,,,,,,
2015-11-12 00:00:00,314.45,336.84,346.44,314.14,57236.7552054516,,,,,,
2015-11-13 00:00:00,336.86,338.53,343.75,326.22,29935.630229709,,,,,,
2015-11-14 00:00:00,338.54,333.37,340.72,328.5,20324.6267692602,,,,,,
2015-11-15 00:00:00,333.39,320.52,336.6,315.0,31597.1678628498,,,,,,
2015-11-16 00:00:00,320.8,332.1,335.0,315.2,25747.0142364501,,,,,,
2015-11-17 00:00:00,332.16,336.29,342.5,331.05,27167.9770198597,,,,,,
2015-11-18 00:00:00,336.29,335.94,338.99,327.91,15625.5383197102,,,,,,
2015-11-19 00:00:00,335.83,326.5,336.57,324.02,18932.5528605301,,,,,,
2015-11-20 00:00:00,326.49,322.2,326.77,309.46,30160.0102475389,,,,,,
2015-11-21 00:00:00,322.29,327.84,329.35,318.95,10478.8557161701,,,,,,
2015-11-22 00:00:00,327.84,324.66,327.85,320.36,7051.90999034007,,,,,,
2015-11-23 00:00:00,324.66,323.63,327.5,320.9,7775.67515741017,,,,,,
2015-11-24 00:00:00,323.65,320.1,323.77,315.55,9618.01049005007,,,,,,
2015-11-25 00:00:00,320.49,329.85,332.43,316.02,20618.16569952,,,,,,
2015-11-26 00:00:00,329.85,354.0,369.9,329.35,81494.1298063883,,,,,,
2015-11-27 00:00:00,354.0,358.9,367.0,348.18,34902.8588615199,,,,,,
2015-11-28 00:00:00,359.0,358.6,362.44,351.0,19427.6777883994,,,,,,
2015-11-29 00:00:00,358.54,373.89,376.0,355.17,25800.6895178296,,,,,,
2015-11-30 00:00:00,373.84,376.88,384.99,368.11,47495.8553783626,,,,,,
2015-12-01 00:00:00,376.89,362.59,379.99,353.1,44101.9174780196,,,,,,
2015-12-02 00:00:00,362.59,359.12,363.22,346.13,31554.7711214792,,,,,,
2015-12-03 00:00:00,359.12,360.53,371.5,352.25,27383.7998960896,,,,,,
2015-12-04 00:00:00,360.62,363.17,364.4,354.31,14651.48749597,,,,,,
2015-12-05 00:00:00,363.04,389.79,395.0,362.08,46142.2954009557,,,,,,
2015-12-06 00:00:00,390.01,390.6,407.57,386.01,60599.9246639897,,,,,,
2015-12-07 00:00:00,390.88,396.7,404.24,384.53,33608.0116661191,,,,,,
2015-12-08 00:00:00,397.0,422.0,422.39,388.37,33197.6232290996,,,,,,
2015-12-09 00:00:00,422.0,418.73,426.59,405.0,52055.3207085403,,,,,,
2015-12-10 00:00:00,418.86,414.94,421.82,411.09,21325.4436757199,,,,,,
2015-12-11 00:00:00,414.88,457.0,458.99,414.8,75656.53043328,,,,,,
2015-12-12 00:00:00,456.32,435.61,475.04,402.5,104706.951044479,,,,,,
2015-12-13 00:00:00,435.61,433.36,443.92,415.24,33630.9154140993,,,,,,
2015-12-14 00:00:00,432.91,442.59,450.0,427.3,27298.3671313097,,,,,,
2015-12-15 00:00:00,442.55,466.01,467.29,442.51,41307.2211420201,,,,,,
2015-12-16 00:00:00,466.43,454.94,469.99,440.0,67047.01540226,,,,,,
2015-12-17 00:00:00,454.94,455.57,458.56,446.21,17868.8555859299,,,,,,
2015-12-18 00:00:00,455.71,463.52,466.6,450.1,27050.4515447595,,,,,,
2015-12-19 00:00:00,463.51,462.44,467.0,452.0,21223.5797220801,,,,,,
2015-12-20 00:00:00,462.45,442.62,462.78,431.5,46323.16552625,,,,,,
2015-12-21 00:00:00,442.62,437.52,447.45,424.37,43203.8050521996,,,,,,
2015-12-22 00:00:00,437.81,435.65,443.64,433.0,18516.1208485401,,,,,,
2015-12-23 00:00:00,435.05,442.62,445.76,433.62,16464.7867774501,,,,,,
2015-12-24 00:00:00,442.62,456.13,459.1,442.45,19865.73831943,,,,,,
2015-12-25 00:00:00,456.02,455.47,460.0,445.0,15176.7280263202,,,,,,
2015-12-26 00:00:00,455.3,416.51,460.05,405.5,96491.8801717031,,,,,,
2015-12-27 00:00:00,416.35,422.32,424.89,407.0,27798.8155107298,,,,,,
2015-12-28 00:00:00,421.82,420.24,429.0,417.01,24284.3300766094,,,,,,
2015-12-29 00:00:00,420.11,431.79,433.55,418.01,22073.5631997087,,,,,,
2015-12-30 00:00:00,431.77,423.55,434.0,420.0,22247.5964583399,,,,,,
2015-12-31 00:00:00,423.51,429.02,432.59,412.5,21403.6592821297,,,,,,
2016-01-01 00:00:00,429.17,433.98,436.49,426.26,13077.6689080902,,,,,,
2016-01-02 00:00:00,433.89,432.7,435.8,430.0,6347.95293087006,,,,,,
2016-01-03 00:00:00,432.66,428.39,433.07,421.73,19201.8333631701,,,,,,
2016-01-04 00:00:00,428.63,432.9,435.67,426.97,12950.3820324601,,,,,,
2016-01-05 00:00:00,432.61,431.84,434.91,427.91,11172.00381734,,,,,,
2016-01-06 00:00:00,431.99,428.89,432.24,425.03,9440.11476438009,,,,,,
2016-01-07 00:00:00,428.2,458.78,462.0,427.11,55448.6234845102,,,,,,
2016-01-08 00:00:00,458.41,454.0,465.0,446.55,29967.9530869499,,,,,,
2016-01-09 00:00:00,454.0,449.23,456.01,447.07,8950.47934716013,,,,,,
2016-01-10 00:00:00,449.23,449.35,450.26,441.01,13778.25596659,,,,,,
2016-01-11 00:00:00,449.34,449.26,452.49,443.42,14814.6119199102,,,,,,
2016-01-12 00:00:00,449.26,432.04,449.98,427.01,20739.2880791601,,,,,,
2016-01-13 00:00:00,431.99,431.11,436.36,416.0,33154.9077132893,,,,,,
2016-01-14 00:00:00,431.09,429.25,435.0,426.0,13304.53778619,,,,,,
2016-01-15 00:00:00,429.27,359.16,429.43,357.02,123890.270719768,,,,,,
2016-01-16 00:00:00,359.16,388.4,392.5,352.5,74062.2601930609,,,,,,
2016-01-17 00:00:00,388.43,382.02,393.31,378.76,20715.0043007396,,,,,,
2016-01-18 00:00:00,382.11,387.1,390.0,375.01,19469.0440436899,,,,,,
2016-01-19 00:00:00,387.04,378.93,388.61,377.41,17187.6360388202,,,,,,
2016-01-20 00:00:00,378.94,419.55,428.0,375.01,82802.5015288706,,,,,,
2016-01-21 00:00:00,419.65,411.01,424.57,405.0,29020.2464755995,,,,,,
2016-01-22 00:00:00,411.0,380.96,411.2,371.25,62213.9195626901,,,,,,
2016-01-23 00:00:00,381.0,385.57,394.81,379.85,21470.9185029697,,,,,,
2016-01-24 00:00:00,385.55,402.77,407.33,385.1,23219.9278372799,,,,,,
2016-01-25 00:00:00,402.76,390.96,402.77,384.0,22664.6396721299,,,,,,
2016-01-26 00:00:00,390.91,391.41,398.0,386.66,13322.8704291702,,,,,,
2016-01-27 00:00:00,391.23,394.97,396.99,389.66,8538.43203569005,,,,,,
2016-01-28 00:00:00,394.7,378.39,395.48,375.01,25024.0811380898,,,,,,
2016-01-29 00:00:00,378.15,377.6,386.0,360.03,62204.8110290904,,,,,,
2016-01-30 00:00:00,377.4,376.56,380.6,374.0,10501.94797823,,,,,,
2016-01-31 00:00:00,376.31,365.52,378.9,362.57,14887.7786902702,,,,,,
2016-02-01 00:00:00,365.58,371.42,379.27,363.23,24797.1967585497,,,,,,
2016-02-02 00:00:00,371.22,372.9,374.8,369.69,10443.4621385602,,,,,,
2016-02-03 00:00:00,372.9,368.98,374.0,365.65,13195.1501968501,,,,,,
2016-02-04 00:00:00,369.0,389.96,393.89,368.65,37339.9192621993,,,,,,
2016-02-05 00:00:00,389.98,386.54,393.0,384.19,16879.2358687401,,,,,,
2016-02-06 00:00:00,386.54,373.75,386.54,365.0,40202.1338467397,,,,,,
2016-02-07 00:00:00,373.71,372.01,377.8,369.17,13056.0623936601,,,,,,
2016-02-08 00:00:00,372.26,370.49,377.0,369.01,16881.2055217402,,,,,,
2016-02-09 00:00:00,370.29,374.31,377.96,370.04,9216.51889923005,,,,,,
2016-02-10 00:00:00,374.43,381.17,387.0,373.13,33532.2458581795,,,,,,
2016-02-11 00:00:00,380.97,377.99,383.23,372.25,14521.3280197901,,,,,,
2016-02-12 00:00:00,378.0,382.94,383.53,377.04,10146.8358453701,,,,,,
2016-02-13 00:00:00,382.94,393.0,393.0,382.55,14755.5376559102,,,,,,
2016-02-14 00:00:00,392.99,408.3,408.66,392.93,29423.6760943995,,,,,,
2016-02-15 00:00:00,408.3,399.9,412.5,395.23,30129.68519329,,,,,,
2016-02-16 00:00:00,400.08,407.27,408.77,398.66,13991.0567774101,,,,,,
2016-02-17 00:00:00,407.37,414.88,421.9,405.16,30400.7648936099,,,,,,
2016-02-18 00:00:00,414.89,421.5,426.21,412.51,25228.63442938,,,,,,
2016-02-19 00:00:00,421.51,419.85,422.54,412.0,13268.5562468301,,,,,,
2016-02-20 00:00:00,419.72,438.7,445.96,419.72,47477.18201239,,,,,,
2016-02-21 00:00:00,438.73,440.49,451.6,428.01,43012.3640972995,,,,,,
2016-02-22 00:00:00,440.49,440.27,442.5,433.01,16337.4664398802,,,,,,
2016-02-23 00:00:00,440.25,421.4,442.67,416.24,32431.1430751307,,,,,,
2016-02-24 00:00:00,421.5,426.36,427.5,409.69,22426.1089972303,,,,,,
2016-02-25 00:00:00,426.36,424.88,430.0,419.5,13595.7603084503,,,,,,
2016-02-26 00:00:00,424.89,435.49,435.9,419.83,18860.3418934703,,,,,,
2016-02-27 00:00:00,435.49,434.3,438.6,431.81,11592.3533681902,,,,,,
2016-02-28 00:00:00,434.03,434.45,437.89,422.1,19852.271098541,,,,,,
2016-02-29 00:00:00,434.46,438.99,445.0,430.51,20389.4604615806,,,,,,
2016-03-01 00:00:00,439.53,434.82,442.79,427.26,19625.8327754207,,,,,,
2016-03-02 00:00:00,434.99,422.09,436.45,421.11,16463.1291526108,,,,,,
2016-03-03 00:00:00,421.7,420.56,424.43,416.4,20874.0514007299,,,,,,
2016-03-04 00:00:00,420.19,408.82,423.99,407.5,21749.41985593,,,,,,
2016-03-05 00:00:00,408.71,397.36,410.14,389.0,46951.8516013802,,,,,,
2016-03-06 00:00:00,397.37,403.75,409.5,392.01,19707.20471997,,,,,,
2016-03-07 00:00:00,403.77,412.7,415.8,401.51,15306.2213302601,,,,,,
2016-03-08 00:00:00,412.62,411.35,416.0,406.0,10227.45551202,,,,,,
2016-03-09 00:00:00,411.34,413.05,414.5,407.47,9027.75321888006,,,,,,
2016-03-10 00:00:00,412.9,416.51,418.24,410.68,13709.0829207499,,,,,,
2016-03-11 00:00:00,416.64,420.47,423.6,415.5,15464.77864266,,,,,,
2016-03-12 00:00:00,420.49,410.01,421.81,406.38,17020.4255446301,,,,,,
2016-03-13 00:00:00,410.01,411.87,416.0,410.0,7628.34253444003,,,,,,
2016-03-14 00:00:00,412.0,415.91,417.99,411.7,9210.43225850004,,,,,,
2016-03-15 00:00:00,415.99,415.5,418.82,412.78,9632.10565438,,,,,,
2016-03-16 00:00:00,415.52,417.28,418.0,413.96,7066.70644692,,,,,,
2016-03-17 00:00:00,417.28,418.75,420.6,416.67,8308.82137835004,,,,,,
2016-03-18 00:00:00,418.71,407.86,418.86,403.01,21090.8603561199,,,,,,
2016-03-19 00:00:00,407.5,408.68,412.0,404.0,8954.99064014006,,,,,,
2016-03-20 00:00:00,408.7,411.25,413.2,407.92,5655.4961424001,,,,,,
2016-03-21 00:00:00,410.81,411.88,412.14,406.0,7818.38780842005,,,,,,
2016-03-22 00:00:00,411.85,417.7,418.68,409.88,10196.10581222,,,,,,
2016-03-23 00:00:00,417.7,418.12,419.72,415.83,7195.02123423,,,,,,
2016-03-24 00:00:00,418.12,415.3,418.13,414.0,7559.67108635999,,,,,,
2016-03-25 00:00:00,415.3,416.0,417.03,413.03,3690.24588063,,,,,,
2016-03-26 00:00:00,416.02,416.71,419.4,413.2,5039.73935941999,,,,,,
2016-03-27 00:00:00,416.72,427.36,431.0,415.79,22410.75689622,,,,,,
2016-03-28 00:00:00,427.34,424.06,427.99,422.38,9241.01649983012,,,,,,
2016-03-29 00:00:00,424.03,416.0,426.41,406.51,23306.7306002192,,,,,,
2016-03-30 00:00:00,415.87,413.12,416.0,408.58,9037.93067535006,,,,,,
2016-03-31 00:00:00,413.04,416.02,418.25,413.04,7268.31765999004,,,,,,
2016-04-01 00:00:00,416.34,417.9,417.9,414.0,5456.76943887004,,,,,,
2016-04-02 00:00:00,417.89,420.3,422.8,417.53,6070.78823934049,,,,,,
2016-04-03 00:00:00,420.31,420.6,421.82,416.0,4254.11994825,,,,,,
2016-04-04 00:00:00,420.99,420.46,421.2,416.24,5751.29314237999,,,,,,
2016-04-05 00:00:00,420.46,423.75,425.0,419.61,7261.82082675003,,,,,,
2016-04-06 00:00:00,423.75,422.57,424.68,421.69,5680.19307306001,,,,,,
2016-04-07 00:00:00,422.52,422.28,422.86,417.78,7727.14024559007,,,,,,
2016-04-08 00:00:00,422.29,418.5,424.49,415.5,9847.57852609005,,,,,,
2016-04-09 00:00:00,418.23,418.47,418.76,412.0,6326.97349855005,,,,,,
2016-04-10 00:00:00,418.48,421.32,422.9,417.49,4248.02175640005,,,,,,
2016-04-11 00:00:00,421.32,423.74,423.9,418.8,6404.8393151,,,,,,
2016-04-12 00:00:00,423.75,426.59,430.0,423.56,14772.7050721801,,,,,,
2016-04-13 00:00:00,426.78,424.75,427.68,423.0,6666.45445863012,,,,,,
2016-04-14 00:00:00,424.77,426.01,426.49,424.01,4132.51666239001,,,,,,
2016-04-15 00:00:00,426.01,431.48,432.49,426.01,15836.3444328502,,,,,,
2016-04-16 00:00:00,431.06,432.04,435.67,430.47,7705.23014106003,,,,,,
2016-04-17 00:00:00,432.52,428.51,433.49,426.37,8483.81721252005,,,,,,
2016-04-18 00:00:00,428.51,430.03,430.91,426.52,7577.09982227003,,,,,,
2016-04-19 00:00:00,430.04,437.76,439.0,428.54,12049.76316529,,,,,,
2016-04-20 00:00:00,437.81,443.85,446.61,436.6,21245.4699756801,,,,,,
2016-04-21 00:00:00,443.82,452.26,454.5,442.01,17836.1281487,,,,,,
2016-04-22 00:00:00,452.01,447.8,453.15,444.51,12208.1242170302,,,,,,
2016-04-23 00:00:00,447.79,453.69,454.95,445.67,10158.0887421801,,,,,,
2016-04-24 00:00:00,453.41,463.02,464.99,450.18,24137.2266338197,,,,,,
2016-04-25 00:00:00,463.33,461.77,471.58,455.0,25926.4859587997,,,,,,
2016-04-26 00:00:00,461.77,468.14,471.99,461.77,18688.0035584099,,,,,,
2016-04-27 00:00:00,468.14,444.85,470.17,443.0,40283.2248106599,,,,,,
2016-04-28 00:00:00,445.14,450.46,450.83,435.0,25328.14705281,,,,,,
2016-04-29 00:00:00,450.52,455.32,457.49,445.8,13419.0298735001,,,,,,
2016-04-30 00:00:00,455.33,446.6,455.98,445.01,10583.3700617601,,,,,,
2016-05-01 00:00:00,446.79,451.11,452.99,445.69,3901.33894349001,,,,,,
2016-05-02 00:00:00,451.12,443.73,452.5,436.0,29738.7340578699,,,,,,
2016-05-03 00:00:00,443.99,450.39,452.0,440.1,12157.57208565,,,,,,
2016-05-04 00:00:00,450.21,447.38,450.98,445.07,7045.36356892008,,,,,,
2016-05-05 00:00:00,447.22,448.4,451.68,445.51,10788.7269654401,,,,,,
2016-05-06 00:00:00,448.32,461.18,466.0,448.0,26539.5196095099,,,,,,
2016-05-07 00:00:00,461.36,460.2,463.05,458.3,7810.85492375009,,,,,,
2016-05-08 00:00:00,460.34,459.87,461.62,456.04,6454.8718905,,,,,,
2016-05-09 00:00:00,459.88,461.56,465.4,457.8,15120.9467619,,,,,,
2016-05-10 00:00:00,461.23,450.7,465.0,445.01,22571.9390879199,,,,,,
2016-05-11 00:00:00,450.7,452.28,454.68,450.01,8033.34446997004,,,,,,
2016-05-12 00:00:00,452.28,455.01,456.75,445.91,18088.0116038901,,,,,,
2016-05-13 00:00:00,455.0,455.76,457.66,452.0,7127.41790473011,,,,,,
2016-05-14 00:00:00,455.75,455.8,458.86,454.0,3608.80902935003,,,,,,
2016-05-15 00:00:00,455.8,457.89,460.67,454.31,5644.05214261002,,,,,,
2016-05-16 00:00:00,457.95,453.01,458.95,451.0,8789.98783701011,,,,,,
2016-05-17 00:00:00,453.0,453.24,454.91,451.0,7609.40911039003,,,,,,
2016-05-18 00:00:00,452.71,453.52,457.0,451.53,7162.25703935002,,,,,,
2016-05-19 00:00:00,453.52,434.55,454.71,433.0,30396.8125585296,,,,,,
2016-05-20 00:00:00,434.99,441.57,443.14,433.0,14241.01574451,,,,,,
2016-05-21 00:00:00,441.57,440.81,442.16,435.3,6222.70927554999,,,,,,
2016-05-22 00:00:00,440.88,437.48,441.0,435.1,7236.70601603003,,,,,,
2016-05-23 00:00:00,437.4,443.51,444.4,436.51,7873.12727328008,,,,,,
2016-05-24 00:00:00,443.53,445.03,447.85,442.39,8329.83371693006,,,,,,
2016-05-25 00:00:00,445.0,449.09,450.51,442.5,12353.3923892102,,,,,,
2016-05-26 00:00:00,449.09,453.95,454.8,446.01,9517.7221388801,,,,,,
2016-05-27 00:00:00,453.58,472.01,482.31,453.58,59125.7898882791,,,,,,
2016-05-28 00:00:00,472.01,526.02,543.0,471.0,74521.6329089297,,,,,,
2016-05-29 00:00:00,527.0,531.0,570.0,512.11,83566.1345340998,,,,,,
2016-05-30 00:00:00,529.97,532.89,548.5,521.11,32596.6757236491,,,,,,
2016-05-31 00:00:00,533.14,530.69,546.5,518.0,49880.611859469,,,,,,
2016-06-01 00:00:00,530.69,536.79,546.12,523.75,27816.5585714199,,,,,,
2016-06-02 00:00:00,536.91,538.8,544.0,532.37,16882.3688807501,,,,,,
2016-06-03 00:00:00,538.9,570.87,579.94,535.65,48446.2917652197,,,,,,
2016-06-04 00:00:00,570.82,572.87,593.89,560.1,39118.5241386897,,,,,,
2016-06-05 00:00:00,573.08,574.02,586.47,564.64,28143.3010818596,,,,,,
2016-06-06 00:00:00,574.01,585.34,588.6,573.93,27464.2948230398,,,,,,
2016-06-07 00:00:00,585.59,576.88,592.08,561.3,36112.7530344494,,,,,,
2016-06-08 00:00:00,577.23,583.05,585.15,570.62,18084.1761621299,,,,,,
2016-06-09 00:00:00,583.26,575.52,584.05,569.97,21873.89242109,,,,,,
2016-06-10 00:00:00,575.52,580.09,582.43,572.5,16178.0423941701,,,,,,
2016-06-11 00:00:00,580.08,614.51,615.0,579.29,28441.7039068396,,,,,,
2016-06-12 00:00:00,614.51,672.0,685.0,601.34,116432.04033077,,,,,,
2016-06-13 00:00:00,671.98,705.87,719.0,658.0,117683.176154802,,,,,,
2016-06-14 00:00:00,705.87,684.5,705.88,656.51,65715.5700167706,,,,,,
2016-06-15 00:00:00,684.5,696.99,699.4,667.89,34104.0515539096,,,,,,
2016-06-16 00:00:00,698.0,769.5,779.0,697.31,123792.103269907,,,,,,
2016-06-17 00:00:00,769.46,747.95,780.0,702.01,97376.65112675,,,,,,
2016-06-18 00:00:00,747.7,757.6,789.78,720.0,66955.0889190699,,,,,,
2016-06-19 00:00:00,757.63,767.3,775.0,739.0,26699.5309959396,,,,,,
2016-06-20 00:00:00,767.31,743.9,767.77,721.0,46264.5357556395,,,,,,
2016-06-21 00:00:00,742.98,668.6,742.98,635.37,102133.43481751,,,,,,
2016-06-22 00:00:00,669.0,605.85,688.32,588.88,100527.24338807,,,,,,
2016-06-23 00:00:00,605.87,625.8,639.0,555.56,122951.196343042,,,,,,
2016-06-24 00:00:00,625.8,665.5,679.99,625.79,92367.9234868199,,,,,,
2016-06-25 00:00:00,665.99,664.87,698.0,640.11,55625.8121890695,,,,,,
2016-06-26 00:00:00,664.38,627.42,668.01,614.33,45122.519712449,,,,,,
2016-06-27 00:00:00,627.75,662.33,662.33,616.07,46177.3671530903,,,,,,
2016-06-28 00:00:00,662.28,646.61,664.26,631.65,35578.3873073596,,,,,,
2016-06-29 00:00:00,646.22,640.0,646.25,621.58,33257.9731991289,,,,,,
2016-06-30 00:00:00,640.29,674.74,677.47,635.57,40248.0235075096,,,,,,
2016-07-01 00:00:00,674.57,674.75,690.62,667.61,41619.5632906295,,,,,,
2016-07-02 00:00:00,675.04,705.99,706.0,673.36,29202.5184461995,,,,,,
2016-07-03 00:00:00,705.99,659.29,706.98,644.1,44643.7466385496,,,,,,
2016-07-04 00:00:00,659.33,681.34,684.44,644.46,23524.4181546099,,,,,,
2016-07-05 00:00:00,681.35,667.8,682.7,655.3,17404.8609863101,,,,,,
2016-07-06 00:00:00,667.77,677.04,682.9,666.71,15922.7377048502,,,,,,
2016-07-07 00:00:00,677.35,640.51,682.0,610.1,75728.026676029,,,,,,
2016-07-08 00:00:00,640.33,664.8,666.66,633.75,32848.4892648296,,,,,,
2016-07-09 00:00:00,664.42,648.11,664.43,620.0,46883.1586784195,,,,,,
2016-07-10 00:00:00,648.12,649.72,651.47,636.09,10274.8647221001,,,,,,
2016-07-11 00:00:00,649.08,647.95,662.6,643.4,13920.7921779601,,,,,,
2016-07-12 00:00:00,648.19,667.19,679.9,645.45,30215.6114209995,,,,,,
2016-07-13 00:00:00,667.07,653.7,669.87,652.51,17511.7915983101,,,,,,
2016-07-14 00:00:00,653.61,659.78,667.5,649.89,20197.93077134,,,,,,
2016-07-15 00:00:00,660.18,665.5,669.95,658.11,9472.16958394018,,,,,,
2016-07-16 00:00:00,665.5,665.33,669.65,659.12,5924.14414477006,,,,,,
2016-07-17 00:00:00,665.33,683.2,689.96,663.61,20414.443628,,,,,,
2016-07-18 00:00:00,683.18,674.3,686.74,666.02,18078.66362509,,,,,,
2016-07-19 00:00:00,674.31,675.0,678.59,665.0,10947.2977349001,,,,,,
2016-07-20 00:00:00,675.3,665.85,676.0,661.0,12852.4691120703,,,,,,
2016-07-21 00:00:00,665.91,665.01,668.0,654.97,10702.0055966802,,,,,,
2016-07-22 00:00:00,665.01,648.04,668.0,639.41,27841.9231127097,,,,,,
2016-07-23 00:00:00,648.11,654.03,657.13,644.97,10004.54716872,,,,,,
2016-07-24 00:00:00,654.9,661.82,664.15,650.52,14018.7856540701,,,,,,
2016-07-25 00:00:00,661.73,654.17,664.41,646.22,14838.3411047101,,,,,,
2016-07-26 00:00:00,653.91,648.47,657.61,640.56,20359.8092716099,,,,,,
2016-07-27 00:00:00,648.1,655.51,662.78,646.44,13286.8644006102,,,,,,
2016-07-28 00:00:00,655.5,655.93,659.67,652.52,8880.20242111005,,,,,,
2016-07-29 00:00:00,656.52,658.34,660.49,654.54,9227.87150603001,,,,,,
2016-07-30 00:00:00,658.32,654.99,660.46,647.79,8090.96048464007,,,,,,
2016-07-31 00:00:00,654.99,622.83,655.17,621.25,33255.8046789996,,,,,,
2016-08-01 00:00:00,622.83,608.29,627.35,605.01,31426.5160300296,,,,,,
2016-08-02 00:00:00,608.24,604.1,615.29,595.0,33013.9623375398,,,,,,
2016-08-10 00:00:00,579.0,590.28,614.5,579.0,21352.11111853,,,,,,
2016-08-11 00:00:00,590.5,591.27,599.75,584.59,15295.56242806,,,,,,
2016-08-12 00:00:00,591.26,585.5,593.0,584.0,6287.98760026012,,,,,,
2016-08-13 00:00:00,585.5,583.73,590.02,582.0,6420.32283696012,,,,,,
2016-08-14 00:00:00,583.73,569.41,583.75,564.0,7530.30904219008,,,,,,
2016-08-15 00:00:00,569.65,564.64,575.75,562.99,7650.16951653004,,,,,,
2016-08-16 00:00:00,564.55,574.17,579.0,564.0,6221.58467139006,,,,,,
2016-08-17 00:00:00,574.23,571.83,578.5,569.0,5033.03121331005,,,,,,
2016-08-18 00:00:00,571.95,572.21,578.75,569.71,6000.62298850003,,,,,,
2016-08-19 00:00:00,572.33,573.51,577.25,570.82,2942.51726681001,,,,,,
2016-08-20 00:00:00,573.61,582.1,582.75,571.25,3326.81486245002,,,,,,
2016-08-21 00:00:00,582.01,581.42,584.27,580.0,2425.60721087001,,,,,,
2016-08-22 00:00:00,581.5,588.01,589.99,581.28,4623.22707838009,,,,,,
2016-08-23 00:00:00,588.01,583.54,590.69,581.1,4803.80673527002,,,,,,
2016-08-24 00:00:00,583.55,580.32,586.91,580.0,5052.56705987005,,,,,,
2016-08-25 00:00:00,580.23,577.2,581.14,574.01,3571.55271552002,,,,,,
2016-08-26 00:00:00,576.89,578.02,579.51,575.06,1769.10070237999,,,,,,
2016-08-27 00:00:00,578.09,568.55,578.99,567.23,2258.285485,,,,,,
2016-08-28 00:00:00,568.45,574.17,574.54,568.18,1518.12951235,,,,,,
2016-08-29 00:00:00,574.26,574.78,578.1,573.01,2800.79053777001,,,,,,
2016-08-30 00:00:00,574.75,579.49,580.28,574.07,3195.79981424006,,,,,,
2016-08-31 00:00:00,579.37,576.15,579.52,572.02,3511.25386186,,,,,,
2016-09-01 00:00:00,576.27,572.73,577.98,571.43,3616.49453131001,,,,,,
2016-09-02 00:00:00,572.73,579.85,581.23,570.61,5670.91686647003,,,,,,
2016-09-03 00:00:00,579.85,609.89,615.0,576.04,8205.25257421011,,,,,,
2016-09-04 00:00:00,610.0,614.52,618.65,601.83,5061.10388377003,,,,,,
2016-09-05 00:00:00,614.51,611.5,615.68,603.84,5077.20791116001,,,,,,
2016-09-06 00:00:00,612.24,615.23,617.53,609.7,3089.90030138005,,,,,,
2016-09-07 00:00:00,615.3,619.75,620.85,610.83,5526.08815432007,,,,,,
2016-09-08 00:00:00,619.95,631.73,636.16,617.12,8271.4399382401,,,,,,
2016-09-09 00:00:00,631.73,626.25,633.81,621.24,4272.06672370001,,,,,,
2016-09-10 00:00:00,626.36,628.0,629.65,624.68,4044.14425778007,,,,,,
2016-09-11 00:00:00,628.0,612.08,635.0,595.36,9640.78154317024,,,,,,
2016-09-12 00:00:00,612.08,611.62,615.21,608.01,4972.78278704006,,,,,,
2016-09-13 00:00:00,611.64,614.23,640.0,610.0,7273.90802996025,,,,,,
2016-09-14 00:00:00,614.25,613.88,617.38,612.01,5932.20144280007,,,,,,
2016-09-15 00:00:00,613.88,611.81,617.93,611.0,4374.86124848003,,,,,,
2016-09-16 00:00:00,611.81,610.01,614.22,609.54,3703.33212784002,,,,,,
2016-09-17 00:00:00,610.0,607.69,610.75,604.96,3566.49931965001,,,,,,
2016-09-18 00:00:00,607.98,613.03,616.34,607.18,2932.95793227001,,,,,,
2016-09-19 00:00:00,613.03,609.79,615.05,608.6,2956.96640014,,,,,,
2016-09-20 00:00:00,609.79,600.14,612.01,600.01,3414.85985074,,,,,,
2016-09-21 00:00:00,600.13,597.43,601.18,591.0,7658.45169444014,,,,,,
2016-09-22 00:00:00,597.43,597.08,598.7,595.92,2333.42531112,,,,,,
2016-09-23 00:00:00,597.08,603.29,603.99,595.95,1957.41100837,,,,,,
2016-09-24 00:00:00,603.28,602.55,606.0,601.0,943.403306969998,,,,,,
2016-09-25 00:00:00,603.01,600.36,603.99,597.3,1385.71804476,,,,,,
2016-09-26 00:00:00,600.24,609.14,610.1,599.86,3113.73087306,,,,,,
2016-09-27 00:00:00,608.94,605.53,609.91,602.01,3196.80056669999,,,,,,
2016-09-28 00:00:00,605.5,603.76,605.77,603.07,2052.84259047001,,,,,,
2016-09-29 00:00:00,604.01,604.6,607.96,603.04,3144.33070203999,,,,,,
2016-09-30 00:00:00,604.6,611.1,613.27,603.99,2363.90769958999,,,,,,
2016-10-01 00:00:00,611.1,614.09,616.87,611.1,1900.06005167999,,,,,,
2016-10-02 00:00:00,614.08,609.09,614.21,575.0,4967.64168069006,,,,,,
2016-10-03 00:00:00,608.98,612.67,618.0,608.91,3284.72217779001,,,,,,
2016-10-04 00:00:00,612.68,610.98,614.11,609.63,4006.49696250003,,,,,,
2016-10-05 00:00:00,610.71,614.09,617.28,610.0,3411.10704120003,,,,,,
2016-10-06 00:00:00,614.3,613.51,615.9,612.68,3075.05759652,,,,,,
2016-10-07 00:00:00,613.95,620.13,621.71,613.0,4853.35465297004,,,,,,
2016-10-08 00:00:00,619.99,620.5,622.87,617.91,3113.23669710005,,,,,,
2016-10-09 00:00:00,620.7,616.56,620.91,614.01,2735.93897282,,,,,,
2016-10-10 00:00:00,616.55,618.87,620.0,615.91,3178.06655812001,,,,,,
2016-10-11 00:00:00,618.87,641.87,646.86,618.06,12434.7475690702,,,,,,
2016-10-12 00:00:00,642.0,637.63,644.07,636.91,3854.24778624002,,,,,,
2016-10-13 00:00:00,637.62,637.01,644.29,636.38,5009.93379241005,,,,,,
2016-10-14 00:00:00,637.01,643.0,645.4,636.72,6637.09071324007,,,,,,
2016-10-15 00:00:00,642.74,640.2,645.69,637.91,2402.26242554,,,,,,
2016-10-16 00:00:00,640.42,644.18,645.8,639.82,2389.29065568,,,,,,
2016-10-17 00:00:00,644.17,639.79,644.56,637.58,5018.03177220003,,,,,,
2016-10-18 00:00:00,639.71,638.68,641.98,632.93,6087.91173668002,,,,,,
2016-10-19 00:00:00,638.69,631.77,644.0,627.84,8991.46184485016,,,,,,
2016-10-20 00:00:00,631.56,632.46,633.61,628.0,3336.85339327005,,,,,,
2016-10-21 00:00:00,632.46,636.73,639.0,632.0,7218.71238716002,,,,,,
2016-10-22 00:00:00,635.91,664.99,672.2,635.06,10094.58498193,,,,,,
2016-10-23 00:00:00,664.99,659.03,671.4,656.04,5729.98352418004,,,,,,
2016-10-24 00:00:00,658.36,654.65,659.41,654.01,5695.45023816004,,,,,,
2016-10-25 00:00:00,654.35,659.52,670.0,652.6,5525.77069839003,,,,,,
2016-10-26 00:00:00,659.49,678.7,685.84,658.46,11694.7207574001,,,,,,
2016-10-27 00:00:00,678.7,688.67,690.92,676.69,12929.4740869501,,,,,,
2016-10-28 00:00:00,688.29,693.47,695.34,681.08,10104.6272574201,,,,,,
2016-10-29 00:00:00,693.32,714.51,724.0,691.42,15281.3597846301,,,,,,
2016-10-30 00:00:00,714.74,702.55,716.66,696.96,12196.4548123902,,,,,,
2016-10-31 00:00:00,702.57,701.02,709.0,687.6,8567.8597169401,,,,,,
2016-11-01 00:00:00,701.01,734.6,746.55,701.01,22309.5425613197,,,,,,
2016-11-02 00:00:00,734.6,750.85,751.47,723.59,9392.42912698002,,,,,,
2016-11-03 00:00:00,751.1,692.51,754.66,676.0,28203.1650261297,,,,,,
2016-11-04 00:00:00,692.66,707.62,710.9,686.42,14558.2856555302,,,,,,
2016-11-05 00:00:00,708.15,708.89,713.88,700.82,6022.25996563,,,,,,
2016-11-06 00:00:00,709.14,713.95,721.61,700.01,7163.32896867004,,,,,,
2016-11-07 00:00:00,713.8,705.55,713.8,700.02,3788.61245453003,,,,,,
2016-11-08 00:00:00,705.42,711.99,717.99,703.0,9870.58000188007,,,,,,
2016-11-09 00:00:00,711.98,724.54,743.06,708.5,15100.0995733101,,,,,,
2016-11-10 00:00:00,723.37,714.87,725.0,709.13,4457.54406507004,,,,,,
2016-11-11 00:00:00,714.87,716.22,719.37,712.03,4914.19872949002,,,,,,
2016-11-12 00:00:00,716.61,703.57,716.99,700.1,5914.20699190993,,,,,,
2016-11-13 00:00:00,703.56,703.64,706.47,687.6,8691.96006393006,,,,,,
2016-11-14 00:00:00,703.61,707.43,709.91,698.76,6011.54651731006,,,,,,
2016-11-15 00:00:00,707.44,712.17,720.05,707.4,7936.33043227999,,,,,,
2016-11-16 00:00:00,712.0,744.98,747.49,710.0,17948.5067142801,,,,,,
2016-11-17 00:00:00,744.98,740.67,763.85,735.0,14889.3087468902,,,,,,
2016-11-18 00:00:00,740.01,753.97,759.89,734.5,6962.71085661007,,,,,,
2016-11-19 00:00:00,753.91,752.9,759.99,740.0,6044.66287600001,,,,,,
2016-11-20 00:00:00,752.17,729.67,757.0,711.16,13912.6238054002,,,,,,
2016-11-21 00:00:00,729.68,738.99,740.6,728.08,7200.78511530006,,,,,,
2016-11-22 00:00:00,739.0,749.85,753.91,733.25,9485.31653992002,,,,,,
2016-11-23 00:00:00,749.85,742.0,750.91,730.79,5581.25749339006,,,,,,
2016-11-24 00:00:00,741.99,737.61,744.32,727.61,6069.21753303018,,,,,,
2016-11-25 00:00:00,737.67,740.36,741.12,730.0,4062.25913716011,,,,,,
2016-11-26 00:00:00,739.77,731.19,740.99,720.0,4490.18685577,,,,,,
2016-11-27 00:00:00,731.27,724.9,736.19,722.5,3495.31780063057,,,,,,
2016-11-28 00:00:00,724.99,731.52,734.99,724.99,4139.05898631042,,,,,,
2016-11-29 00:00:00,731.52,731.05,734.89,728.68,5649.69631816001,,,,,,
2016-11-30 00:00:00,731.06,739.0,743.14,728.98,5529.65195159008,,,,,,
2016-12-01 00:00:00,739.0,755.36,756.0,738.8,13400.3128640701,,,,,,
2016-12-02 00:00:00,755.42,774.88,779.21,755.15,13415.1899430304,,,,,,
2016-12-03 00:00:00,774.87,765.46,774.87,755.98,5730.44318638009,,,,,,
2016-12-04 00:00:00,765.98,768.5,769.99,758.82,4202.67589499,,,,,,
2016-12-05 00:00:00,768.5,750.62,769.0,744.59,10067.8722018801,,,,,,
2016-12-06 00:00:00,750.85,757.36,758.5,750.44,5279.31102049009,,,,,,
2016-12-07 00:00:00,757.18,765.01,774.92,746.16,10694.9544167901,,,,,,
2016-12-08 00:00:00,765.02,765.01,773.2,762.66,4751.01944947002,,,,,,
2016-12-09 00:00:00,765.01,770.5,772.72,765.0,3651.76507059,,,,,,
2016-12-10 00:00:00,770.5,772.9,777.77,769.99,3364.77600041,,,,,,
2016-12-11 00:00:00,773.01,770.21,773.73,761.84,4144.94343010001,,,,,,
2016-12-12 00:00:00,770.21,777.99,785.0,770.21,6758.33976156003,,,,,,
2016-12-13 00:00:00,777.99,775.0,788.87,762.89,5581.84400278004,,,,,,
2016-12-14 00:00:00,775.0,774.49,781.16,771.15,3680.69569057001,,,,,,
2016-12-15 00:00:00,774.5,777.43,780.12,774.5,3184.82202996003,,,,,,
2016-12-16 00:00:00,777.78,784.17,785.06,775.85,4774.94217575004,,,,,,
2016-12-17 00:00:00,784.17,790.99,793.0,782.93,6201.33773511001,,,,,,
2016-12-18 00:00:00,790.99,790.21,792.8,784.36,2432.0011579,,,,,,
2016-12-19 00:00:00,790.18,790.59,792.27,787.75,2153.17342050999,,,,,,
2016-12-20 00:00:00,790.59,797.99,802.33,787.86,6992.55928622007,,,,,,
2016-12-21 00:00:00,797.99,829.34,830.5,794.95,16218.6405102205,,,,,,
2016-12-22 00:00:00,829.33,859.2,874.0,825.0,15249.7644032003,,,,,,
2016-12-23 00:00:00,859.0,918.99,920.0,859.0,26032.6640386989,,,,,,
2016-12-24 00:00:00,917.29,895.24,919.99,882.41,7388.14310165006,,,,,,
2016-12-25 00:00:00,895.31,898.0,904.55,858.62,12044.6331932602,,,,,,
2016-12-26 00:00:00,898.0,906.4,920.0,894.21,11822.1568062802,,,,,,
2016-12-27 00:00:00,906.37,936.43,940.0,903.51,9187.27164670021,,,,,,
2016-12-28 00:00:00,936.42,981.7,983.0,935.93,20822.7664217397,,,,,,
2016-12-29 00:00:00,981.7,974.74,983.0,945.0,22557.8630825002,,,,,,
2016-12-30 00:00:00,973.41,959.26,974.32,929.5,19356.9587425599,,,,,,
2016-12-31 00:00:00,959.19,966.58,968.2,945.01,7156.0277171801,,,,,,
2017-01-01 00:00:00,966.61,998.99,1006.5,961.26,13441.1489754802,,,,,,
2017-01-02 00:00:00,999.0,1019.3,1035.0,994.1,21808.6345049701,,,,,,
2017-01-03 00:00:00,1019.6,1037.5,1040.0,1013.5,14107.9557139402,,,,,,
2017-01-04 00:00:00,1037.6,1139.6,1150.0,1036.4,53728.8387676194,,,,,,
2017-01-05 00:00:00,1138.3,1003.2,1166.0,850.79,91204.8248665097,,,,,,
2017-01-06 00:00:00,1003.8,898.5,1025.0,871.0,57405.1450472003,,,,,,
2017-01-07 00:00:00,898.2,908.0,911.09,815.0,40602.99825714,,,,,,
2017-01-08 00:00:00,908.03,915.9,943.6,890.0,30742.5954324863,,,,,,
2017-01-09 00:00:00,915.9,903.0,916.7,875.0,16587.3436889306,,,,,,
2017-01-10 00:00:00,903.01,905.76,918.0,895.48,12138.6220522599,,,,,,
2017-01-11 00:00:00,905.76,779.54,923.66,760.0,62866.9394011799,,,,,,
2017-01-12 00:00:00,779.54,804.58,831.18,735.0,35912.5332048581,,,,,,
2017-01-13 00:00:00,804.58,828.12,832.39,775.61,25872.9606261993,,,,,,
2017-01-14 00:00:00,827.22,815.3,838.54,800.03,12532.91801594,,,,,,
2017-01-15 00:00:00,816.7,820.74,823.0,805.03,5392.39823595011,,,,,,
2017-01-16 00:00:00,821.16,830.1,837.97,813.94,7652.41647063009,,,,,,
2017-01-17 00:00:00,830.0,903.99,910.8,828.0,27345.2265639792,,,,,,
2017-01-18 00:00:00,903.99,887.46,913.85,847.23,21304.1073996193,,,,,,
2017-01-19 00:00:00,887.49,900.29,910.03,883.49,15082.0972894705,,,,,,
2017-01-20 00:00:00,901.56,895.74,904.99,883.06,9494.9637827601,,,,,,
2017-01-21 00:00:00,896.14,924.02,931.01,893.89,12173.6185188502,,,,,,
2017-01-22 00:00:00,924.3,923.72,939.9,892.0,21843.9627959292,,,,,,
2017-01-23 00:00:00,923.72,908.52,928.87,905.99,9766.87832709054,,,,,,
2017-01-24 00:00:00,908.36,886.1,927.34,884.2,20709.8354672402,,,,,,
2017-01-25 00:00:00,886.45,893.35,899.61,884.2,10476.7311703202,,,,,,
2017-01-26 00:00:00,893.9,915.12,917.64,893.49,9821.49759912015,,,,,,
2017-01-27 00:00:00,915.1,916.7,922.16,905.0,10140.8997787201,,,,,,
2017-01-28 00:00:00,916.98,919.43,923.99,915.01,3614.96133848001,,,,,,
2017-01-29 00:00:00,919.48,912.55,922.99,910.72,2700.81599477999,,,,,,
2017-01-30 00:00:00,912.56,917.35,920.89,910.01,3459.90937732,,,,,,
2017-01-31 00:00:00,917.35,966.19,969.4,916.75,19636.0516497089,,,,,,
2017-02-01 00:00:00,966.2,983.73,985.0,960.1,11349.8624264704,,,,,,
2017-02-02 00:00:00,983.75,1007.0,1010.6,970.1,17790.5587691402,,,,,,
2017-02-03 00:00:00,1007.0,1015.7,1020.5,986.11,18970.0029197292,,,,,,
2017-02-04 00:00:00,1015.8,1031.1,1040.0,1001.6,17193.3583042801,,,,,,
2017-02-05 00:00:00,1030.9,1006.6,1033.0,995.1,16188.3222071304,,,,,,
2017-02-06 00:00:00,1007.0,1022.6,1026.3,1006.0,8898.68443426004,,,,,,
2017-02-07 00:00:00,1022.8,1052.1,1056.4,1021.7,15185.9733808304,,,,,,
2017-02-08 00:00:00,1052.5,1048.8,1070.0,1006.5,23087.4318150293,,,,,,
2017-02-09 00:00:00,1049.0,984.97,1078.0,936.34,59960.080087631,,,,,,
2017-02-10 00:00:00,984.97,992.0,1002.0,949.36,24479.8864293895,,,,,,
2017-02-11 00:00:00,992.02,1000.1,1009.0,984.01,9333.99287000022,,,,,,
2017-02-12 00:00:00,1000.0,996.01,1005.8,992.33,4334.14418188987,,,,,,
2017-02-13 00:00:00,996.0,996.5,1004.8,974.22,9050.8522955902,,,,,,
2017-02-14 00:00:00,996.52,1013.3,1019.0,988.6,12201.4165902302,,,,,,
2017-02-15 00:00:00,1013.4,1013.9,1018.2,1002.3,5612.05335299008,,,,,,
2017-02-16 00:00:00,1013.9,1038.5,1045.8,1013.9,11260.0458422903,,,,,,
2017-02-17 00:00:00,1037.2,1056.2,1067.4,1033.1,16170.4896515203,,,,,,
2017-02-18 00:00:00,1056.9,1059.7,1071.1,1053.1,7148.61940527015,,,,,,
2017-02-19 00:00:00,1059.1,1056.2,1066.0,1045.0,6437.65012328009,,,,,,
2017-02-20 00:00:00,1056.3,1091.2,1110.0,1040.1,13291.4059850103,,,,,,
2017-02-21 00:00:00,1091.8,1129.6,1134.0,1085.0,24501.7230105393,,,,,,
2017-02-22 00:00:00,1130.1,1125.5,1140.0,1106.4,14325.9646490103,,,,,,
2017-02-23 00:00:00,1125.6,1189.8,1197.0,1116.5,26155.6469499494,,,,,,
2017-02-24 00:00:00,1189.5,1185.4,1222.4,1110.0,48194.7342883788,,,,,,
2017-02-25 00:00:00,1185.4,1153.0,1189.9,1131.3,16284.7020836299,,,,,,
2017-02-26 00:00:00,1153.0,1178.3,1186.1,1130.7,11081.0464165302,,,,,,
2017-02-27 00:00:00,1178.7,1195.5,1204.0,1170.0,11761.4628949301,,,,,,
2017-02-28 00:00:00,1195.7,1189.1,1216.0,1176.6,17472.5765479201,,,,,,
2017-03-01 00:00:00,1189.1,1233.2,1236.4,1186.0,22515.1437391486,,,,,,
2017-03-02 00:00:00,1233.7,1258.0,1285.9,1212.0,30567.9957589571,,,,,,
2017-03-03 00:00:00,1258.5,1289.2,1294.9,1256.0,22291.0417463697,,,,,,
2017-03-04 00:00:00,1289.2,1267.8,1291.9,1240.0,15548.9897331203,,,,,,
2017-03-05 00:00:00,1267.0,1278.4,1279.9,1245.0,9315.37985801007,,,,,,
2017-03-06 00:00:00,1278.5,1279.2,1287.8,1268.0,9601.03362080023,,,,,,
2017-03-07 00:00:00,1279.3,1232.4,1282.0,1185.0,42010.7734578195,,,,,,
2017-03-08 00:00:00,1232.3,1150.0,1243.6,1142.1,46839.6462674502,,,,,,
2017-03-09 00:00:00,1149.4,1190.4,1207.6,1136.0,24142.6986455788,,,,,,
2017-03-10 00:00:00,1190.3,1115.4,1339.9,958.5,104909.771706126,,,,,,
2017-03-11 00:00:00,1113.0,1172.4,1196.6,1101.2,31258.1893224986,,,,,,
2017-03-12 00:00:00,1172.5,1224.4,1232.7,1166.8,18976.8181756998,,,,,,
2017-03-13 00:00:00,1224.4,1238.5,1247.3,1206.7,23066.9979558698,,,,,,
2017-03-14 00:00:00,1238.5,1245.0,1258.8,1218.9,17971.7632410601,,,,,,
2017-03-15 00:00:00,1244.4,1256.2,1263.9,1241.0,15839.6247415402,,,,,,
2017-03-16 00:00:00,1257.1,1168.6,1259.7,1132.5,51470.95183399,,,,,,
2017-03-17 00:00:00,1169.1,1070.4,1169.8,1065.0,59231.7153708893,,,,,,
2017-03-18 00:00:00,1067.8,971.51,1097.9,935.11,87862.7376000397,,,,,,
2017-03-19 00:00:00,971.63,1016.5,1059.0,969.4,40547.8001733593,,,,,,
2017-03-20 00:00:00,1016.1,1040.5,1054.2,1011.0,20542.7619701799,,,,,,
2017-03-21 00:00:00,1040.5,1115.9,1122.3,1039.0,33405.3452008094,,,,,,
2017-03-22 00:00:00,1115.7,1039.1,1116.0,985.55,41325.1195286282,,,,,,
2017-03-23 00:00:00,1039.3,1032.7,1055.0,1018.0,19321.7370522401,,,,,,
2017-03-24 00:00:00,1032.7,942.13,1034.6,928.0,43525.1162335468,,,,,,
2017-03-25 00:00:00,942.14,972.17,981.0,888.2,46012.43192404,,,,,,
2017-03-26 00:00:00,972.17,968.9,1006.0,950.1,33261.2371701374,,,,,,
2017-03-27 00:00:00,969.0,1042.7,1046.9,960.1,31918.3455324584,,,,,,
2017-03-28 00:00:00,1042.8,1044.7,1068.9,1016.2,25249.2877768799,,,,,,
2017-03-29 00:00:00,1044.3,1041.8,1059.0,1008.5,22321.1913768087,,,,,,
2017-03-30 00:00:00,1041.7,1041.2,1053.5,1021.2,24804.7574417179,,,,,,
2017-03-31 00:00:00,1041.2,1081.5,1089.4,1035.0,27501.3077320672,,,,,,
2017-04-01 00:00:00,1081.3,1093.5,1106.9,1070.0,16999.2779878399,,,,,,
2017-04-02 00:00:00,1093.3,1107.5,1118.2,1080.9,20419.5834498486,,,,,,
2017-04-03 00:00:00,1107.6,1150.1,1159.9,1107.5,30421.8775209303,,,,,,
2017-04-04 00:00:00,1150.2,1145.8,1165.6,1124.0,21160.7229220402,,,,,,
2017-04-05 00:00:00,1145.7,1140.4,1146.7,1111.2,22550.2432796291,,,,,,
2017-04-06 00:00:00,1140.5,1191.5,1206.4,1140.3,32172.3977498992,,,,,,
2017-04-07 00:00:00,1191.5,1196.6,1209.0,1176.7,20436.90678347,,,,,,
2017-04-08 00:00:00,1196.4,1188.1,1202.9,1171.0,11020.4610027101,,,,,,
2017-04-09 00:00:00,1188.1,1215.9,1226.9,1179.4,16311.4410083001,,,,,,
2017-04-10 00:00:00,1216.3,1220.3,1229.9,1208.0,11550.7684400504,,,,,,
2017-04-11 00:00:00,1220.2,1235.6,1244.7,1209.1,9556.43937579012,,,,,,
2017-04-12 00:00:00,1236.0,1227.4,1244.3,1221.0,12009.3682236701,,,,,,
2017-04-13 00:00:00,1227.4,1186.9,1235.3,1163.3,19137.2805039994,,,,,,
2017-04-14 00:00:00,1189.2,1206.8,1219.2,1184.0,12312.6693265707,,,,,,
2017-04-15 00:00:00,1206.7,1193.3,1215.0,1190.0,9146.27230828019,,,,,,
2017-04-16 00:00:00,1194.0,1212.0,1217.6,1190.1,4501.30140112008,,,,,,
2017-04-17 00:00:00,1212.5,1240.0,1247.0,1202.0,15156.7622115203,,,,,,
2017-04-18 00:00:00,1240.0,1265.4,1274.8,1237.0,16135.9472092702,,,,,,
2017-04-19 00:00:00,1265.2,1260.5,1272.0,1254.3,7585.47446029015,,,,,,
2017-04-20 00:00:00,1260.5,1308.5,1326.9,1259.9,15619.6529428702,,,,,,
2017-04-21 00:00:00,1308.5,1327.0,1333.1,1307.0,7996.0628207001,,,,,,
2017-04-22 00:00:00,1327.0,1346.4,1354.9,1290.0,12373.8102048603,,,,,,
2017-04-23 00:00:00,1345.4,1355.2,1359.0,1336.0,7747.28495256015,,,,,,
2017-04-24 00:00:00,1355.3,1345.0,1359.6,1325.0,7914.95740395021,,,,,,
2017-04-25 00:00:00,1345.0,1371.1,1378.5,1342.1,8274.25031814015,,,,,,
2017-04-26 00:00:00,1372.1,1400.0,1411.7,1362.3,11805.3850042802,,,,,,
2017-04-27 00:00:00,1399.3,1440.3,1449.7,1392.5,10395.0229218703,,,,,,
2017-04-28 00:00:00,1440.5,1415.6,1447.0,1366.0,14015.4395093903,,,,,,
2017-04-29 00:00:00,1415.9,1423.6,1439.5,1400.1,8767.24728441024,,,,,,
2017-04-30 00:00:00,1425.4,1435.0,1443.7,1400.1,8518.99891980005,,,,,,
2017-05-01 00:00:00,1435.3,1533.0,1560.0,1432.0,22304.3877604697,,,,,,
2017-05-02 00:00:00,1533.0,1558.5,1604.6,1473.0,16733.9475974005,,,,,,
2017-05-03 00:00:00,1560.0,1619.0,1627.0,1541.9,17068.4902799902,,,,,,
2017-05-04 00:00:00,1619.6,1607.1,1702.0,1519.0,31487.7339459602,,,,,,
2017-05-05 00:00:00,1607.2,1545.1,1665.9,1505.0,32641.0270463685,,,,,,
2017-05-06 00:00:00,1545.0,1597.0,1605.1,1540.1,14017.3668999998,,,,,,
2017-05-07 00:00:00,1597.0,1619.9,1632.5,1575.1,13909.0467754696,,,,,,
2017-05-08 00:00:00,1620.0,1703.5,1715.0,1618.9,19909.4718559097,,,,,,
2017-05-09 00:00:00,1703.4,1760.0,1815.0,1695.1,31202.8104867668,,,,,,
2017-05-10 00:00:00,1760.0,1796.9,1817.4,1722.3,18622.8484455504,,,,,,
2017-05-11 00:00:00,1796.1,1853.9,1908.1,1763.6,24389.694941908,,,,,,
2017-05-12 00:00:00,1855.0,1735.0,1864.8,1700.2,21397.5975242081,,,,,,
2017-05-13 00:00:00,1733.7,1819.5,1825.0,1666.0,16604.1258001998,,,,,,
2017-05-14 00:00:00,1820.6,1827.3,1852.4,1775.2,11331.5493949403,,,,,,
2017-05-15 00:00:00,1827.3,1772.0,1830.4,1719.0,15744.12619515,,,,,,
2017-05-16 00:00:00,1772.0,1786.2,1795.1,1728.0,9553.87684399048,,,,,,
2017-05-17 00:00:00,1785.4,1870.0,1894.0,1766.3,15843.5286656904,,,,,,
2017-05-18 00:00:00,1870.0,1941.5,1954.6,1861.0,12907.3144423803,,,,,,
2017-05-19 00:00:00,1941.9,1966.5,2000.0,1925.0,23001.5427725889,,,,,,
2017-05-20 00:00:00,1966.5,2059.3,2072.2,1962.9,21690.0223931698,,,,,,
2017-05-21 00:00:00,2059.3,2026.6,2099.1,2000.1,17221.8786750998,,,,,,
2017-05-22 00:00:00,2027.0,2087.3,2222.2,1978.0,57242.1145968548,,,,,,
2017-05-23 00:00:00,2087.3,2249.6,2264.2,2060.0,22521.5591380498,,,,,,
2017-05-24 00:00:00,2249.2,2395.5,2444.9,2246.1,29621.0278430363,,,,,,
2017-05-25 00:00:00,2395.5,2268.1,2690.0,2141.1,55155.5877139882,,,,,,
2017-05-26 00:00:00,2268.2,2125.9,2477.0,2007.0,39695.5480357392,,,,,,
2017-05-27 00:00:00,2126.0,1980.2,2210.8,1810.0,47142.4121127775,,,,,,
2017-05-28 00:00:00,1979.9,2056.9,2194.4,1950.0,25758.3887118791,,,,,,
2017-05-29 00:00:00,2056.8,2207.4,2249.8,1990.0,16457.5019612902,,,,,,
2017-05-30 00:00:00,2207.0,2146.7,2265.0,2080.1,21448.6334951499,,,,,,
2017-05-31 00:00:00,2146.8,2191.8,2241.0,2000.0,21235.8053827904,,,,,,
2017-06-01 00:00:00,2191.60075499,2312.0,2368.2,2187.3,18959.5129336808,,,,,,
2017-06-02 00:00:00,2311.9,2405.9,2408.0,2262.8,12549.6432315203,,,,,,
2017-06-03 00:00:00,2404.7,2461.0,2481.2,2347.6,10767.9819059304,,,,,,
2017-06-04 00:00:00,2461.6,2488.2,2498.0,2365.0,11880.3834203905,,,,,,
2017-06-05 00:00:00,2488.2,2636.9,2649.5,2480.0,15390.9031847407,,,,,,
2017-06-06 00:00:00,2636.7,2844.6,2899.7,2620.0,42687.6687899471,,,,,,
2017-06-07 00:00:00,2844.7,2644.0,2850.0,2600.1,22094.3985270497,,,,,,
2017-06-08 00:00:00,2644.1,2781.5,2789.5,2527.0,16977.8160889511,,,,,,
2017-06-09 00:00:00,2783.2,2809.0,2849.8,2763.9,9521.11676705026,,,,,,
2017-06-10 00:00:00,2809.0,2806.0,2890.5,2711.1,16167.3157250805,,,,,,
2017-06-11 00:00:00,2810.6,2941.8,3003.0,2793.4,19034.1368149786,,,,,,
2017-06-12 00:00:00,2938.8,2569.6,2962.2,2284.4,48340.9476884156,,,,,,
2017-06-13 00:00:00,2569.0,2677.1,2730.0,2528.1,23172.0588839199,,,,,,
2017-06-14 00:00:00,2677.1,2394.3,2722.42278245,2280.0,34717.7738396686,,,,,,
2017-06-15 00:00:00,2393.3,2377.5,2455.0,2046.0,55839.1279937395,,,,,,
2017-06-16 00:00:00,2378.7,2437.5,2487.0,2257.8,22402.3879285292,,,,,,
2017-06-17 00:00:00,2437.5,2610.1,2636.9,2368.1,16637.61754264,,,,,,
2017-06-18 00:00:00,2610.0,2491.4,2640.0,2420.0,19988.15666217,,,,,,
2017-06-19 00:00:00,2491.5,2582.0,2593.9,2480.0,13719.3025036201,,,,,,
2017-06-20 00:00:00,2582.0,2714.5,2780.0,2568.2,20548.8791690898,,,,,,
2017-06-21 00:00:00,2713.6,2624.4,2760.0,2572.3,24534.6422594791,,,,,,
2017-06-22 00:00:00,2621.9,2672.8,2709.0,2554.8,15181.5491080298,,,,,,
2017-06-23 00:00:00,2672.8,2674.9,2726.0,2652.0,8139.4127455101,,,,,,
2017-06-24 00:00:00,2673.1,2502.6,2700.0,2452.86920686,16770.8454523203,,,,,,
2017-06-25 00:00:00,2504.9,2483.3,2595.0,2368.3,18137.8820039799,,,,,,
2017-06-26 00:00:00,2483.0,2393.6,2510.4,2258.7,36367.6957576298,,,,,,
2017-06-27 00:00:00,2393.5,2521.2,2524.0,2207.8,33486.1823372386,,,,,,
2017-06-28 00:00:00,2521.2,2518.2,2566.8,2403.2,21827.3136470498,,,,,,
2017-06-29 00:00:00,2518.5,2472.4,2537.8,2424.0,12961.9523678,,,,,,
2017-06-30 00:00:00,2472.3,2420.6,2511.1,2404.0,10401.1029353303,,,,,,
2017-07-01 00:00:00,2420.6,2346.2,2441.0,2291.0,15078.9635178703,,,,,,
2017-07-02 00:00:00,2346.1,2445.1,2476.3,2302.0,12034.3884684906,,,,,,
2017-07-03 00:00:00,2445.1,2524.0,2587.4,2416.2,16140.0267228507,,,,,,
2017-07-04 00:00:00,2525.7,2579.9,2628.6,2511.0,15748.2677548813,,,,,,
2017-07-05 00:00:00,2579.9,2598.6,2619.0,2477.9,13534.2209013401,,,,,,
2017-07-06 00:00:00,2598.5,2593.2,2607.1,2546.0,9831.80500857039,,,,,,
2017-07-07 00:00:00,2592.9,2479.3,2598.8,2447.0,17684.0187603005,,,,,,
2017-07-08 00:00:00,2479.4,2542.0,2542.6,2436.1,9695.5666662502,,,,,,
2017-07-09 00:00:00,2542.0,2477.9,2555.7,2470.8,7783.15800355,,,,,,
2017-07-10 00:00:00,2480.5,2318.3,2499.9,2236.6,28087.9980542584,,,,,,
2017-07-11 00:00:00,2318.3,2283.8,2375.0,2182.0,33052.1904416996,,,,,,
2017-07-12 00:00:00,2285.5,2375.6,2397.0,2190.0,21670.2604844494,,,,,,
2017-07-13 00:00:00,2374.2,2330.1,2400.0,2293.1,18420.25303352,,,,,,
2017-07-14 00:00:00,2330.1,2206.5,2345.6,2138.0,27737.40511138,,,,,,
2017-07-15 00:00:00,2206.5,1978.6,2210.1,1975.1,41756.10334064,,,,,,
2017-07-16 00:00:00,1978.5,1925.0,2051.1,1826.2,53021.70937327,,,,,,
2017-07-17 00:00:00,1925.0,2220.0,2223.5,1923.2,40491.97402145,,,,,,
2017-07-18 00:00:00,2220.0,2302.8,2380.2,2139.0,44173.71437714,,,,,,
2017-07-19 00:00:00,2300.4,2253.4,2400.0,2213.9,35723.08734982,,,,,,
2017-07-20 00:00:00,2253.3,2865.1,2922.0,2253.3,83576.70120792,,,,,,
2017-07-21 00:00:00,2874.4,2659.0,2890.0,2615.0,57421.33484214,,,,,,
2017-07-22 00:00:00,2659.7,2844.7,2917.0,2642.8,35233.48963492,,,,,,
2017-07-23 00:00:00,2844.7,2750.1,2877.5,2655.0,35184.98212472,,,,,,
2017-07-24 00:00:00,2749.2,2769.7,2812.0,2707.1,20704.17808636,,,,,,
2017-07-25 00:00:00,2769.7,2560.9,2790.1,2417.0,56100.38383885,,,,,,
2017-07-26 00:00:00,2560.9,2527.73811996,2612.0,2404.0,34182.49178777,,,,,,
2017-07-27 00:00:00,2527.73811996,2664.6,2682.2,2511.0,31351.53802505,,,,,,
2017-07-28 00:00:00,2664.6,2784.8,2820.0,2655.5,40535.16793338,,,,,,
2017-07-29 00:00:00,2784.9,2713.1,2794.2,2662.0,24269.79377942,,,,,,
2017-07-30 00:00:00,2713.3,2748.2,2760.0,2582.9,34957.05960447,,,,,,
2017-07-31 00:00:00,2748.2,2854.3,2883.5,2694.4,27572.20108312,,,,,,
2017-08-01 00:00:00,2854.1,2731.3,2902.2,2604.0,42307.80919837,,,,,,
2017-08-02 00:00:00,2731.9,2702.0,2758.0,2610.0,23762.21734343,,,,,,
2017-08-03 00:00:00,2702.2,2790.3,2820.0,2698.0,16855.03770022,,,,,,
2017-08-04 00:00:00,2790.4,2860.0,2876.0,2762.1,18994.72100108,,,,,,
2017-08-05 00:00:00,2860.0,3252.3,3339.5,2853.3,50558.24084609,,,,,,
2017-08-06 00:00:00,3252.3,3232.1,3315.5,3155.8,16949.87411874,,,,,,
2017-08-07 00:00:00,3232.0,3396.0,3440.0,3190.0,24533.43663551,,,,,,
2017-08-08 00:00:00,3395.9,3415.0,3483.8,3340.0,31720.31264697,,,,,,
2017-08-09 00:00:00,3415.0,3340.4,3430.0,3235.1,26260.31204254,,,,,,
2017-08-10 00:00:00,3340.3,3405.0,3447.0,3310.0,19129.99938696,,,,,,
2017-08-11 00:00:00,3404.9,3643.4,3695.0,3380.0,26420.38188547,,,,,,
2017-08-12 00:00:00,3642.4,3866.2,3970.1,3589.5,37660.6403351,,,,,,
2017-08-13 00:00:00,3865.7,4061.6,4190.0,3834.2,48212.99471929,,,,,,
2017-08-14 00:00:00,4061.0,4320.8,4330.3,3951.0,34185.63060683,,,,,,
2017-08-15 00:00:00,4321.0,4151.8,4430.0,3832.5,64111.03447992,,,,,,
2017-08-16 00:00:00,4151.9,4386.4,4405.0,3925.1,35292.3092464,,,,,,
2017-08-17 00:00:00,4386.3,4263.0,4492.3,4152.0,40307.03720301,,,,,,
2017-08-18 00:00:00,4262.9,4090.1,4360.0,3954.0,46806.57023528,,,,,,
2017-08-19 00:00:00,4090.1,4145.0,4187.0,3907.0,41765.2743971,,,,,,
2017-08-20 00:00:00,4145.1,4063.1,4199.9,3975.1,25124.9456383,,,,,,
2017-08-21 00:00:00,4059.6,3998.2,4094.7,3951.0,26586.21907274,,,,,,
2017-08-22 00:00:00,3997.6,4081.9,4141.9,3599.0,61727.79500618,,,,,,
2017-08-23 00:00:00,4083.9,4130.2,4255.2,4045.0,27484.37736384,,,,,,
2017-08-24 00:00:00,4130.8,4322.1,4381.0,4089.9,22041.11871118,,,,,,
2017-08-25 00:00:00,4322.1,4351.5,4464.2,4250.0,27756.98848534,,,,,,
2017-08-26 00:00:00,4351.4,4340.4,4364.0,4240.7,14795.77225415,,,,,,
2017-08-27 00:00:00,4341.5,4332.8,4406.7,4304.4,11162.92615586,,,,,,
2017-08-28 00:00:00,4333.8,4385.1,4395.5,4175.0,21224.24667506,,,,,,
2017-08-29 00:00:00,4385.2,4587.1,4648.8,4325.1,32703.08252724,,,,,,
2017-08-30 00:00:00,4587.1,4568.0,4643.0,4481.0,17065.10090642,,,,,,
2017-08-31 00:00:00,4568.0,4718.3,4749.9,4566.9,18467.69958321,,,,,,
2017-09-01 00:00:00,4718.2,4907.7,4936.9,4660.0,28785.25415936,,,,,,
2017-09-02 00:00:00,4909.2,4532.3,4970.0,4400.1,54967.19887223,,,,,,
2017-09-03 00:00:00,4534.3,4598.5,4699.9,4331.0,33548.78863131,,,,,,
2017-09-04 00:00:00,4598.0,4205.0,4611.6,4052.0,59087.37648571,,,,,,
2017-09-05 00:00:00,4207.5,4375.0,4471.0,3900.1,57726.33956084,,,,,,
2017-09-06 00:00:00,4375.0,4595.8,4633.7,4352.4,38993.89335346,,,,,,
2017-09-07 00:00:00,4592.6,4613.7,4675.0,4455.1,23131.92973491,,,,,,
2017-09-08 00:00:00,4613.6,4304.0,4694.9,4105.0,60942.90237479,,,,,,
2017-09-09 00:00:00,4304.1,4315.9,4395.2,4151.0,31108.57266183,,,,,,
2017-09-10 00:00:00,4315.4,4233.9,4330.0,3974.1,45876.53276485,,,,,,
2017-09-11 00:00:00,4233.5,4198.7,4383.2,4123.0,30897.42090881,,,,,,
2017-09-12 00:00:00,4200.5,4149.4,4379.0,4050.0,40047.82707947,,,,,,
2017-09-13 00:00:00,4149.4,3849.7,4160.0,3731.7,71503.22762066,,,,,,
2017-09-14 00:00:00,3849.7,3235.3,3917.2,3204.7,127510.72380643,,,,,,
2017-09-15 00:00:00,3235.4,3697.1,3809.0,2980.4,183116.68152974,,,,,,
2017-09-16 00:00:00,3697.0,3681.5,3875.0,3511.1,70752.12868081,,,,,,
2017-09-17 00:00:00,3679.6,3666.6,3782.0,3465.1,37038.53669509,,,,,,
2017-09-18 00:00:00,3666.9,4084.4,4119.0,3666.9,58978.69285366,,,,,,
2017-09-19 00:00:00,4084.3,3892.2,4114.0,3836.2,47749.58338806,,,,,,
2017-09-20 00:00:00,3892.6,3872.4,4049.0,3829.0,33241.55770899,,,,,,
2017-09-21 00:00:00,3874.8,3596.7,3905.0,3560.0,56944.211721,,,,,,
2017-09-22 00:00:00,3600.0,3602.3,3748.0,3490.0,49235.11147446,,,,,,
2017-09-23 00:00:00,3597.9,3779.6,3808.7,3555.0,25640.09297131,,,,,,
2017-09-24 00:00:00,3779.3,3654.7,3783.0,3615.5,20883.29400183,,,,,,
2017-09-25 00:00:00,3654.4,3930.1,3977.0,3653.7,40157.86230585,,,,,,
2017-09-26 00:00:00,3930.0,3881.5,3985.0,3838.0,21401.21520912,,,,,,
2017-09-27 00:00:00,3881.7,4209.7,4229.5,3876.7,48624.86920721,,,,,,
2017-09-28 00:00:00,4207.5,4190.0,4269.0,4120.0,36575.28207875,,,,,,
2017-09-29 00:00:00,4190.0,4168.0,4245.0,4024.4,38941.76643093,,,,,,
2017-09-30 00:00:00,4167.6,4367.1,4397.0,4160.0,31498.77009665,,,,,,
2017-10-01 00:00:00,4367.1,4404.3,4424.0,4248.6,29229.55963961,,,,,,
2017-10-02 00:00:00,4404.3,4400.2,4482.0,4359.0,29071.34483179,,,,,,
2017-10-03 00:00:00,4400.2,4310.6,4439.9,4210.1,28542.15680717,,,,,,
2017-10-04 00:00:00,4309.6,4215.9,4359.2,4174.3,26370.95900433,,,,,,
2017-10-05 00:00:00,4215.9,4312.0,4372.3,4133.0,25368.41498163,,,,,,
2017-10-06 00:00:00,4311.9,4370.0,4425.8,4282.2,25931.89802114,,,,,,
2017-10-07 00:00:00,4370.0,4435.6,4505.0,4309.0,17423.88598883,,,,,,
2017-10-08 00:00:00,4435.9,4611.9,4632.4,4416.3,29834.38489802,,,,,,
2017-10-09 00:00:00,4611.8,4782.3,4879.8,4551.0,48928.09769134,,,,,,
2017-10-10 00:00:00,4782.3,4777.7,4940.0,4716.4,42701.37345587,,,,,,
2017-10-11 00:00:00,4777.1,4824.9,4881.4,4715.0,28908.1259726,,,,,,
2017-10-12 00:00:00,4824.9,5440.0,5445.0,4815.0,79502.85493293,,,,,,
2017-10-13 00:00:00,5440.0,5636.8,5920.0,5369.4,99110.62453184,,,,,,
2017-10-14 00:00:00,5636.8,5833.5,5857.4,5564.3,36810.98518561,,,,,,
2017-10-15 00:00:00,5834.9,5713.9,5877.0,5450.0,57475.73977445,,,,,,
2017-10-16 00:00:00,5712.1,5764.8,5810.0,5570.0,31410.43427206,,,,,,
2017-10-17 00:00:00,5764.7,5597.1,5779.0,5511.0,31906.14997325,,,,,,
2017-10-18 00:00:00,5597.2,5567.0,5597.9,5114.0,69045.87052166,,,,,,
2017-10-19 00:00:00,5568.1,5694.2,5744.0,5505.5,38038.56929783,,,,,,
2017-10-20 00:00:00,5694.1,5983.8,6088.4,5603.3,61777.29592668,,,,,,
2017-10-21 00:00:00,5983.7,6005.1,6199.9,5862.8,53487.98776009,,,,,,
2017-10-22 00:00:00,6005.9,5981.3,6075.0,5705.0,50572.76526313,,,,,,
2017-10-23 00:00:00,5982.4,5907.3,6055.0,5621.0,67056.95351285,,,,,,
2017-10-24 00:00:00,5907.3,5510.0,5907.3,5457.4,64024.8670318,,,,,,
2017-10-25 00:00:00,5510.0,5724.1,5746.9,5365.3,44825.34909819,,,,,,
2017-10-26 00:00:00,5724.2,5890.0,5966.6,5667.5,42724.28100853,,,,,,
2017-10-27 00:00:00,5889.9,5759.7,6020.0,5681.0,39712.73376073,,,,,,
2017-10-28 00:00:00,5759.8,5720.3,5864.0,5632.0,26663.07159007,,,,,,
2017-10-29 00:00:00,5719.7,6150.0,6345.0,5660.0,61967.82683328,,,,,,
2017-10-30 00:00:00,6150.0,6130.0,6239.0,6006.2,33217.40463982,,,,,,
2017-10-31 00:00:00,6127.9,6455.1,6481.5,6082.5,38821.10919356,,,,,,
2017-11-01 00:00:00,6455.0,6739.6,6739.9,6344.5,57203.78734181,,,,,,
2017-11-02 00:00:00,6739.2,7018.8,7350.0,6707.3,97337.20072213,,,,,,
2017-11-03 00:00:00,7018.8,7132.0,7448.0,6917.0,62939.21441725,,,,,,
2017-11-04 00:00:00,7132.0,7369.9,7530.0,6930.1,48598.07207096,,,,,,
2017-11-05 00:00:00,7370.0,7366.7,7598.0,7272.0,46299.95494806,,,,,,
2017-11-06 00:00:00,7365.6,6956.5,7440.0,6911.0,63265.49195175,,,,,,
2017-11-07 00:00:00,6955.2,7102.0,7220.0,6948.0,37539.62434544,,,,,,
2017-11-08 00:00:00,7102.1,7446.1,7899.9,6977.4,97303.17504447,,,,,,
2017-11-09 00:00:00,7446.0,7126.4,7450.0,7000.0,50139.52313385,,,,,,
2017-11-10 00:00:00,7126.4,6541.2,7324.0,6405.0,88416.47311226,,,,,,
2017-11-11 00:00:00,6545.0,6302.7,6789.0,6163.2,72841.28594997,,,,,,
2017-11-12 00:00:00,6299.0,5810.7,6469.6,5400.2,172712.47105986,,,,,,
2017-11-13 00:00:00,5810.0,6476.5,6682.0,5780.0,110443.62309468,,,,,,
2017-11-14 00:00:00,6476.6,6590.0,6689.5,6301.0,49482.76029047,,,,,,
2017-11-15 00:00:00,6590.0,7265.84095228,7319.0,6589.9,71616.02683285,,,,,,
2017-11-16 00:00:00,7263.5,7865.2,8020.0,7091.0,85873.80990599,,,,,,
2017-11-17 00:00:00,7867.3,7675.9,8040.0,7505.0,75935.97736376,,,,,,
2017-11-18 00:00:00,7674.1,7773.3,7867.8,7412.0,40707.78063388,,,,,,
2017-11-19 00:00:00,7773.2,8052.7,8130.0,7650.0,39114.0810318,,,,,,
2017-11-20 00:00:00,8052.6,8248.8,8315.0,7925.0,38281.50492472,,,,,,
2017-11-21 00:00:00,8249.0,8096.9,8380.0,7755.6,71852.37085306,,,,,,
2017-11-22 00:00:00,8096.8,8230.0,8310.0,8055.0,28861.36763085,,,,,,
2017-11-23 00:00:00,8230.1,7977.1,8268.0,7970.0,32131.52906014,,,,,,
2017-11-24 00:00:00,7977.73459081,8191.7,8352.1,7871.0,42835.906591,,,,,,
2017-11-25 00:00:00,8189.5,8753.4,8770.0,8131.6,44275.60759255,,,,,,
2017-11-26 00:00:00,8753.6,9305.1,9495.0,8746.9,67602.72955089,,,,,,
2017-11-27 00:00:00,9306.6,9723.6,9771.0,9231.0,66630.21890773,,,,,,
2017-11-28 00:00:00,9722.9,9892.1,9999.0,9580.8,47105.99712416,,,,,,
2017-11-29 00:00:00,9895.2,9766.1,11441.0,9000.0,182839.74930587,,,,,,
2017-11-30 00:00:00,9766.1,9907.0,10542.0,8801.0,129048.05557505,,,,,,
2017-12-01 00:00:00,9907.0,10860.0,10950.0,9370.1,84144.85318579,,,,,,
2017-12-02 00:00:00,10861.0,10880.0,11190.0,10621.0,49703.71905393,,,,,,
2017-12-03 00:00:00,10881.0,11162.0,11874.0,10161.0,93064.39457651,,,,,,
2017-12-04 00:00:00,11161.0,11599.0,11600.0,10718.0,63775.71081872,,,,,,
2017-12-05 00:00:00,11598.0,11592.0,11961.0,11405.0,48903.69405379,,,,,,
2017-12-06 00:00:00,11591.0,13509.0,13599.0,11590.0,83645.05680739,,,,,,
2017-12-07 00:00:00,13509.0,16609.0,16649.0,13139.0,141223.19309259,,,,,,
2017-12-08 00:00:00,16608.0,15822.0,17171.0,13722.0,124038.7915975,,,,,,
2017-12-09 00:00:00,15843.0,14661.0,16300.0,13010.0,77819.3270952,,,,,,
2017-12-10 00:00:00,14679.0,14960.0,15741.0,12730.63686141,107144.81058982,,,,,,
2017-12-11 00:00:00,14939.0,16753.0,17450.0,14927.0,78076.86384992,,,,,,
2017-12-12 00:00:00,16753.0,16972.0,17579.0,16210.0,52085.93457029,,,,,,
2017-12-13 00:00:00,16968.0,16171.0,17293.0,15632.0,62874.06664855,,,,,,
2017-12-14 00:00:00,16176.0,16384.0,16999.0,15851.0,45731.17445601,,,,,,
2017-12-15 00:00:00,16384.0,17569.0,18111.0,16349.0,63123.65764636,,,,,,
2017-12-16 00:00:00,17569.0,19210.0,19550.0,17050.0,48267.95066408,,,,,,
2017-12-17 00:00:00,19209.0,18960.0,19891.0,18622.0,51803.97212888,,,,,,
2017-12-18 00:00:00,18956.0,18928.0,19175.0,18010.0,53568.53299659,,,,,,
2017-12-19 00:00:00,18924.0,17345.0,18987.0,16400.0,66651.94721902,,,,,,
2017-12-20 00:00:00,17344.0,16425.0,17709.0,15500.0,82156.93475162,,,,,,
2017-12-21 00:00:00,16425.0,15645.0,17333.0,14801.0,65594.82857517,,,,,,
2017-12-22 00:00:00,15645.0,13173.0,15842.42999525,10700.0,178636.96590219,,,,,,
2017-12-23 00:00:00,13173.0,14035.0,14999.0,12521.0,59929.24368394,,,,,,
2017-12-24 00:00:00,14036.0,13477.0,14050.0,11600.0,72382.27824946,,,,,,
2017-12-25 00:00:00,13503.0,13633.0,14278.0,12675.0,45609.51553933,,,,,,
2017-12-26 00:00:00,13634.0,15680.0,16060.0,13531.0,63432.82131218,,,,,,
2017-12-27 00:00:00,15680.0,15375.0,16494.0,14454.0,54988.92117595,,,,,,
2017-12-28 00:00:00,15374.0,14323.0,15468.0,13145.0,72902.77821839,,,,,,
2017-12-29 00:00:00,14324.0,14304.0,15131.0,13826.0,47997.44310277,,,,,,
2017-12-30 00:00:00,14304.0,12384.0,14417.0,11651.0,75442.16785566,,,,,,
2017-12-31 00:00:00,12385.0,13769.0,14210.0,12166.0,43270.25129356,,,,,,
2018-01-01 00:00:00,13763.0,13376.0,13893.0,12777.0,29564.92955226,,,,,,
2018-01-02 00:00:00,13375.0,14722.0,15500.0,12795.0,56192.95272942,,,,,,
2018-01-03 00:00:00,14717.0,15150.0,15428.83091885,14500.0,38358.37345226,,,,,,
2018-01-04 00:00:00,15150.0,15159.0,15422.15785315,14060.0,46479.98264264,,,,,,
2018-01-05 00:00:00,15159.0,16911.0,17105.0,14725.0,54627.60106518,,,,,,
2018-01-06 00:00:00,16912.0,17169.0,17252.0,16251.0,29616.48524759,,,,,,
2018-01-07 00:00:00,17165.0,16215.35727958,17178.0,15712.0,30838.08496089,,,,,,
2018-01-08 00:00:00,16213.0,14906.0,16329.0,13755.0,64952.71702253,,,,,,
2018-01-09 00:00:00,14911.0,14425.0,15355.0,14122.0,43436.35912279,,,,,,
2018-01-10 00:00:00,14429.0,14900.0,14901.0,13300.0,57332.64613851,,,,,,
2018-01-11 00:00:00,14900.0,13254.0,14999.0,12639.0,71695.39341684,,,,,,
2018-01-12 00:00:00,13253.0,13794.0,14100.0,12751.0,37423.47346585,,,,,,
2018-01-13 00:00:00,13790.0,14199.0,14580.0,13750.0,29006.20195027,,,,,,
2018-01-14 00:00:00,14192.0,13558.0,14393.0,12874.34212454,35602.02327452,,,,,,
2018-01-15 00:00:00,13554.0,13601.0,14356.0,13300.0,33507.90572265,,,,,,
2018-01-16 00:00:00,13602.0,11065.0,13617.0,9940.0,131832.52144202,,,,,,
2018-01-17 00:00:00,11065.0,11108.0,11497.0,9231.1,132246.81650434,,,,,,
2018-01-18 00:00:00,11113.0,11030.0,11904.0,10515.0,85205.02453748,,,,,,
2018-01-19 00:00:00,11031.0,11476.0,11900.0,10647.0,48550.29998555,,,,,,
2018-01-20 00:00:00,11477.0,12731.0,13017.0,11407.0,46302.63241255,,,,,,
2018-01-21 00:00:00,12731.0,11514.0,12732.0,11015.0,53624.38681432,,,,,,
2018-01-22 00:00:00,11513.0,10779.0,11900.0,10009.0,66353.71775118,,,,,,
2018-01-23 00:00:00,10779.0,10811.0,11427.0,9900.0,63851.92778121,,,,,,
2018-01-24 00:00:00,10812.0,11391.0,11557.88958366,10430.0,43857.62788588,,,,,,
2018-01-25 00:00:00,11390.0,11147.0,11734.0,10845.0,34411.83155151,,,,,,
2018-01-26 00:00:00,11147.0,11070.0,11700.0,10276.0,56747.00561351,,,,,,
2018-01-27 00:00:00,11069.0,11458.0,11689.0,10800.0,34400.30046139,,,,,,
2018-01-28 00:00:00,11458.0,11828.0,12190.0,11390.0,29622.62450128,,,,,,
2018-01-29 00:00:00,11835.0,11217.81768538,11975.0,11070.0,25648.29835264,,,,,,
2018-01-30 00:00:00,11217.81768538,10171.0,11250.0,9860.4,61285.95988124,,,,,,
2018-01-31 00:00:00,10171.0,10267.0,10414.0,9760.0,43232.31052511,,,,,,
2018-02-01 00:00:00,10268.0,9181.0,10336.0,8941.0,78778.32009414,,,,,,
2018-02-02 00:00:00,9181.0,8890.9,9213.0,7960.0,123340.81540421,,,,,,
2018-02-03 00:00:00,8890.0,9225.06926588,9499.0,8180.0,51910.03301381,,,,,,
2018-02-04 00:00:00,9223.9,8185.2,9410.0,7809.0,74417.19860811,,,,,,
2018-02-05 00:00:00,8185.2,6946.6,8380.0,6651.0,131291.80006036,,,,,,
2018-02-06 00:00:00,6948.6,7678.8,7880.0,6000.0,192767.51589836,,,,,,
2018-02-07 00:00:00,7677.2,7586.9,8488.9,7175.1,106698.95836063,,,,,,
2018-02-08 00:00:00,7585.0,8239.7,8648.9,7565.0,77616.13731753,,,,,,
2018-02-09 00:00:00,8239.8,8678.1,8750.0,7724.9,63038.20332767,,,,,,
2018-02-10 00:00:00,8679.1,8563.0,9074.9,8151.3,68145.76424786,,,,,,
2018-02-11 00:00:00,8563.0,8069.3,8570.0,7851.0,52226.57572134,,,,,,
2018-02-12 00:00:00,8070.7,8902.9,9000.0,8069.57681296,51386.55107161,,,,,,
2018-02-13 00:00:00,8902.8,8511.6,8952.9,8313.52192073,39510.97625897,,,,,,
2018-02-14 00:00:00,8512.1,9455.5,9489.0,8512.1,50355.10445747,,,,,,
2018-02-15 00:00:00,9452.8,9996.0,10176.0,9338.0,67559.44509757,,,,,,
2018-02-16 00:00:00,9996.0,10162.0,10271.0,9670.0,43868.12020493,,,,,,
2018-02-17 00:00:00,10161.0,11062.0,11084.0,10049.0,52814.53068791,,,,,,
2018-02-18 00:00:00,11062.0,10400.0,11250.0,10122.0,69821.77417197,,,,,,
2018-02-19 00:00:00,10399.0,11172.0,11250.0,10308.0,50701.38956789,,,,,,
2018-02-20 00:00:00,11172.0,11211.0,11788.0,11100.0,60919.59904305,,,,,,
2018-02-21 00:00:00,11212.0,10450.0,11239.0,10200.0,76960.8730687,,,,,,
2018-02-22 00:00:00,10451.0,9826.5,10915.0,9740.0,71231.4916942,,,,,,
2018-02-23 00:00:00,9826.4,10144.0,10395.0,9583.1,59075.59463978,,,,,,
2018-02-24 00:00:00,10143.0,9666.3,10500.0,9350.3,55697.19406067,,,,,,
2018-02-25 00:00:00,9665.6,9583.0,9840.0,9280.4,30561.64547224,,,,,,
2018-02-26 00:00:00,9579.0,10320.0,10439.0,9359.9,45959.25163133,,,,,,
2018-02-27 00:00:00,10321.0,10582.0,10888.0,10125.0,39700.54163029,,,,,,
2018-02-28 00:00:00,10583.0,10315.0,11065.0,10261.0,43849.4721757,,,,,,
2018-03-01 00:00:00,10314.0,10908.0,11095.0,10210.0,33869.22445966,,,,,,
2018-03-02 00:00:00,10920.0,11024.0,11189.0,10762.0,28855.82862948,,,,,,
2018-03-03 00:00:00,11025.0,11454.95955159,11530.0,11025.0,30650.73751883,,,,,,
2018-03-04 00:00:00,11454.0,11500.0,11549.0,11050.0,28076.33766207,,,,,,
2018-03-05 00:00:00,11500.0,11402.0,11700.0,11356.0,27673.45862513,,,,,,
2018-03-06 00:00:00,11402.0,10720.0,11411.0,10567.0,44204.34909731,,,,,,
2018-03-07 00:00:00,10719.0,9910.6,10899.0,9400.0,75229.1298207,,,,,,
2018-03-08 00:00:00,9910.5,9300.0,10112.0,9025.0,67737.89183319,,,,,,
2018-03-09 00:00:00,9300.0,9216.2,9428.0,8342.0,98209.14736199,,,,,,
2018-03-10 00:00:00,9216.1,8769.9,9506.4,8670.9,52532.10288514,,,,,,
2018-03-11 00:00:00,8772.5,9527.7,9729.0,8428.0,70479.03366867,,,,,,
2018-03-12 00:00:00,9525.9,9130.2,9900.0,8770.0,67584.63439057,,,,,,
2018-03-13 00:00:00,9130.2,9135.2,9482.4,8822.0,61535.84281184,,,,,,
2018-03-14 00:00:00,9136.0,8176.0,9439.6,7916.0,78853.59717725,,,,,,
2018-03-15 00:00:00,8175.6,8250.1,8418.0,7665.1,82546.4115633,,,,,,
2018-03-16 00:00:00,8249.5,8250.0,8604.5,7902.0,56404.93713158,,,,,,
2018-03-17 00:00:00,8250.0,7845.0,8367.0,7728.1,48918.44713816,,,,,,
2018-03-18 00:00:00,7838.6,8200.3,8300.0,7240.0,88941.82113808,,,,,,
2018-03-19 00:00:00,8200.3,8600.2,8717.0,8085.7,73251.92027749,,,,,,
2018-03-20 00:00:00,8600.2,8899.7,9040.0,8305.1,54284.58176604,,,,,,
2018-03-21 00:00:00,8899.8,8888.2,9177.5,8752.0,42887.78508745,,,,,,
2018-03-22 00:00:00,8888.3,8699.3,9095.92211691,8450.0,54388.37095067,,,,,,
2018-03-23 00:00:00,8697.5,8914.4,8917.6,8271.1,44941.30622512,,,,,,
2018-03-24 00:00:00,8917.2,8522.6,9050.3,8460.0,44193.74054593,,,,,,
2018-03-25 00:00:00,8521.6,8445.0,8674.4,8364.8,30645.03282707,,,,,,
2018-03-26 00:00:00,8445.1,8131.12312438,8499.1,7835.9,56392.58119403,,,,,,
2018-03-27 00:00:00,8134.0,7784.6,8210.0,7716.6,50399.25537628,,,,,,
2018-03-28 00:00:00,7784.7,7936.0,8120.2,7702.1,35076.69583199,,,,,,
2018-03-29 00:00:00,7936.1,7094.0,7973.0,6883.0,77417.33236497,,,,,,
2018-03-30 00:00:00,7094.0,6840.4,7269.0,6533.0,108209.35704737,,,,,,
2018-03-31 00:00:00,6840.4,6925.4,7222.0,6780.06217933,68024.05162901,,,,,,
2018-04-01 00:00:00,6925.3,6816.6,7035.1,6425.1,54925.64706135,,,,,,
2018-04-02 00:00:00,6816.7,7053.3,7132.0,6769.4,45018.58755877,,,,,,
2018-04-03 00:00:00,7053.4,7405.6,7509.7,7019.9,49859.14696603,,,,,,
2018-04-04 00:00:00,7405.6,6786.0,7422.0,6670.0,53718.82875797,,,,,,
2018-04-05 00:00:00,6785.9,6769.0,6938.0,6564.9,45852.05082436,,,,,,
2018-04-06 00:00:00,6770.4,6610.0,6864.0,6500.2,42142.63100791,,,,,,
2018-04-07 00:00:00,6610.3,6892.6,7080.0,6599.9,40604.30992209,,,,,,
2018-04-08 00:00:00,6892.62150518,7023.9,7127.0,6883.0,29326.29649253,,,,,,
2018-04-09 00:00:00,7023.9,6770.1,7189.0,6611.0,75966.61404985,,,,,,
2018-04-10 00:00:00,6770.1,6837.1,6897.4,6650.0,26152.80687197,,,,,,
2018-04-11 00:00:00,6836.1,6943.1,7017.4,6794.0,29543.21336051,,,,,,
2018-04-12 00:00:00,6943.1,7912.0,8087.0,6753.0,94578.84574316,,,,,,
2018-04-13 00:00:00,7911.9,7886.9,8240.0,7739.1,59903.05842061,,,,,,
2018-04-14 00:00:00,7889.2,8005.90324308,8185.0,7820.5,26520.47168413,,,,,,
2018-04-15 00:00:00,8007.13719858,8357.5,8458.8,7997.2,31903.36342454,,,,,,
2018-04-16 00:00:00,8357.4,8056.2,8415.5,7900.3,37557.99053678,,,,,,
2018-04-17 00:00:00,8056.2,7888.9,8185.0,7823.0,28238.53189988,,,,,,
2018-04-18 00:00:00,7888.9,8171.0,8237.2,7870.5,29561.23299016,,,,,,
2018-04-19 00:00:00,8172.7,8273.0,8297.4,8032.2,29215.2810937,,,,,,
2018-04-20 00:00:00,8273.6,8865.4,8937.5,8219.0,50910.48764688,,,,,,
2018-04-21 00:00:00,8863.3,8912.5,9069.0,8616.0,39569.36259725,,,,,,
2018-04-22 00:00:00,8912.4,8791.4,9048.2,8751.08522139,31444.63142715,,,,,,
2018-04-23 00:00:00,8791.4,8940.0,9011.0,8769.0,23257.40469698,,,,,,
2018-04-24 00:00:00,8940.3,9646.8,9745.0,8929.9,60351.4363934,,,,,,
2018-04-25 00:00:00,9646.9,8869.2,9767.4,8765.1,74563.78705265,,,,,,
2018-04-26 00:00:00,8867.4,9269.9,9308.0,8652.2,43219.8251838,,,,,,
2018-04-27 00:00:00,9268.9,8920.1,9381.1,8888.6,30153.53624396,,,,,,
2018-04-28 00:00:00,8920.1,9345.7,9500.0,8750.0,45082.68295707,,,,,,
2018-04-29 00:00:00,9345.3,9400.0,9565.1,9180.0,27317.18897012,,,,,,
2018-04-30 00:00:00,9400.0,9240.6,9450.0,9100.0,23272.44121328,,,,,,
2018-05-01 00:00:00,9240.6,9068.2,9247.3,8817.97469512,25618.29910968,,,,,,
2018-05-02 00:00:00,9071.3,9236.4,9279.9,8968.3,20183.06924246,,,,,,
2018-05-03 00:00:00,9236.4,9759.0,9875.0,9161.0,36486.07108191,,,,,,
2018-05-04 00:00:00,9759.0,9703.0,9848.0,9542.5,24541.75830006,,,,,,
2018-05-05 00:00:00,9703.0,9861.2,9990.0,9685.0,29515.17033612,,,,,,
2018-05-06 00:00:00,9861.3,9658.7,9964.0,9454.0,26926.62708883,,,,,,
2018-05-07 00:00:00,9658.6,9370.0,9677.9,9182.7,25777.51751859,,,,,,
2018-05-08 00:00:00,9370.0,9184.7,9471.0,9045.3,25856.47976709,,,,,,
2018-05-09 00:00:00,9184.8,9318.2,9375.8,8980.0,22806.83809363,,,,,,
2018-05-10 00:00:00,9318.2,9018.0,9393.9,9003.0,23656.32064121,,,,,,
2018-05-11 00:00:00,9018.0,8412.4,9018.1,8333.8,54491.37206262,,,,,,
2018-05-12 00:00:00,8412.4,8470.8,8631.7,8204.40576219,36656.11285429,,,,,,
2018-05-13 00:00:00,8471.4,8683.6,8760.0,8318.3,22901.02790398,,,,,,
2018-05-14 00:00:00,8683.5,8670.8,8884.5,8271.0,37154.66777466,,,,,,
2018-05-15 00:00:00,8670.8,8467.5,8855.7,8415.0,26208.30282469,,,,,,
2018-05-16 00:00:00,8468.3,8336.1,8492.7,8100.0,32761.81738899,,,,,,
2018-05-17 00:00:00,8336.0,8054.3,8482.2,7982.5,25198.75333045,,,,,,
2018-05-18 00:00:00,8054.8,8238.9,8277.2,7925.0,23441.86359754,,,,,,
2018-05-19 00:00:00,8239.0,8231.0,8468.0,8140.2,14145.51584136,,,,,,
2018-05-20 00:00:00,8230.9,8523.7,8597.9,8171.5,15500.06161263,,,,,,
2018-05-21 00:00:00,8523.7,8399.6,8644.0,8309.1,17243.42785131,,,,,,
2018-05-22 00:00:00,8393.4,7977.85004461,8408.28483299,7943.3,20533.75166684,,,,,,
2018-05-23 00:00:00,7977.5,7494.8,8020.0,7402.7,41682.56642389,,,,,,
2018-05-24 00:00:00,7494.75035778,7576.7,7729.83193573,7260.0,38874.00093748,,,,,,
2018-05-25 00:00:00,7576.7,7456.7,7654.1,7318.2,25874.77784019,,,,,,
2018-05-26 00:00:00,7457.0,7327.7,7624.1,7281.0,13810.01732345,,,,,,
2018-05-27 00:00:00,7328.3,7339.7,7425.4,7211.1,16174.92718596,,,,,,
2018-05-28 00:00:00,7339.6,7097.9,7437.7,7062.3,26677.86919628,,,,,,
2018-05-29 00:00:00,7097.8,7465.2,7536.0,7040.0,27898.86827943,,,,,,
2018-05-30 00:00:00,7465.3,7375.12085307,7560.0,7270.5,22083.1286555,,,,,,
2018-05-31 00:00:00,7375.2,7485.8,7599.7,7338.0,19464.90994361,,,,,,
2018-06-01 00:00:00,7485.9,7521.0,7599.8,7329.18847938,19041.11552011,,,,,,
2018-06-02 00:00:00,7521.1,7638.1,7698.8,7441.5,17363.61246282,,,,,,
2018-06-03 00:00:00,7638.0,7718.0,7779.0,7600.0,13796.12597233,,,,,,
2018-06-04 00:00:00,7718.1,7488.3,7764.0,7451.1,18132.68188151,,,,,,
2018-06-05 00:00:00,7488.4,7621.9,7675.0,7372.0,16741.56378202,,,,,,
2018-06-06 00:00:00,7622.2,7654.0,7700.0,7491.7,18269.76321759,,,,,,
2018-06-07 00:00:00,7654.0,7688.9,7756.3,7624.7,11037.50621419,,,,,,
2018-06-08 00:00:00,7689.0,7615.1,7697.0,7543.6,12198.64324961,,,,,,
2018-06-09 00:00:00,7615.2,7498.5,7685.0,7450.0,7242.26022178,,,,,,
2018-06-10 00:00:00,7498.5,6758.0,7498.6,6618.9,57822.89152512,,,,,,
2018-06-11 00:00:00,6757.9,6873.3,6899.0,6629.7,22377.74129318,,,,,,
2018-06-12 00:00:00,6873.4,6543.9,6873.4,6436.1,32008.31280289,,,,,,
2018-06-13 00:00:00,6543.9,6295.1,6611.7,6107.87718467,45577.5818617,,,,,,
2018-06-14 00:00:00,6295.0,6633.7,6736.52103872,6269.5,33064.78236384,,,,,,
2018-06-15 00:00:00,6633.8,6385.0,6659.0,6300.2,21286.50090833,,,,,,
2018-06-16 00:00:00,6386.0,6485.9,6559.7,6330.0,13697.17619407,,,,,,
2018-06-17 00:00:00,6489.0,6438.4,6573.0,6424.8,9441.01666592,,,,,,
2018-06-18 00:00:00,6443.0,6709.2,6849.7,6370.76958739,26388.77690252,,,,,,
2018-06-19 00:00:00,6709.2,6735.5,6848.2,6655.0,17375.77019893,,,,,,
2018-06-20 00:00:00,6734.8,6760.4,6825.0,6560.0,18710.81266634,,,,,,
2018-06-21 00:00:00,6760.4,6715.2,6788.8,6679.3,10651.51052388,,,,,,
2018-06-22 00:00:00,6715.2,6042.6,6731.0,5910.8,55250.23591312,,,,,,
2018-06-23 00:00:00,6042.6,6151.92764906,6259.0,6013.0,20704.40327842,,,,,,
2018-06-24 00:00:00,6152.0,6148.0390596,6249.7,5755.0,45503.78957212,,,,,,
2018-06-25 00:00:00,6148.1,6246.6,6341.0,6068.5,27914.04128798,,,,,,
2018-06-26 00:00:00,6249.1,6073.4,6280.8,6050.2,18843.10466423,,,,,,
2018-06-27 00:00:00,6073.4,6133.08668215,6192.7,5984.9,18270.22724176,,,,,,
2018-06-28 00:00:00,6133.08668215,5848.1,6170.9,5822.3,17949.126096,,,,,,
2018-06-29 00:00:00,5850.0,6208.1,6302.0,5780.0,33933.19090224,,,,,,
2018-06-30 00:00:00,6208.2,6391.5,6545.5,6195.2,23879.20965955,,,,,,
2018-07-01 00:00:00,6391.6,6349.7,6439.9,6260.0,11380.24355273,,,,,,
2018-07-02 00:00:00,6349.3,6617.6,6681.2,6275.0,26915.25482506,,,,,,
2018-07-03 00:00:00,6617.2,6509.0,6675.2,6470.5,17272.5256209,,,,,,
2018-07-04 00:00:00,6509.3,6590.0,6784.9,6414.1,22494.26066353,,,,,,
2018-07-05 00:00:00,6589.9,6531.3,6704.7,6423.4,23150.04261631,,,,,,
2018-07-06 00:00:00,6532.4,6602.2,6641.78437543,6451.9,14951.20398901,,,,,,
2018-07-07 00:00:00,6602.2,6761.8,6839.4,6511.0,15296.13130813,,,,,,
2018-07-08 00:00:00,6761.7,6707.0,6801.9,6666.1,13709.87022745,,,,,,
2018-07-09 00:00:00,6707.0,6666.9,6820.0,6616.6,16304.25057021,,,,,,
2018-07-10 00:00:00,6667.0,6301.8,6685.8,6260.1,28022.17128845,,,,,,
2018-07-11 00:00:00,6301.8,6377.8,6407.9,6286.3,16406.84890675,,,,,,
2018-07-12 00:00:00,6377.7,6249.0,6377.7,6079.9,24995.95419557,,,,,,
2018-07-13 00:00:00,6249.0,6220.0,6339.9,6125.0,20085.52601281,,,,,,
2018-07-14 00:00:00,6219.7,6250.0,6320.0,6179.2,8904.96079449,,,,,,
2018-07-15 00:00:00,6250.0,6347.2,6389.0,6230.3,10997.92007258,,,,,,
2018-07-16 00:00:00,6347.2,6729.2,6750.0,6327.1,31001.88370638,,,,,,
2018-07-17 00:00:00,6729.2,7319.8,7483.9,6666.0,48125.1686294,,,,,,
2018-07-18 00:00:00,7319.8,7379.4,7588.0,7246.5,39618.93100468,,,,,,
2018-07-19 00:00:00,7379.7,7473.5,7560.0,7281.4,22194.1907799,,,,,,
2018-07-20 00:00:00,7473.5,7333.1,7685.2,7273.1,32744.68094293,,,,,,
2018-07-21 00:00:00,7333.1,7403.4,7459.0,7221.0,11412.43123891,,,,,,
2018-07-22 00:00:00,7403.3,7397.6,7575.0,7329.1,17184.04306544,,,,,,
2018-07-23 00:00:00,7398.7,7719.8,7820.0,7374.0,47519.83553537,,,,,,
2018-07-24 00:00:00,7718.9,8390.0,8506.7,7690.0,64736.6298672,,,,,,
2018-07-25 00:00:00,8389.9,8178.4,8488.1,8073.0,36972.15077733,,,,,,
2018-07-26 00:00:00,8175.6,7939.0,8323.1,7869.6,32809.57622714,,,,,,
2018-07-27 00:00:00,7939.0,8188.0,8291.0,7815.08505617,34223.94888331,,,,,,
2018-07-28 00:00:00,8187.9,8235.6,8262.0,8055.0,13681.6212255,,,,,,
2018-07-29 00:00:00,8235.7,8221.0,8313.3,8123.0,10190.34115538,,,,,,
2018-07-30 00:00:00,8220.1,8179.5,8301.7283857,7861.2,37580.30736231,,,,,,
2018-07-31 00:00:00,8178.9,7731.3,8178.9,7664.8977045,43560.67997661,,,,,,
2018-08-01 00:00:00,7737.9,7606.0,7756.1,7440.2,30739.38633855,,,,,,
2018-08-02 00:00:00,7606.6,7535.2,7713.0,7450.0,17747.41208629,,,,,,
2018-08-03 00:00:00,7533.3,7420.0,7533.3,7282.1,30882.54226465,,,,,,
2018-08-04 00:00:00,7420.3,7013.21565493,7492.2,6928.8,31717.81919556,,,,,,
2018-08-05 00:00:00,7013.21567835,7025.8,7090.0,6890.0,17680.66564559,,,,,,
2018-08-06 00:00:00,7025.2,6941.2,7153.6,6847.0,18120.47113438,,,,,,
2018-08-07 00:00:00,6941.3,6718.8,7150.0,6677.0,32246.21704777,,,,,,
2018-08-08 00:00:00,6718.7,6280.7,6720.1,6128.2,53882.16435117,,,,,,
2018-08-09 00:00:00,6280.7,6533.6,6628.0,6183.0,33388.96116206,,,,,,
2018-08-10 00:00:00,6533.6,6146.7,6573.8,6010.0,43498.80326315,,,,,,
2018-08-11 00:00:00,6147.1,6233.1,6499.5,6008.1,37125.25317464,,,,,,
2018-08-12 00:00:00,6233.1,6313.9,6499.0,6162.0,23052.41984224,,,,,,
2018-08-13 00:00:00,6313.9,6251.9,6548.3,6137.6,32330.83409617,,,,,,
2018-08-14 00:00:00,6251.9,6189.0,6251.9,5858.6,52699.45449514,,,,,,
2018-08-15 00:00:00,6189.0,6270.2,6647.6,6180.00532947,66221.75457258,,,,,,
2018-08-16 00:00:00,6270.2,6315.6,6476.7,6212.9,25144.38523021,,,,,,
2018-08-17 00:00:00,6314.6,6584.04649746,6592.9,6290.0,26770.07872818,,,,,,
2018-08-18 00:00:00,6585.9,6391.2,6619.5,6300.0,19731.24782486,,,,,,
2018-08-19 00:00:00,6391.1,6485.1,6550.3,6309.3,15354.06077899,,,,,,
2018-08-20 00:00:00,6485.1,6255.9,6524.0,6230.0,31723.09333823,,,,,,
2018-08-21 00:00:00,6255.9,6479.1,6526.2,6245.0,29502.96302149,,,,,,
2018-08-22 00:00:00,6480.6,6363.8,6899.0,6250.3,58965.95637272,,,,,,
2018-08-23 00:00:00,6363.8,6527.2,6566.63554152,6350.0,19945.67148007,,,,,,
2018-08-24 00:00:00,6527.2,6693.6,6728.6,6451.0,20203.72476298,,,,,,
2018-08-25 00:00:00,6693.3,6732.9,6799.7,6670.0,16877.24682364,,,,,,
2018-08-26 00:00:00,6733.0,6707.0,6789.0,6557.0,16762.38073037,,,,,,
2018-08-27 00:00:00,6707.0,6909.4,6942.2,6652.7,24210.36747249,,,,,,
2018-08-28 00:00:00,6909.5,7079.9,7127.9,6872.0,30066.23846971,,,,,,
2018-08-29 00:00:00,7079.7,7039.0,7139.4,6924.26926081,19976.74975784,,,,,,
2018-08-30 00:00:00,7039.0020077,6986.0,7060.0,6802.1,24594.18385269,,,,,,
2018-08-31 00:00:00,6986.1,7014.6,7100.0,6881.6,19124.18541091,,,,,,
2018-09-01 00:00:00,7013.5,7197.4,7269.9,7011.3,21397.10480916,,,,,,
2018-09-02 00:00:00,7197.5,7300.0,7429.2,7135.3,44681.53808284,,,,,,
2018-09-03 00:00:00,7300.1,7267.8,7369.0,7200.0,22308.27099887,,,,,,
2018-09-04 00:00:00,7267.6,7358.9,7415.4,7246.2,20838.9735275,,,,,,
2018-09-05 00:00:00,7358.9,6704.0,7404.0,6700.0,55776.25998054,,,,,,
2018-09-06 00:00:00,6704.0,6516.1,6731.3,6302.2,53002.51715838,,,,,,
2018-09-07 00:00:00,6516.0,6397.0,6549.5,6322.8,20748.83818417,,,,,,
2018-09-08 00:00:00,6397.0,6184.944416,6475.5,6119.5,21852.7537752,,,,,,
2018-09-09 00:00:00,6185.0,6239.9,6458.9,6140.5,16462.59491812,,,,,,
2018-09-10 00:00:00,6240.0,6314.9,6373.6771888,6219.0,14490.24858972,,,,,,
2018-09-11 00:00:00,6314.9,6290.9,6399.6,6170.0,16610.20964301,,,,,,
2018-09-12 00:00:00,6292.3,6332.41672182,6355.0,6202.8,16194.12267324,,,,,,
2018-09-13 00:00:00,6334.2,6489.0,6528.4,6333.4,19246.7465317,,,,,,
2018-09-14 00:00:00,6489.1,6480.1,6596.5,6355.2,16375.39628121,,,,,,
2018-09-15 00:00:00,6480.2,6512.8,6572.2,6465.6,8359.64217691,,,,,,
2018-09-16 00:00:00,6512.8,6498.4,6520.6,6370.2,8728.54934508,,,,,,
2018-09-17 00:00:00,6498.5,6252.0,6543.3,6202.8,23545.71896513,,,,,,
2018-09-18 00:00:00,6251.9,6335.4,6384.0,6228.1,16082.08007503,,,,,,
2018-09-19 00:00:00,6334.5,6390.9,6549.9,6100.0,29900.60492905,,,,,,
2018-09-20 00:00:00,6392.7,6493.9074816,6584.0,6340.0,16688.38643048,,,,,,
2018-09-21 00:00:00,6493.94240058,6762.1,6790.5,6473.8,36993.67158762,,,,,,
2018-09-22 00:00:00,6761.8,6723.0,6840.9,6502.2,18261.03841301,,,,,,
2018-09-23 00:00:00,6723.1,6710.0,6785.9,6661.5,8513.9874463,,,,,,
2018-09-24 00:00:00,6710.03023581,6585.1,6721.7,6555.0,17766.50651821,,,,,,
2018-09-25 00:00:00,6585.0,6442.8,6585.1,6328.0,20238.00132181,,,,,,
2018-09-26 00:00:00,6442.70984901,6462.4,6558.0,6382.5,13811.66757362,,,,,,
2018-09-27 00:00:00,6462.3,6691.2,6745.0,6436.7,18368.03319086,,,,,,
2018-09-28 00:00:00,6691.4,6635.2,6826.41966538,6541.9,27892.96665576,,,,,,
2018-09-29 00:00:00,6635.1,6597.3,6635.1,6454.2,17305.62689609,,,,,,
2018-09-30 00:00:00,6597.2,6622.4,6662.8,6529.6,8494.15367217,,,,,,
2018-10-01 00:00:00,6622.3,6601.9,6660.0,6500.0,10358.01159668,,,,,,
2018-10-02 00:00:00,6602.0,6527.5,6644.7,6467.9,12037.34795378,,,,,,
2018-10-03 00:00:00,6530.1,6503.2,6555.1,6424.6,14574.47382217,,,,,,
2018-10-04 00:00:00,6503.1,6590.4,6648.8,6495.2,11474.39056433,,,,,,
2018-10-05 00:00:00,6591.1,6639.9,6741.4366438,6506.6,12447.96376063,,,,,,
2018-10-06 00:00:00,6639.9,6595.2,6648.2,6563.7,5805.93011072,,,,,,
2018-10-07 00:00:00,6595.1,6609.4,6640.4,6525.0,5815.84752757,,,,,,
2018-10-08 00:00:00,6609.4,6673.2,6730.0,6585.9,12698.95429863,,,,,,
2018-10-09 00:00:00,6673.3,6663.0,6682.0,6605.0,8062.04705402,,,,,,
2018-10-10 00:00:00,6663.0,6630.07445752,6663.1,6513.52952635,13830.60692353,,,,,,
2018-10-11 00:00:00,6630.0,6251.9,6630.07445752,6220.4,41613.89121917,,,,,,
2018-10-12 00:00:00,6251.9,6291.9,6353.4,6220.3,10404.9017863,,,,,,
2018-10-13 00:00:00,6292.0,6326.5,6333.7,6280.3,5818.15127352,,,,,,
2018-10-14 00:00:00,6326.4,6336.4,6399.3,6302.5,11230.37375956,,,,,,
2018-10-15 00:00:00,6336.4,6742.0,7788.0,6294.6,85004.09013966,,,,,,
2018-10-16 00:00:00,6742.0,6754.2,6897.6,6669.1,15664.78024732,,,,,,
2018-10-17 00:00:00,6754.2,6736.0,6794.0,6674.3,8881.72240553,,,,,,
2018-10-18 00:00:00,6735.6,6613.2,6779.9,6566.7,12537.27772909,,,,,,
2018-10-19 00:00:00,6613.3,6525.1,6639.5,6518.2,11238.91666536,,,,,,
2018-10-20 00:00:00,6524.3,6581.5,6611.0,6511.0,4647.7118996,,,,,,
2018-10-21 00:00:00,6586.7,6590.9,6660.8,6581.2,4419.77909688,,,,,,
2018-10-22 00:00:00,6590.053594,6567.3,6627.9,6535.1,6072.66381619,,,,,,
2018-10-23 00:00:00,6567.3,6550.0,6591.6,6525.3,8864.25252889,,,,,,
2018-10-24 00:00:00,6550.0,6554.1,6626.3,6536.0,8522.94129783,,,,,,
2018-10-25 00:00:00,6554.09671891,6528.0,6568.7,6462.9,8712.49773075,,,,,,
2018-10-26 00:00:00,6528.1,6531.47722621,6597.4,6511.0,7424.57685252,,,,,,
2018-10-27 00:00:00,6531.5,6500.2,6560.0,6476.9,6970.88364137,,,,,,
2018-10-28 00:00:00,6500.1,6490.1,6513.88357334,6451.0,6843.47914282,,,,,,
2018-10-29 00:00:00,6490.17717293,6346.5,6512.0,6320.8,19574.10903908,,,,,,
2018-10-30 00:00:00,6346.5706824,6330.1,6383.6,6302.0,10740.01514596,,,,,,
2018-10-31 00:00:00,6330.1,6368.3871592,6419.8,6242.1,9959.01651063,,,,,,
2018-11-01 00:00:00,6368.4,6406.1,6443.9,6352.90247884,9158.8072002,,,,,,
2018-11-02 00:00:00,6406.2,6427.0,6456.1,6389.9,8076.8256268,,,,,,
2018-11-03 00:00:00,6427.0,6389.1,6432.4,6323.0,11439.56311664,,,,,,
2018-11-04 00:00:00,6389.2,6491.7,6529.4,6357.9,8995.17774531,,,,,,
2018-11-05 00:00:00,6491.8,6470.2,6500.6,6435.3,4814.66368565,,,,,,
2018-11-06 00:00:00,6470.10159871,6522.2,6527.7,6447.4,7316.03711808,,,,,,
2018-11-07 00:00:00,6520.1,6572.9,6615.0,6511.0,10726.80109009,,,,,,
2018-11-08 00:00:00,6573.0,6475.3,6585.0,6460.0,11620.28919248,,,,,,
2018-11-09 00:00:00,6479.5,6418.7,6504.4,6385.0,10457.6712687,,,,,,
2018-11-10 00:00:00,6418.6,6431.1,6469.3,6414.4,3253.04931152,,,,,,
2018-11-11 00:00:00,6431.1,6447.9,6459.9,6357.8,7342.79990858,,,,,,
2018-11-12 00:00:00,6448.0,6446.9,6481.0,6418.8,7299.40396274,,,,,,
2018-11-13 00:00:00,6446.99331314,6459.0694273,6501.1,6397.1,10131.99635021,,,,,,
2018-11-14 00:00:00,6459.0694273,5922.4,6485.8,5678.0,69298.52905989,,,,,,
2018-11-15 00:00:00,5922.31371947,5749.6,5940.0,5432.0,49912.96671128,,,,,,
2018-11-16 00:00:00,5749.6,5655.7,5777.5,5530.92446993,18454.63552446,,,,,,
2018-11-17 00:00:00,5655.7,5628.3,5661.1,5569.1,7999.3839047,,,,,,
2018-11-18 00:00:00,5626.7,5659.5,5745.6,5620.9,9551.96875045,,,,,,
2018-11-19 00:00:00,5659.5,4920.7,5659.5,4855.0,74205.93797092,,,,,,
2018-11-20 00:00:00,4920.7,4571.0,5056.26569276,4303.5,117312.44063274,,,,,,
2018-11-21 00:00:00,4570.9,4662.7,4787.3,4412.3,44377.02039069,,,,,,
2018-11-22 00:00:00,4664.7,4369.6,4723.7,4342.1,28885.33565437,,,,,,
2018-11-23 00:00:00,4370.7,4422.7,4495.0,4210.0,36101.64169775,,,,,,
2018-11-24 00:00:00,4422.8,3929.9,4529.0,3819.4,51143.02495781,,,,,,
2018-11-25 00:00:00,3928.4,4089.1,4233.2,3657.6,82180.1499526,,,,,,
2018-11-26 00:00:00,4086.5,3864.1,4207.1,3695.5,64117.27258253,,,,,,
2018-11-27 00:00:00,3863.9,3882.7,3959.40864054,3684.1,46272.69825637,,,,,,
2018-11-28 00:00:00,3883.4,4305.0,4447.6,3882.9,65259.12625498,,,,,,
2018-11-29 00:00:00,4305.0,4321.9,4488.0,4167.2,41125.26147183,,,,,,
2018-11-30 00:00:00,4323.3,4039.5,4368.8,3950.0,42453.78265813,,,,,,
2018-12-01 00:00:00,4038.5,4241.3,4340.0,3964.5,27504.18001921,,,,,,
2018-12-02 00:00:00,4241.35765523,4173.0,4369.8,4113.0,24479.40365474,,,,,,
2018-12-03 00:00:00,4172.9457484,3901.2,4189.8,3830.1,36855.83412366,,,,,,
2018-12-04 00:00:00,3903.0,3981.9,4135.9,3785.5,33692.11082713,,,,,,
2018-12-05 00:00:00,3982.2,3772.9,4000.77105811,3750.0,28429.76217334,,,,,,
2018-12-06 00:00:00,3771.4,3531.0,3922.7,3503.0,58288.29511648,,,,,,
2018-12-07 00:00:00,3531.0,3460.0,3630.0,3277.6,74094.33395142,,,,,,
2018-12-08 00:00:00,3460.1,3506.0,3800.1,3316.1,39086.81725527,,,,,,
2018-12-09 00:00:00,3506.0,3642.3,3789.0,3465.4,25081.11312013,,,,,,
2018-12-10 00:00:00,3642.1,3523.0,3709.7,3475.8,22610.48019075,,,,,,
2018-12-11 00:00:00,3523.2,3435.2813778,3551.5,3381.8,24048.15052396,,,,,,
2018-12-12 00:00:00,3435.2,3535.6,3617.4,3415.0,20930.78079168,,,,,,
2018-12-13 00:00:00,3535.7,3354.3,3547.1,3317.0,22248.78627842,,,,,,
2018-12-14 00:00:00,3354.3,3281.7,3395.2,3224.0,28559.12702574,,,,,,
2018-12-15 00:00:00,3281.7,3283.4,3324.2,3215.2,17889.93798464,,,,,,
2018-12-16 00:00:00,3282.3,3301.5,3383.0,3276.2,19106.50200439,,,,,,
2018-12-17 00:00:00,3300.1,3625.0,3744.8,3280.0,35727.82574485,,,,,,
2018-12-18 00:00:00,3623.9,3780.8,3799.9,3546.9,29430.99808194,,,,,,
2018-12-19 00:00:00,3780.7,3810.0,4043.0,3756.0,55272.47553144,,,,,,
2018-12-20 00:00:00,3810.0,4214.5,4299.0,3780.1,65871.46861935,,,,,,
2018-12-21 00:00:00,4214.5,3976.0,4300.0,3902.0,43526.8235756,,,,,,
2018-12-22 00:00:00,3976.2,4135.0,4166.0,3919.3,19530.57495368,,,,,,
2018-12-23 00:00:00,4135.1,4071.7,4216.0,4033.0,24473.41822204,,,,,,
2018-12-24 00:00:00,4072.6,4140.7,4384.0,4069.0,38002.89161712,,,,,,
2018-12-25 00:00:00,4140.7,3909.7,4155.0,3812.1,33727.40475193,,,,,,
2018-12-26 00:00:00,3909.6,3930.0,3990.0,3812.1,19130.7744517,,,,,,
2018-12-27 00:00:00,3930.0,3712.0,3968.8,3686.0,23614.3245731,,,,,,
2018-12-28 00:00:00,3714.1,4036.7,4095.0,3696.3,26917.8670826,,,,,,
2018-12-29 00:00:00,4036.8,3894.0,4099.7,3859.3,18707.06449848,,,,,,
2018-12-30 00:00:00,3893.9,3977.3,4003.8,3838.9,17733.65093712,,,,,,
2018-12-31 00:00:00,3978.5,3830.5,3986.9,3771.0,15793.32422087,,,,,,
2019-01-01 00:00:00,3832.6286242,3963.1,3987.0,3788.1,13848.34675163,,,,,,
2019-01-02 00:00:00,3963.0,4048.8,4083.470676,3917.9,19437.7279894,,,,,,
2019-01-03 00:00:00,4049.0,3924.3,4056.64433109,3875.1,10748.08371228,,,,,,
2019-01-04 00:00:00,3923.2,3954.9,3986.0,3850.1,13228.66046469,,,,,,
2019-01-05 00:00:00,3954.9,3911.9,4014.9,3901.0,14873.96222452,,,,,,
2019-01-06 00:00:00,3911.8,4168.4,4218.0,3887.5,25179.73225654,,,,,,
2019-01-07 00:00:00,4169.2,4113.9,4197.0,4044.9,11253.19772953,,,,,,
2019-01-08 00:00:00,4113.9,4100.0,4215.8,4056.0,18726.5284933,,,,,,
2019-01-09 00:00:00,4100.0,4083.3,4168.9,4010.0,20629.09743813,,,,,,
2019-01-10 00:00:00,4083.3,3712.8,4143.3,3687.2,35020.069459,,,,,,
2019-01-11 00:00:00,3712.8,3714.8,3777.8,3666.6,13129.89632289,,,,,,
2019-01-12 00:00:00,3715.4,3702.0,3734.0,3666.6,9295.71358201,,,,,,
2019-01-13 00:00:00,3702.0,3591.0,3729.0,3570.0,12590.77346096,,,,,,
2019-01-14 00:00:00,3590.9,3749.3,3799.4,3580.0,14836.12276868,,,,,,
2019-01-15 00:00:00,3749.3,3654.3,3780.87473393,3623.1,13323.05379345,,,,,,
2019-01-16 00:00:00,3653.3,3673.6,3759.89484429,3642.3589356,13227.45774956,,,,,,
2019-01-17 00:00:00,3675.4,3722.5,3725.0,3606.2,10869.94619333,,,,,,
2019-01-18 00:00:00,3722.5,3675.7,3723.9,3652.38836809,5656.10881239,,,,,,
2019-01-19 00:00:00,3675.7,3762.3,3882.0,3673.9,13391.46766526,,,,,,
2019-01-20 00:00:00,3762.9,3586.1,3796.9,3543.0,20626.51085872,,,,,,
2019-01-21 00:00:00,3586.1,3579.4,3620.1,3548.3,10813.62088037,,,,,,
2019-01-22 00:00:00,3579.4,3639.1,3682.14145688,3462.0,18083.69897146,,,,,,
2019-01-23 00:00:00,3639.1,3622.3,3677.0,3591.2,7971.47952346,,,,,,
2019-01-24 00:00:00,3621.3,3652.70510422,3671.4,3589.45182488,7867.68982879,,,,,,
2019-01-25 00:00:00,3652.8,3628.9,3663.5,3580.0,7377.5780389,,,,,,
2019-01-26 00:00:00,3628.9,3631.2,3750.0,3622.9,13005.57137831,,,,,,
2019-01-27 00:00:00,3631.2,3597.1,3645.7,3541.0,11448.5096157,,,,,,
2019-01-28 00:00:00,3597.1,3501.88592973,3597.9,3445.3,17023.73763896,,,,,,
2019-01-29 00:00:00,3501.1,3477.9,3517.5,3422.0,10466.25750145,,,,,,
2019-01-30 00:00:00,3478.0,3529.6,3550.0,3451.2,12580.21003153,,,,,,
2019-01-31 00:00:00,3529.7,3503.8,3574.80983774,3482.0,8572.2863711,,,,,,
2019-02-01 00:00:00,3503.8,3534.7705232,3559.0,3460.0,10041.09893455,,,,,,
2019-02-02 00:00:00,3534.9,3564.2,3581.0,3498.75973167,10889.80625456,,,,,,
2019-02-03 00:00:00,3564.3,3501.73867085,3566.8,3470.1,7874.5480983,,,,,,
2019-02-04 00:00:00,3501.73867085,3490.4687417,3522.7,3475.3,5213.21623762,,,,,,
2019-02-05 00:00:00,3490.4687417,3513.0,3517.5,3475.1,4590.39905608,,,,,,
2019-02-06 00:00:00,3513.20366088,3451.9,3520.99742772,3405.32458599,13172.09035179,,,,,,
2019-02-07 00:00:00,3451.9,3438.4,3462.3,3417.1,4815.21186134,,,,,,
2019-02-08 00:00:00,3438.4,3724.0,3800.0,3425.3,31163.47741733,,,,,,
2019-02-09 00:00:00,3724.1,3718.3,3740.0,3685.7,6552.23606375,,,,,,
2019-02-10 00:00:00,3718.4,3747.7,3753.5,3661.0,10041.31858707,,,,,,
2019-02-11 00:00:00,3747.7,3681.08053546,3750.0,3672.0,7797.03223491,,,,,,
2019-02-12 00:00:00,3681.0,3694.2,3728.0,3645.0,11337.37699122,,,,,,
2019-02-13 00:00:00,3694.1,3666.1,3742.39039255,3631.0,11761.18194993,,,,,,
2019-02-14 00:00:00,3666.05085673,3656.7,3682.87483504,3640.0,7532.91144799,,,,,,
2019-02-15 00:00:00,3656.7,3670.1,3719.0,3642.8,7806.98811909,,,,,,
2019-02-16 00:00:00,3670.0,3676.44566949,3726.7,3664.0,7515.70483955,,,,,,
2019-02-17 00:00:00,3676.44566949,3735.5,3790.0,3655.0,14075.68111925,,,,,,
2019-02-18 00:00:00,3735.5,3978.1,4021.0,3723.6,37616.38136373,,,,,,
2019-02-19 00:00:00,3977.4,3989.9,4083.5,3936.0,24303.19229648,,,,,,
2019-02-20 00:00:00,3989.8,4055.0,4070.0,3963.0,15256.90732287,,,,,,
2019-02-21 00:00:00,4055.0,4008.8,4145.0,3918.5,15483.04516107,,,,,,
2019-02-22 00:00:00,4009.6,4058.3,4074.0,3987.5,14206.28026416,,,,,,
2019-02-23 00:00:00,4058.3,4212.2,4255.0,4013.8,21530.96570761,,,,,,
2019-02-24 00:00:00,4212.2,3831.3,4282.4,3812.0,36095.05016405,,,,,,
2019-02-25 00:00:00,3831.4,3921.8,3966.5,3830.0,10406.15612118,,,,,,
2019-02-26 00:00:00,3921.7,3896.8,3934.1,3862.8,5112.69969848,,,,,,
2019-02-27 00:00:00,3896.8,3900.1,3934.0,3761.2,12033.32506018,,,,,,
2019-02-28 00:00:00,3899.9,3894.0,3988.0,3875.0,12096.66631299,,,,,,
2019-03-01 00:00:00,3893.1,3914.0,3949.0,3893.0,4758.42170141,,,,,,
2019-03-02 00:00:00,3913.7,3913.0,3924.0,3838.89411809,5114.60897238,,,,,,
2019-03-03 00:00:00,3913.0,3885.0,3925.0,3855.0,2877.99800951,,,,,,
2019-03-04 00:00:00,3884.9,3800.3,3911.1,3767.0,10185.49022998,,,,,,
2019-03-05 00:00:00,3800.1,3951.6,3968.7,3786.1,10796.72638702,,,,,,
2019-03-06 00:00:00,3951.6,3951.4,3986.5,3910.9,6590.84499627,,,,,,
2019-03-07 00:00:00,3951.5,3964.4,3997.4,3933.32843157,7640.46908769,,,,,,
2019-03-08 00:00:00,3964.4,3940.5,4021.0,3850.0,9360.44906454,,,,,,
2019-03-09 00:00:00,3940.5,4017.33129524,4046.2,3933.9,7381.72010915,,,,,,
2019-03-10 00:00:00,4017.2,4000.0,4017.2,3959.4479162,4674.11237098,,,,,,
2019-03-11 00:00:00,3998.6,3949.1,4009.2,3920.1,6609.55860023,,,,,,
2019-03-12 00:00:00,3949.3,3954.1,3979.5,3895.2,7625.99903409,,,,,,
2019-03-13 00:00:00,3954.1,3946.2,3972.6,3925.1,5531.00602251,,,,,,
2019-03-14 00:00:00,3945.5,3948.3,4004.0,3869.3,8303.48813976,,,,,,
2019-03-15 00:00:00,3948.7,4003.2,4011.0,3948.4,6737.58548732,,,,,,
2019-03-16 00:00:00,4003.2,4088.0382664,4166.8,4003.1,13944.79260524,,,,,,
2019-03-17 00:00:00,4088.1,4068.9,4089.8,4041.1,3392.82321589,,,,,,
2019-03-18 00:00:00,4068.9,4073.7,4120.0,4034.02380303,3679.86716697,,,,,,
2019-03-19 00:00:00,4073.7,4104.59328854,4120.0,4055.15050072,5548.93072968,,,,,,
2019-03-20 00:00:00,4104.5,4127.16189623,4136.5,4072.7,7817.30146944,,,,,,
2019-03-21 00:00:00,4127.16189623,4044.8,4146.9,4004.0,11825.08244491,,,,,,
2019-03-22 00:00:00,4044.9,4045.2,4070.6,4034.9,4835.95805668,,,,,,
2019-03-23 00:00:00,4045.14604641,4063.2,4084.0,4028.4,4367.96676293,,,,,,
2019-03-24 00:00:00,4063.1,4041.4,4063.1,4011.0,3364.27047312,,,,,,
2019-03-25 00:00:00,4041.4,3970.0,4049.9,3939.0,6717.13981601,,,,,,
2019-03-26 00:00:00,3970.0,3992.7,3996.0,3943.8,5092.13989196,,,,,,
2019-03-27 00:00:00,3992.7,4102.5,4109.9,3979.3,7933.53295978,,,,,,
2019-03-28 00:00:00,4102.6,4092.56783507,4114.4,4064.0,6215.26892752,,,,,,
2019-03-29 00:00:00,4092.56783507,4179.0,4197.2,4082.3,8647.40072507,,,,,,
2019-03-30 00:00:00,4179.1,4165.10362609,4210.0,4112.0,6635.07409196,,,,,,
2019-03-31 00:00:00,4165.10362609,4167.5,4182.9,4152.8,2271.73949652,,,,,,
2019-04-01 00:00:00,4167.5,4196.80421298,4224.6,4124.0,7005.66186408,,,,,,
2019-04-02 00:00:00,4196.9,4922.1,5106.9060781,4187.4,54148.25888931,,,,,,
2019-04-03 00:00:00,4922.2,4978.0,5335.5,4842.2,44293.02019615,,,,,,
2019-04-04 00:00:00,4977.9,4938.9,5100.0,4834.0032346,15415.82950616,,,,,,
2019-04-05 00:00:00,4939.3,5083.0,5132.5,4929.5,11362.75487465,,,,,,
2019-04-06 00:00:00,5084.0,5091.1,5280.0,4960.2,14204.21807948,,,,,,
2019-04-07 00:00:00,5091.1,5238.0,5321.6,5075.0,9951.59934068,,,,,,
2019-04-08 00:00:00,5238.9,5312.4,5373.9,5138.6,17816.93767317,,,,,,
2019-04-09 00:00:00,5312.3425602,5216.3,5312.4,5170.0,11902.33692328,,,,,,
2019-04-10 00:00:00,5217.1,5310.1,5488.0,5193.5,15781.01749947,,,,,,
2019-04-11 00:00:00,5310.1,5059.0,5342.1,4952.4,19430.17186758,,,,,,
2019-04-12 00:00:00,5062.00687231,5114.0,5134.9,4934.7,9220.70737032,,,,,,
2019-04-13 00:00:00,5114.1,5103.7,5163.0,5070.2,5208.71645551,,,,,,
2019-04-14 00:00:00,5103.8502618,5194.4,5211.9,5054.8,4145.70305095,,,,,,
2019-04-15 00:00:00,5194.3,5042.78720109,5218.6,4977.0,9522.67193927,,,,,,
2019-04-16 00:00:00,5042.7,5234.4,5256.7,5029.6,8376.54554532,,,,,,
2019-04-17 00:00:00,5234.4,5254.5,5300.0,5206.8,9284.13151515,,,,,,
2019-04-18 00:00:00,5254.5,5310.86393314,5340.0,5251.0,9040.38754774,,,,,,
2019-04-19 00:00:00,5310.8,5314.1,5376.0,5220.0,6307.09569834,,,,,,
2019-04-20 00:00:00,5314.1,5340.03926547,5404.84614183,5283.9,6482.20856176,,,,,,
2019-04-21 00:00:00,5340.06626381,5321.9,5368.0,5255.0,6153.65084029,,,,,,
2019-04-22 00:00:00,5320.3,5417.8,5459.5,5276.5,11951.60392077,,,,,,
2019-04-23 00:00:00,5417.9,5546.1,5647.4,5387.5,18768.59723523,,,,,,
2019-04-24 00:00:00,5547.0,5479.6,5690.0,5407.1,16533.95319566,,,,,,
2019-04-25 00:00:00,5479.6,5215.6,5558.0,5055.0,21494.08550121,,,,,,
2019-04-26 00:00:00,5215.6,5410.9,5525.0,5172.7,21534.88858042,,,,,,
2019-04-27 00:00:00,5410.8,5401.9,5458.0,5351.0,4566.88450632,,,,,,
2019-04-28 00:00:00,5401.8,5486.8,5545.7,5401.7,7767.6547079,,,,,,
2019-04-29 00:00:00,5483.3,5480.1,5518.0,5365.0,7811.59365172,,,,,,
2019-04-30 00:00:00,5480.0,5599.52273017,5612.0,5451.5,7442.8264899,,,,,,
2019-05-01 00:00:00,5599.52273017,5629.5,5655.0,5577.5,5537.05042588,,,,,,
2019-05-02 00:00:00,5629.6,5723.8,5784.3,5611.1,11075.8368328,,,,,,
2019-05-03 00:00:00,5736.6,6017.0,6150.0,5702.29694186,19480.28183518,,,,,,
2019-05-04 00:00:00,6019.9,6098.1,6189.9903581,5863.4,9437.42259102,,,,,,
2019-05-05 00:00:00,6098.1649927,6041.4021233,6112.3,5956.0,5815.53348677,,,,,,
2019-05-06 00:00:00,6041.4021233,6027.9,6102.0,5901.0,6477.39950895,,,,,,
2019-05-07 00:00:00,6028.9,6100.0,6325.0,6028.9,11990.22369015,,,,,,
2019-05-08 00:00:00,6103.8,6201.5,6230.0,6007.8,8222.18279599,,,,,,
2019-05-09 00:00:00,6201.8,6262.0,6344.0,6153.4575144,9682.27718866,,,,,,
2019-05-10 00:00:00,6262.0,6438.7,6522.2,6212.2,14493.48955268,,,,,,
2019-05-11 00:00:00,6438.7,7125.1,7279.0,6438.7,37945.37174068,,,,,,
2019-05-12 00:00:00,7125.1,6983.4,7448.0,6858.0,31958.82528419,,,,,,
2019-05-13 00:00:00,6980.2,7770.7,8050.0,6879.9649408,36467.14132655,,,,,,
2019-05-14 00:00:00,7770.7,7951.9,8194.1,7651.0,29342.89533348,,,,,,
2019-05-15 00:00:00,7951.9,8136.6341756,8209.0,7832.45175911,19036.43866675,,,,,,
2019-05-16 00:00:00,8132.5,7859.7,8352.3,7700.1,22313.8762668,,,,,,
2019-05-17 00:00:00,7860.4,7417.9,7910.0,6999.9105737,29021.92287556,,,,,,
2019-05-18 00:00:00,7421.7,7260.1,7518.0,7207.6,9319.33096968,,,,,,
2019-05-19 00:00:00,7260.0,8188.3,8269.2,7249.34672701,23458.30829652,,,,,,
2019-05-20 00:00:00,8185.10102918,7990.6,8188.0,7600.1,16901.81605768,,,,,,
2019-05-21 00:00:00,7985.1,7931.71147491,8094.0,7814.8,7692.99194632,,,,,,
2019-05-22 00:00:00,7931.71147491,7620.0,8039.9,7500.0,10794.67784198,,,,,,
2019-05-23 00:00:00,7620.0,7871.9,7957.3,7436.4,10552.95591937,,,,,,
2019-05-24 00:00:00,7876.8,7990.0,8158.6,7784.5,10926.32057561,,,,,,
2019-05-25 00:00:00,7990.3,8055.0,8135.2,7950.0,4336.17944267,,,,,,
2019-05-26 00:00:00,8055.0,8729.87136565,8828.0,7877.93890221,20158.16631553,,,,,,
2019-05-27 00:00:00,8729.8,8806.1,8958.3,8650.0,17561.87195154,,,,,,
2019-05-28 00:00:00,8806.1,8738.1,8846.9,8517.4,11139.56638082,,,,,,
2019-05-29 00:00:00,8738.1,8678.0,8796.5,8455.0,10304.6408121,,,,,,
2019-05-30 00:00:00,8679.7,8270.0,9109.0,8005.0,20289.85411138,,,,,,
2019-05-31 00:00:00,8269.9,8532.66591125,8550.0,8099.9,10929.80629901,,,,,,
2019-06-01 00:00:00,8533.11384961,8547.0,8625.7,8451.0,5457.31448292,,,,,,
2019-06-02 00:00:00,8546.9,8740.1,8825.0,8540.0,6243.25263946,,,,,,
2019-06-03 00:00:00,8740.0,8099.2,8740.1,8032.0,18662.44376719,,,,,,
2019-06-04 00:00:00,8099.2,7692.9,8099.2,7501.52785992,28124.34053556,,,,,,
2019-06-05 00:00:00,7692.9,7789.3,7936.5,7593.9,10825.49630634,,,,,,
2019-06-06 00:00:00,7789.3,7824.7,7873.5,7455.0,7553.39309031,,,,,,
2019-06-07 00:00:00,7815.3,7999.4,8150.0,7762.9,13456.91582945,,,,,,
2019-06-08 00:00:00,7999.9,7924.0,8068.0,7800.1,4772.31246907,,,,,,
2019-06-09 00:00:00,7924.0,7633.3,7963.3,7497.9,6830.13942396,,,,,,
2019-06-10 00:00:00,7633.3,8018.8,8048.1,7513.2,8903.84373159,,,,,,
2019-06-11 00:00:00,8018.7544992,7905.5,8049.0,7711.0,6526.84616842,,,,,,
2019-06-12 00:00:00,7905.4,8174.0,8250.0,7821.0,9144.94452831,,,,,,
2019-06-13 00:00:00,8174.1,8227.4,8333.0,8026.0,8889.61669612,,,,,,
2019-06-14 00:00:00,8227.4,8689.1,8719.9,8161.7,12713.63852327,,,,,,
2019-06-15 00:00:00,8689.1,8856.0,8930.0,8607.2,9399.94799689,,,,,,
2019-06-16 00:00:00,8856.0,8985.9,9395.5,8801.0,20909.8775668,,,,,,
2019-06-17 00:00:00,8985.9,9354.3,9490.0,8985.9,14168.46532358,,,,,,
2019-06-18 00:00:00,9352.5,9095.0,9376.8,8945.0,10598.61778311,,,,,,
2019-06-19 00:00:00,9094.4,9305.9,9340.0,9062.0,5765.53374889,,,,,,
2019-06-20 00:00:00,9305.9,9557.1,9624.0,9241.0,10592.87044766,,,,,,
2019-06-21 00:00:00,9557.2,10213.03996049,10250.0,9557.2,22297.62477523,,,,,,
2019-06-22 00:00:00,10223.0,10744.0,11232.0,10080.0,36677.46309612,,,,,,
2019-06-23 00:00:00,10744.0,10913.0,11369.0,10572.0,18589.93964857,,,,,,
2019-06-24 00:00:00,10909.0,11069.0,11136.0,10560.0,14402.62450501,,,,,,
2019-06-25 00:00:00,11069.648093,11737.0,11780.0,10802.0,21853.7659364,,,,,,
2019-06-26 00:00:00,11737.0,12876.0,13764.0,11684.45046273,55241.7132098656,,,,,,
2019-06-27 00:00:00,12876.0,11198.92190146,13242.0,10388.0,47606.0874004626,,,,,,
2019-06-28 00:00:00,11198.0,12338.0,12417.0,10799.0,31983.5226333809,,,,,,
2019-06-29 00:00:00,12337.0,11920.0,12338.0,11354.0,20428.9710230283,,,,,,
2019-06-30 00:00:00,11921.0,10809.0,12234.0,10668.0,19105.1445201236,,,,,,
2019-07-01 00:00:00,10800.0,10640.0,11231.0,10088.0,24903.2784965909,,,,,,
2019-07-02 00:00:00,10641.0,10885.0,10965.0,9728.2,28825.4629680146,,,,,,
2019-07-03 00:00:00,10884.0,11982.0,12025.0,10876.0,28089.7788388323,,,,,,
2019-07-04 00:00:00,11983.0,11162.485686,12065.0,11055.0,19843.206442829,,,,,,
2019-07-05 00:00:00,11162.0,11003.0,11452.0,10776.0,16366.1570290171,,,,,,
2019-07-06 00:00:00,10999.0,11281.0,11720.0,10961.0,12208.0857554192,,,,,,
2019-07-07 00:00:00,11276.0,11485.0,11620.0,11110.0,8423.29424403653,,,,,,
2019-07-08 00:00:00,11485.0,12301.0,12383.0,11310.0,17838.6154782057,,,,,,
2019-07-09 00:00:00,12301.52190528,12558.0,12814.64784556,12102.0,19166.9930467892,,,,,,
2019-07-10 00:00:00,12564.0,12093.0,13174.0,11529.0,36055.916589555,,,,,,
2019-07-11 00:00:00,12093.0,11340.0,12093.20135337,10970.0,21451.4536795133,,,,,,
2019-07-12 00:00:00,11340.0,11765.0,11900.0,11099.0,12247.8982874,,,,,,
2019-07-13 00:00:00,11765.10527017,11312.0,11803.0,10805.0,14722.69125074,,,,,,
2019-07-14 00:00:00,11312.0,10204.0,11400.0,10122.0,22495.76148986,,,,,,
2019-07-15 00:00:00,10199.0,10820.87573461,11058.0,9880.0,21438.16620214,,,,,,
2019-07-16 00:00:00,10820.0,9423.8,11011.0,9352.0,26182.07387684,,,,,,
2019-07-17 00:00:00,9420.0,9682.6,9975.0,9084.7,23128.15016171,,,,,,
2019-07-18 00:00:00,9686.1,10622.0,10752.0,9260.6,28829.01022448,,,,,,
2019-07-19 00:00:00,10622.0137754,10518.0,10760.0,10118.0,13155.63027303,,,,,,
2019-07-20 00:00:00,10517.58324013,10740.0,11098.0,10370.0,12131.43744168,,,,,,
2019-07-21 00:00:00,10740.0,10569.43491181,10812.0,10298.0,8247.37818017,,,,,,
2019-07-22 00:00:00,10570.0,10328.0,10690.0,10052.0,10903.75495343,,,,,,
2019-07-23 00:00:00,10330.88093683,9859.0,10330.88093683,9820.0,9766.29494047,,,,,,
2019-07-24 00:00:00,9859.0,9768.96811218,9922.55144967,9534.05177698,11574.75755505,,,,,,
2019-07-25 00:00:00,9773.0,9890.1,10188.0,9733.3,9222.08076596,,,,,,
2019-07-26 00:00:00,9889.98495235,9840.3,9899.0,9650.2,5116.22858012,,,,,,
2019-07-27 00:00:00,9840.36745434,9469.0,10199.0,9296.0,11774.25217655,,,,,,
2019-07-28 00:00:00,9465.6,9519.0,9628.0,9101.4,7754.39956059,,,,,,
2019-07-29 00:00:00,9519.0,9507.0,9738.3,9376.7,5696.48724957,,,,,,
2019-07-30 00:00:00,9503.0,9588.99676375,9747.76671,9380.0,5188.09845512,,,,,,
2019-07-31 00:00:00,9588.9,10088.0,10120.0,9575.49379853,7939.39798213,,,,,,
2019-08-01 00:00:00,10087.98969503,10400.0,10500.0,9875.0,7699.36379769,,,,,,
2019-08-02 00:00:00,10400.0,10520.0,10659.0,10331.0,8439.87873054,,,,,,
2019-08-03 00:00:00,10519.0,10822.0,10917.0,10506.0,7421.473594,,,,,,
2019-08-04 00:00:00,10822.0,10973.0,11060.0,10514.0,9280.21057575,,,,,,
2019-08-05 00:00:00,10973.0,11824.0,11939.0,10973.0,16130.53127869,,,,,,
2019-08-06 00:00:00,11828.0,11472.0,12325.0,11249.0,19339.46762863,,,,,,
2019-08-07 00:00:00,11471.20065,11999.0,12153.0,11385.0,13658.90010528,,,,,,
2019-08-08 00:00:00,11999.0,12050.0,12130.0,11550.0,10988.14552463,,,,,,
2019-08-09 00:00:00,12050.0,11891.0,12097.0,11703.0,7808.28743736,,,,,,
2019-08-10 00:00:00,11891.0,11311.40028487,12011.0,11208.0,9023.81106403,,,,,,
2019-08-11 00:00:00,11311.0,11565.357744,11615.0,11129.0,5494.66919569,,,,,,
2019-08-12 00:00:00,11575.0,11404.0,11585.0,11260.0,3201.4259753,,,,,,
2019-08-13 00:00:00,11411.0,10904.01068603,11468.0,10800.0,9004.00070497,,,,,,
2019-08-14 00:00:00,10906.0,10064.558229,10909.0,9966.0,14507.83851046,,,,,,
2019-08-15 00:00:00,10067.0,10324.265494,10471.0,9522.0,17368.17966885,,,,,,
2019-08-16 00:00:00,10324.0,10369.0,10568.0,9777.0,12890.55656975,,,,,,
2019-08-17 00:00:00,10369.00204593,10228.0,10494.70238424,10004.0,4885.63998835,,,,,,
2019-08-18 00:00:00,10231.0,10332.192078,10533.0,10086.0,3901.85390471,,,,,,
2019-08-19 00:00:00,10328.434234,10938.0,10964.0,10280.0,7375.38019863,,,,,,
2019-08-20 00:00:00,10938.0,10792.13576002,10993.0,10584.0,5830.91975682,,,,,,
2019-08-21 00:00:00,10793.0,10146.95441589,10825.0,9824.0,11793.40483293,,,,,,
2019-08-22 00:00:00,10146.0,10117.0,10255.0,9787.0,6533.30404457,,,,,,
2019-08-23 00:00:00,10116.0,10408.0,10466.0,10047.0,6391.24399499,,,,,,
2019-08-24 00:00:00,10408.0,10154.0,10427.0,9893.8,5409.27540947,,,,,,
2019-08-25 00:00:00,10155.0,10132.0,10350.0,9805.8,5207.27736806,,,,,,
2019-08-26 00:00:00,10133.0,10377.0,10675.0,10133.0,8979.04620731,,,,,,
2019-08-27 00:00:00,10377.0,10184.0,10395.0,10021.0,4518.47246489,,,,,,
2019-08-28 00:00:00,10189.0,9727.4,10370.0,9570.0,10406.37604326,,,,,,
2019-08-29 00:00:00,9727.6,9509.4,9729.7,9358.2,7081.07803894,,,,,,
2019-08-30 00:00:00,9509.5,9601.0,9725.0,9380.4,3754.77640186,,,,,,
2019-08-31 00:00:00,9600.7,9623.9,9715.0,9471.9,2754.09590112,,,,,,
2019-09-01 00:00:00,9617.8,9779.1,9868.0,9555.0,2874.08149481,,,,,,
2019-09-02 00:00:00,9779.1,10388.0,10474.0,9754.56718098,11140.300192,,,,,,
2019-09-03 00:00:00,10388.0,10641.0,10766.0,10291.0,10739.36535758,,,,,,
2019-09-04 00:00:00,10641.04817556,10590.0,10849.0,10410.0,6254.72308921,,,,,,
2019-09-05 00:00:00,10591.0,10582.92652081,10663.0,10481.64244548,3012.41430648,,,,,,
2019-09-06 00:00:00,10579.0,10305.0,10933.0,10208.0,11278.19783621,,,,,,
2019-09-07 00:00:00,10311.0,10489.0,10582.0,10306.0,3376.30614229,,,,,,
2019-09-08 00:00:00,10490.0,10415.0,10599.0,10241.90944816,3505.55885029,,,,,,
2019-09-09 00:00:00,10412.0,10317.0,10557.0,10118.0,5201.53303373,,,,,,
2019-09-10 00:00:00,10317.363817,10121.0,10399.0,9959.0,4211.66529481,,,,,,
2019-09-11 00:00:00,10121.75849382,10175.0,10300.0,9814.0,4355.86695745,,,,,,
2019-09-12 00:00:00,10175.0,10452.0,10488.0,10064.0,4402.71457761,,,,,,
2019-09-13 00:00:00,10450.0,10374.0,10475.0,10155.0,4501.81303183,,,,,,
2019-09-14 00:00:00,10384.0,10380.0,10488.0,10255.0,3157.74265392,,,,,,
2019-09-15 00:00:00,10381.0,10321.0,10403.0,10275.0,1885.6285794,,,,,,
2019-09-16 00:00:00,10321.97636977,10290.0,10404.0,10091.0,5515.60687192,,,,,,
2019-09-17 00:00:00,10289.49629127,10214.08319674,10308.0,10163.0,2944.73433784,,,,,,
2019-09-18 00:00:00,10216.0,10185.0,10278.0,10111.0,3339.17191254,,,,,,
2019-09-19 00:00:00,10184.97069252,10301.0,10487.0,9655.0,9766.20759473,,,,,,
2019-09-20 00:00:00,10300.768691,10197.0,10340.0,10104.0,2514.16347485,,,,,,
2019-09-21 00:00:00,10197.99421167,10013.0,10199.0,9942.9,2979.88388402,,,,,,
2019-09-22 00:00:00,10012.456212,10055.0,10105.0,9880.7,2753.46679225,,,,,,
2019-09-23 00:00:00,10059.0,9702.6,10077.0,9610.3,5489.73040839,,,,,,
2019-09-24 00:00:00,9708.5,8538.7,9795.0,8100.0,34869.18936608,,,,,,
2019-09-25 00:00:00,8536.98431152,8475.3,8773.6,8262.0,12773.96302908,,,,,,
2019-09-26 00:00:00,8472.0,8105.9,8493.07282992,7796.6,15418.99302226,,,,,,
2019-09-27 00:00:00,8105.9,8213.4,8309.8,7906.3,7469.15589624,,,,,,
2019-09-28 00:00:00,8213.4,8238.2,8390.0,8032.1,5448.66037286,,,,,,
2019-09-29 00:00:00,8238.2,8090.0,8260.2,7930.0,6143.57880321,,,,,,
2019-09-30 00:00:00,8090.0,8331.13524644,8385.0,7733.3,10919.90168886,,,,,,
2019-10-01 00:00:00,8337.34811911,8334.9,8539.3,8228.0,5835.93129998,,,,,,
2019-10-02 00:00:00,8333.67958178,8414.8772103,8420.0,8193.0,3449.86707431,,,,,,
2019-10-03 00:00:00,8414.8772103,8261.1,8440.0,8084.1,3716.23972709,,,,,,
2019-10-04 00:00:00,8260.5,8170.0,8264.9,8032.7,3051.67351222,,,,,,
2019-10-05 00:00:00,8170.1,8162.5,8210.8,8040.0,3327.5512383,,,,,,
2019-10-06 00:00:00,8163.2,7883.0,8183.23540584,7806.7,5857.57227204,,,,,,
2019-10-07 00:00:00,7882.6,8227.0,8366.1,7793.2,8149.94723034,,,,,,
2019-10-08 00:00:00,8226.9,8205.0,8362.0,8132.7,3466.84346322,,,,,,
2019-10-09 00:00:00,8205.0,8607.5,8719.2,8146.55980111,8392.43741424,,,,,,
2019-10-10 00:00:00,8607.4,8596.0,8683.9,8472.0,4319.92257317,,,,,,
2019-10-11 00:00:00,8596.0,8278.2,8815.3,8253.0,6078.77656871,,,,,,
2019-10-12 00:00:00,8278.4,8319.6,8423.7,8270.5,1707.70646064,,,,,,
2019-10-13 00:00:00,8320.3,8304.9,8477.96534398,8160.4,4042.57348547,,,,,,
2019-10-14 00:00:00,8304.9,8369.9648501,8428.2,8227.3,2540.53832557,,,,,,
2019-10-15 00:00:00,8369.9648501,8191.1,8439.7,8100.0,3276.54047254,,,,,,
2019-10-16 00:00:00,8191.1,8016.0,8204.3,7960.0,7077.38095353,,,,,,
2019-10-17 00:00:00,8016.1,8092.3,8150.5326571,7949.3,2811.80766712,,,,,,
2019-10-18 00:00:00,8092.3,7987.3,8135.11397057,7860.0,5300.35145403,,,,,,
2019-10-19 00:00:00,7989.1,7992.9,8119.5,7927.0,3511.19965694,,,,,,
2019-10-20 00:00:00,7993.0,8260.7,8337.0,7921.6,4866.62207128,,,,,,
2019-10-21 00:00:00,8260.7,8243.8,8371.3,8181.8,3420.45992308,,,,,,
2019-10-22 00:00:00,8243.8806926,8054.3,8333.0,8034.9,3851.3730258,,,,,,
2019-10-23 00:00:00,8054.0,7493.7,8074.5,7333.4,12982.85663459,,,,,,
2019-10-24 00:00:00,7493.7,7453.0,7529.0,7367.9,5804.04138743,,,,,,
2019-10-25 00:00:00,7453.1,8679.1,8803.1,7426.0,17096.47880214,,,,,,
2019-10-26 00:00:00,8678.8,9270.9,10480.0,8661.8518214,32057.68092297,,,,,,
2019-10-27 00:00:00,9274.9,9571.8,9823.86430734,9121.2,11105.29732283,,,,,,
2019-10-28 00:00:00,9573.9,9225.7,9948.9,9216.8,8992.94215642,,,,,,
2019-10-29 00:00:00,9229.2,9445.5,9559.80072846,9100.0,6727.59142814,,,,,,
2019-10-30 00:00:00,9446.9,9184.3,9446.9,9035.0,5047.69580549,,,,,,
2019-10-31 00:00:00,9184.4,9185.6,9467.1,8982.1,5668.14046139,,,,,,
2019-11-01 00:00:00,9186.6,9289.0,9333.0,9085.5577764,4090.95705993,,,,,,
2019-11-02 00:00:00,9288.4,9332.1,9429.5,9251.50119619,3657.49109114,,,,,,
2019-11-03 00:00:00,9332.2,9222.4,9400.6,9100.0,3616.53932035,,,,,,
2019-11-04 00:00:00,9223.0,9440.0,9645.0,9152.0,7470.0597828,,,,,,
2019-11-05 00:00:00,9441.2,9339.7,9504.09548235,9185.1,3412.6666629,,,,,,
2019-11-06 00:00:00,9337.19572,9352.8,9475.0,9278.0,3469.75747056,,,,,,
2019-11-07 00:00:00,9354.9295,9209.2,9387.1,9051.6,3746.1431351,,,,,,
2019-11-08 00:00:00,9212.5,8782.3,9252.9,8681.0,7864.40438304,,,,,,
2019-11-09 00:00:00,8782.3,8828.04720425,8896.0,8734.8,1958.39039443,,,,,,
2019-11-10 00:00:00,8828.04720425,9069.7,9250.0,8764.0,4635.78686933,,,,,,
2019-11-11 00:00:00,9069.7,8737.71515942,9108.5,8616.5,4243.05003964,,,,,,
2019-11-12 00:00:00,8737.71515942,8830.0,8910.0,8602.0,3504.6630025,,,,,,
2019-11-13 00:00:00,8830.0,8801.1,8849.9,8730.3,1340.10028215,,,,,,
2019-11-14 00:00:00,8800.99369654,8655.7,8817.4,8600.0,3304.67593606,,,,,,
2019-11-15 00:00:00,8655.4,8495.83262528,8800.0,8420.1,5184.16675492,,,,,,
2019-11-16 00:00:00,8495.8,8523.5,8577.0,8440.1,1534.61094713,,,,,,
2019-11-17 00:00:00,8523.4,8537.3,8699.5,8404.4,2837.15367335,,,,,,
2019-11-18 00:00:00,8537.0,8219.5,8537.0,8117.0,6362.43660724,,,,,,
2019-11-19 00:00:00,8219.5,8164.9,8245.53052527,8051.7,3703.8972421,,,,,,
2019-11-20 00:00:00,8164.9,8126.4,8257.8,8081.0,2060.18583228,,,,,,
2019-11-21 00:00:00,8126.4,7671.1,8155.9,7500.0,9890.61993828,,,,,,
2019-11-22 00:00:00,7671.1,7317.2,7766.0,6819.2,19368.41530127,,,,,,
2019-11-23 00:00:00,7318.6,7352.6,7385.0,7141.0,4626.89050391,,,,,,
2019-11-24 00:00:00,7352.7,6965.3,7372.0,6922.0,8576.35608923,,,,,,
2019-11-25 00:00:00,6965.2,7162.8,7414.4,6618.0,18517.18653203,,,,,,
2019-11-26 00:00:00,7162.8,7198.3,7386.3,7047.2,5197.47942672,,,,,,
2019-11-27 00:00:00,7198.6,7549.3,7689.0,6878.2,13895.62700653,,,,,,
2019-11-28 00:00:00,7547.3,7460.8,7690.0,7415.0,4302.7005309,,,,,,
2019-11-29 00:00:00,7460.7,7796.6,7933.4,7450.0,7279.60305758,,,,,,
2019-11-30 00:00:00,7796.6,7599.8823169,7861.6,7492.0,4974.18851876,,,,,,
2019-12-01 00:00:00,7599.3,7450.1,7600.1,7288.6,6332.70042487,,,,,,
2019-12-02 00:00:00,7450.04707791,7350.25736,7467.3,7206.4,4628.57147872,,,,,,
2019-12-03 00:00:00,7350.25736,7336.02376319,7454.6,7287.0,2297.90981507,,,,,,
2019-12-04 00:00:00,7336.0,7238.3,7890.0,7129.0,11723.6030484,,,,,,
2019-12-05 00:00:00,7239.4,7440.0,7530.9,7191.0,4785.98602868,,,,,,
2019-12-06 00:00:00,7440.0,7588.3,7661.8,7350.0,5714.48897892,,,,,,
2019-12-07 00:00:00,7584.7,7543.2,7669.8,7516.7,1724.38837205,,,,,,
2019-12-08 00:00:00,7543.1,7564.6,7620.0,7433.6,4300.36168837,,,,,,
2019-12-09 00:00:00,7564.6,7379.52142186,7748.7,7306.2,6556.87776181,,,,,,
2019-12-10 00:00:00,7379.52142186,7254.6,7434.6,7200.0,3640.21357381,,,,,,
2019-12-11 00:00:00,7254.6,7230.72229344,7312.0,7169.0,3124.7080789,,,,,,
2019-12-12 00:00:00,7230.8,7224.0,7369.0188921,7132.8,5640.15053042,,,,,,
2019-12-13 00:00:00,7224.1,7283.2,7332.0,7218.7,2901.56609731,,,,,,
2019-12-14 00:00:00,7283.2,7100.8,7290.5,7032.6,3411.30434483,,,,,,
2019-12-15 00:00:00,7100.8,7152.7,7224.8,7043.9,3562.90214534,,,,,,
2019-12-16 00:00:00,7152.7,6926.6,7196.0,6900.0,13417.83009933,,,,,,
2019-12-17 00:00:00,6926.8,6667.1,6972.0,6620.0,12656.31332305,,,,,,
2019-12-18 00:00:00,6667.0681032,7326.2,7482.2,6477.0,13752.71016785,,,,,,
2019-12-19 00:00:00,7326.2,7181.8,7417.1,7079.7,5430.84308582,,,,,,
2019-12-20 00:00:00,7181.7701988,7212.92590776,7249.0,7116.8,5703.23987872,,,,,,
2019-12-21 00:00:00,7213.0,7166.4,7215.1,7136.5,2281.85065142,,,,,,
2019-12-22 00:00:00,7166.4,7535.1,7541.4,7159.6,3620.89450408,,,,,,
2019-12-23 00:00:00,7535.9,7347.4,7715.1,7282.4,7082.31909885,,,,,,
2019-12-24 00:00:00,7347.4,7276.9,7445.0,7182.1,4254.62113215,,,,,,
2019-12-25 00:00:00,7276.9,7220.1,7294.2,7113.2,3361.83404018,,,,,,
2019-12-26 00:00:00,7220.053366,7232.4,7465.0,7181.8,4715.48411984,,,,,,
2019-12-27 00:00:00,7231.6,7287.0,7300.0,7113.3,3996.64722714,,,,,,
2019-12-28 00:00:00,7287.0,7334.4,7390.0,7279.2,2731.06071133,,,,,,
2019-12-29 00:00:00,7334.4,7413.6,7551.6,7311.6,2494.48720595,,,,,,
2019-12-30 00:00:00,7416.1,7260.9,7421.7,7201.29026477,4088.9581586,,,,,,
2019-12-31 00:00:00,7260.9,7208.3,7333.0,7161.3,2992.68613293,,,,,,
2020-01-01 00:00:00,7208.2,7212.7,7285.1,7185.4,2071.05604595,,,,,,
2020-01-02 00:00:00,7212.395985,6989.4,7225.8,6963.0,4849.33844669,,,,,,
2020-01-03 00:00:00,6989.4,7371.2,7444.9,6909.3,6681.66874052,,,,,,
2020-01-04 00:00:00,7371.1,7369.83176114,7422.0,7297.3,4265.71285464,,,,,,
2020-01-05 00:00:00,7370.3,7364.6,7509.9,7315.8,4450.63547483,,,,,,
2020-01-06 00:00:00,7363.9,7757.9,7785.0,7358.0,8541.27969512,,,,,,
2020-01-07 00:00:00,7759.5,8154.1,8210.3,7741.9,12355.97377472,,,,,,
2020-01-08 00:00:00,8158.3,8036.8,8442.0,7877.6,11756.80045611,,,,,,
2020-01-09 00:00:00,8036.8,7817.4514653,8036.8,7756.0,4671.29012564,,,,,,
2020-01-10 00:00:00,7817.4,8184.5,8185.9,7675.8,7857.91800302,,,,,,
2020-01-11 00:00:00,8180.3,8013.7,8282.4,7991.8,4254.51762488,,,,,,
2020-01-12 00:00:00,8013.63408437,8174.7,8174.7,7951.7,3207.41767775,,,,,,
2020-01-13 00:00:00,8174.6670523,8095.8,8199.7,8053.6,2593.23954615,,,,,,
2020-01-14 00:00:00,8095.8,8772.6,8829.0,8095.8,16573.65972765,,,,,,
2020-01-15 00:00:00,8771.0,8807.7,8873.0,8560.1,8779.11954403,,,,,,
2020-01-16 00:00:00,8807.7,8720.6,8839.9,8579.8,5311.58250504,,,,,,
2020-01-17 00:00:00,8719.54720583,8875.4,9000.0,8674.2,9692.87415905,,,,,,
2020-01-18 00:00:00,8875.5,8891.6,8965.0,8791.12468089,3460.77284892,,,,,,
2020-01-19 00:00:00,8891.5,8698.7,9169.5,8450.0,12407.35672898,,,,,,
2020-01-20 00:00:00,8698.7,8638.2,8741.1,8519.6,4105.40575415,,,,,,
2020-01-21 00:00:00,8638.2,8734.1,8787.17417425,8500.0,3251.16389954,,,,,,
2020-01-22 00:00:00,8734.2,8663.9,8799.9,8580.5,2354.22930226,,,,,,
2020-01-23 00:00:00,8663.8,8403.56851721,8670.4,8296.0,5703.90855399,,,,,,
2020-01-24 00:00:00,8403.56851721,8447.12967307,8523.0,8246.0,3508.74666982,,,,,,
2020-01-25 00:00:00,8447.1,8353.7,8447.2,8280.0,2101.66598957,,,,,,
2020-01-26 00:00:00,8353.7,8621.5,8631.6,8301.0,3518.08289784,,,,,,
2020-01-27 00:00:00,8621.6,8912.0,9001.86207428,8585.0,6276.878829,,,,,,
2020-01-28 00:00:00,8912.0570368,9397.0,9414.0,8911.1,9119.89518062,,,,,,
2020-01-29 00:00:00,9393.67551447,9300.3,9442.3,9242.2,4603.22515537,,,,,,
2020-01-30 00:00:00,9305.2,9512.71161782,9550.0,9122.8,9020.7746299,,,,,,
2020-01-31 00:00:00,9512.71161782,9367.4,9519.9,9220.3,4868.45814453,,,,,,
2020-02-01 00:00:00,9367.5,9408.0,9476.4,9318.0,2534.89130183,,,,,,
2020-02-02 00:00:00,9409.4,9352.2,9501.3,9165.0,6439.08974277,,,,,,
2020-02-03 00:00:00,9353.0,9309.3,9628.6,9247.0,6717.98950381,,,,,,
2020-02-04 00:00:00,9309.2,9197.4,9359.8,9112.5,4069.49633762,,,,,,
2020-02-05 00:00:00,9197.4,9612.0,9731.9,9180.2023255,10769.12701241,,,,,,
2020-02-06 00:00:00,9612.1,9744.90010004,9860.0,9547.0,8583.738804,,,,,,
2020-02-07 00:00:00,9745.0,9805.2,9860.0,9683.9,3703.84268634,,,,,,
2020-02-08 00:00:00,9805.2,9877.2,9920.8,9657.8,5525.97872617,,,,,,
2020-02-09 00:00:00,9877.3,10151.0,10165.0,9871.1,9637.91116045,,,,,,
2020-02-10 00:00:00,10151.93578445,9851.2,10187.0,9701.0,8521.96836298,,,,,,
2020-02-11 00:00:00,9851.7,10247.0,10316.0,9720.0,8425.2741537,,,,,,
2020-02-12 00:00:00,10247.0,10338.0,10460.0,10238.0,8707.36085065,,,,,,
2020-02-13 00:00:00,10338.0,10222.0,10491.0,10058.0,8976.65463806,,,,,,
2020-02-14 00:00:00,10222.82359378,10335.0,10373.0,10101.0,4127.43243172,,,,,,
2020-02-15 00:00:00,10335.0,9900.9,10373.0,9800.0,6397.60288513,,,,,,
2020-02-16 00:00:00,9901.0,9926.8,10037.0,9651.3,6931.63016385,,,,,,
2020-02-17 00:00:00,9925.3,9708.0,9969.2,9501.5,9300.64272414,,,,,,
2020-02-18 00:00:00,9712.0,10184.0,10275.0,9625.8,8248.34330105,,,,,,
2020-02-19 00:00:00,10184.0,9592.3,10310.0,9290.0,13936.96722914,,,,,,
2020-02-20 00:00:00,9590.8,9608.1,9699.9,9359.7,6497.36311172,,,,,,
2020-02-21 00:00:00,9609.2,9692.9,9760.3,9566.8,11101.12445238,,,,,,
2020-02-22 00:00:00,9692.9,9663.0,9719.0,9565.1,1844.44583851,,,,,,
2020-02-23 00:00:00,9663.0,9985.0,10001.0,9660.0,7322.16782784,,,,,,
2020-02-24 00:00:00,9985.0,9674.1,10022.0,9441.2,6591.77164856,,,,,,
2020-02-25 00:00:00,9674.0,9327.5,9691.9,9251.4,8488.33003873,,,,,,
2020-02-26 00:00:00,9327.4,8813.2,9385.9,8652.7,14585.8037278,,,,,,
2020-02-27 00:00:00,8807.1,8825.6,8975.0,8555.0,8392.7080767,,,,,,
2020-02-28 00:00:00,8825.66115173,8728.0,8908.3,8455.09929552,7079.49848295,,,,,,
2020-02-29 00:00:00,8728.0,8561.5,8829.0,8557.3,2496.91014468,,,,,,
2020-03-01 00:00:00,8561.4,8556.7,8775.0,8460.0,5391.10657424,,,,,,
2020-03-02 00:00:00,8556.7,8938.4,8990.8,8524.62816151,5322.09121706,,,,,,
2020-03-03 00:00:00,8938.6,8791.1,8940.0,8686.2,5324.51374097,,,,,,
2020-03-04 00:00:00,8792.3,8788.6,8877.7,8718.4,4170.44984814,,,,,,
2020-03-05 00:00:00,8788.6,9090.8,9186.5,8788.6,5715.98442883,,,,,,
2020-03-06 00:00:00,9090.0,9180.6,9199.7,9011.3,3138.04299005,,,,,,
2020-03-07 00:00:00,9180.6,8919.0,9241.5,8867.4,4488.72430692,,,,,,
2020-03-08 00:00:00,8918.9,8073.99728926,8919.0,8043.2,25592.0034775,,,,,,
2020-03-09 00:00:00,8073.9,7967.3,8215.0,7700.0,22558.46653578,,,,,,
2020-03-10 00:00:00,7965.4,7913.8,8180.0,7776.6,10174.46424416,,,,,,
2020-03-11 00:00:00,7917.9301252,7969.6,8034.6,7634.8,10975.8456232,,,,,,
2020-03-12 00:00:00,7974.4,4873.1,8001.7,4607.7,116698.05168985,,,,,,
2020-03-13 00:00:00,4886.0,5625.7,5973.3,4000.0,102821.64605317,,,,,,
2020-03-14 00:00:00,5620.9,5218.2,5682.4,5095.0,18639.84392061,,,,,,
2020-03-15 00:00:00,5218.2,5383.2,5987.0,5133.0,22624.20474846,,,,,,
2020-03-16 00:00:00,5383.2,5058.5,5388.9,4467.9009243,41779.40947088,,,,,,
2020-03-17 00:00:00,5058.5,5339.1,5572.8,4956.3,19595.85843754,,,,,,
2020-03-18 00:00:00,5339.1,5416.2,5487.96366832,5033.0,21127.20019235,,,,,,
2020-03-19 00:00:00,5417.0,6173.6,6416.7,5264.6,31248.3352863,,,,,,
2020-03-20 00:00:00,6173.9,6206.5,6929.8,5665.0246058,31077.03304621,,,,,,
2020-03-21 00:00:00,6209.2,6201.7,6474.7,5882.4,12942.29259347,,,,,,
2020-03-22 00:00:00,6201.8,5820.09678077,6410.9,5755.5,16275.91741269,,,,,,
2020-03-23 00:00:00,5820.0,6491.5,6664.3,5677.0,19554.6831608,,,,,,
2020-03-24 00:00:00,6489.7,6762.09308369,6840.0,6406.0,16617.89644742,,,,,,
2020-03-25 00:00:00,6762.1,6688.2,6968.0,6430.2,13788.85716863,,,,,,
2020-03-26 00:00:00,6688.29966788,6751.9,6790.8,6516.0,6728.7182611,,,,,,
2020-03-27 00:00:00,6752.5,6370.0,6861.4,6256.0,11079.80334647,,,,,,
2020-03-28 00:00:00,6371.9,6250.0,6371.9,6050.0,12963.61054843,,,,,,
2020-03-29 00:00:00,6249.5,5892.7,6280.0,5892.6,11218.70658346,,,,,,
2020-03-30 00:00:00,5892.6,6407.6,6636.0,5880.9,12378.55890583,,,,,,
2020-03-31 00:00:00,6407.6,6427.68278638,6536.0,6349.7,5753.09313213,,,,,,
2020-04-01 00:00:00,6429.0,6675.0,6726.5,6180.0,11234.4749959,,,,,,
2020-04-02 00:00:00,6679.5,6810.7,7283.5,6580.0,20104.5807124,,,,,,
2020-04-03 00:00:00,6811.8,6740.8,7049.1,6623.3,9968.39865963,,,,,,
2020-04-04 00:00:00,6742.0,6880.1,7014.0,6660.0,7124.3330499,,,,,,
2020-04-05 00:00:00,6880.6,6780.2,6917.9,6690.2,5652.67664892,,,,,,
2020-04-06 00:00:00,6780.8,7340.2,7364.4,6775.1,14585.69114306,,,,,,
2020-04-07 00:00:00,7340.2,7202.99832851,7454.3,7088.0,11993.35282812,,,,,,
2020-04-08 00:00:00,7201.8,7367.0,7420.0,7151.64491202,8182.42316218,,,,,,
2020-04-09 00:00:00,7367.1,7293.7,7370.7,7117.0,7754.20710232,,,,,,
2020-04-10 00:00:00,7293.7,6875.5,7305.76199669,6756.3,15844.60006755,,,,,,
2020-04-11 00:00:00,6874.3,6884.5,6957.8,6780.0,4068.11318523,,,,,,
2020-04-12 00:00:00,6884.5,6919.0,7192.5,6797.6,8889.09930425,,,,,,
2020-04-13 00:00:00,6916.6,6848.7,6917.0,6571.1,12678.37087725,,,,,,
2020-04-14 00:00:00,6847.30541983,6874.0,6985.0,6762.6,4302.34215197,,,,,,
2020-04-15 00:00:00,6872.9,6633.7227701,6940.6,6620.5,6006.94443124,,,,,,
2020-04-16 00:00:00,6633.7227701,7114.7,7200.0,6500.4,17754.64674559,,,,,,
2020-04-17 00:00:00,7114.7,7045.8,7160.5,7010.2,4680.56258763,,,,,,
2020-04-18 00:00:00,7045.8054993,7268.8,7309.7,7031.1,5200.81546636,,,,,,
2020-04-19 00:00:00,7269.0,7133.3,7285.4,7056.9,4738.70085075,,,,,,
2020-04-20 00:00:00,7133.3,6837.7,7236.3,6766.0,9978.68485058,,,,,,
2020-04-21 00:00:00,6837.1,6850.0,6958.8,6770.1,6462.76716396,,,,,,
2020-04-22 00:00:00,6849.9405434,7133.0,7164.0,6826.1783037,5145.54095742,,,,,,
2020-04-23 00:00:00,7133.0,7498.9,7773.9,7042.0,16382.17175154,,,,,,
2020-04-24 00:00:00,7499.0,7508.3,7614.0,7420.1,8804.91471287,,,,,,
2020-04-25 00:00:00,7508.4,7538.5,7700.0,7450.0,5172.52094918,,,,,,
2020-04-26 00:00:00,7538.6,7697.9,7697.9,7473.5,5323.10997912,,,,,,
2020-04-27 00:00:00,7697.9,7777.6033919,7777.7,7613.4,6896.32676602,,,,,,
2020-04-28 00:00:00,7777.7,7750.7,7777.7,7655.8,5624.81706935,,,,,,
2020-04-29 00:00:00,7750.6,8778.7,8918.0,7705.1,30251.52005367,,,,,,
2020-04-30 00:00:00,8782.1,8631.81715292,9441.90721684,8416.0,29829.04982383,,,,,,
2020-05-01 00:00:00,8630.7,8822.8,9070.0,8626.5,7918.29898302,,,,,,
2020-05-02 00:00:00,8823.0,8982.3,9004.043244,8756.2,5097.22853333,,,,,,
2020-05-03 00:00:00,8982.4,8899.8,9198.0,8738.0,9765.79842519,,,,,,
2020-05-04 00:00:00,8901.34819902,8865.8,8961.8,8517.0,9320.33222342,,,,,,
2020-05-05 00:00:00,8867.5,9020.1,9124.8,8758.6,7716.45989178,,,,,,
2020-05-06 00:00:00,9020.1,9152.47099343,9418.0,8913.56992467,8729.63282109,,,,,,
2020-05-07 00:00:00,9150.5,9979.6,10045.0,9029.0,19874.51458376,,,,,,
2020-05-08 00:00:00,9979.6,9792.4,10025.0,9705.0,12205.17623293,,,,,,
2020-05-09 00:00:00,9792.3,9537.8,9900.0,9463.99256,8259.43034571,,,,,,
2020-05-10 00:00:00,9537.7,8722.2,9559.0,8101.0,26516.70657788,,,,,,
2020-05-11 00:00:00,8721.2,8555.1,9142.0,8200.0,20562.16222507,,,,,,
2020-05-12 00:00:00,8555.0507848,8811.4,8968.0,8526.4,5653.92157888,,,,,,
2020-05-13 00:00:00,8811.3,9312.0,9408.0,8799.5,9885.42114334,,,,,,
2020-05-14 00:00:00,9311.967387,9790.95415762,9938.7,9266.2,12867.68761721,,,,,,
2020-05-15 00:00:00,9791.0,9311.2,9848.9,9130.2,11340.26978057,,,,,,
2020-05-16 00:00:00,9307.6,9387.9520897,9580.0,9222.0,4157.69176242,,,,,,
2020-05-17 00:00:00,9386.0,9668.2,9883.5,9329.7,9663.26208676,,,,,,
2020-05-18 00:00:00,9668.2,9714.82516261,9944.0,9450.0,9201.53654882,,,,,,
2020-05-19 00:00:00,9714.9,9769.4,9878.0,9457.8,5587.12465583,,,,,,
2020-05-20 00:00:00,9770.1,9502.0,9842.7,9301.0,9595.21917999,,,,,,
2020-05-21 00:00:00,9502.0,9057.1,9564.1,8815.3,11339.88801098,,,,,,
2020-05-22 00:00:00,9059.2,9162.4,9269.0,8935.4,3832.77249212,,,,,,
2020-05-23 00:00:00,9162.3448589,9175.6,9304.0,9072.8,2453.125717,,,,,,
2020-05-24 00:00:00,9176.4,8710.1,9300.0,8688.0,6733.49715849,,,,,,
2020-05-25 00:00:00,8710.1,8902.0,8963.7,8620.0,5608.75457158,,,,,,
2020-05-26 00:00:00,8901.1,8845.5,9013.3,8704.9,3944.81212719,,,,,,
2020-05-27 00:00:00,8845.5,9210.29871677,9225.0,8822.2,5461.63149989,,,,,,
2020-05-28 00:00:00,9210.3,9589.3,9630.3,9118.2,7632.42847296,,,,,,
2020-05-29 00:00:00,9587.5,9426.1,9618.8,9352.0,3876.5759255,,,,,,
2020-05-30 00:00:00,9425.1,9706.4,9750.0,9323.3,6158.32666792,,,,,,
2020-05-31 00:00:00,9707.1,9451.1,9707.2,9402.6,3691.18204291,,,,,,
2020-06-01 00:00:00,9451.1,10225.97600025,10398.0,9421.75975983,13427.10257919,,,,,,
2020-06-02 00:00:00,10225.97600025,9526.96808253,10252.0,9150.0,21471.12078961,,,,,,
2020-06-03 00:00:00,9526.9,9676.6,9689.8,9400.0,2672.27666933,,,,,,
2020-06-04 00:00:00,9677.6,9790.700076,9882.1,9461.00275433,4275.99014709,,,,,,
2020-06-05 00:00:00,9790.700076,9620.4,9865.8,9620.4,3625.85631543,,,,,,
2020-06-06 00:00:00,9620.4,9668.4,9742.3,9552.60822337,1949.45635856,,,,,,
2020-06-07 00:00:00,9668.5,9747.1,9814.0,9393.8,4709.02827497,,,,,,
2020-06-08 00:00:00,9749.9,9784.4,9800.0,9647.1,2361.71549019,,,,,,
2020-06-09 00:00:00,9784.5,9771.9,9876.0,9577.9,3403.0473055,,,,,,
2020-06-10 00:00:00,9774.0,9898.8,10012.0,9661.6,4438.62306475,,,,,,
2020-06-11 00:00:00,9898.9,9272.2,9972.8,9084.0,15783.06793445,,,,,,
2020-06-12 00:00:00,9277.9,9468.3,9544.0,9246.0,5048.84363315,,,,,,
2020-06-13 00:00:00,9468.0,9480.87818464,9498.6,9363.59686037,1845.58355902,,,,,,
2020-06-14 00:00:00,9480.8,9344.75144536,9486.0,9262.0,2698.82885588,,,,,,
2020-06-15 00:00:00,9343.1,9435.0,9530.9,8914.9,10162.02504916,,,,,,
2020-06-16 00:00:00,9434.9,9534.401723,9590.0,9388.0,3442.05679575,,,,,,
2020-06-17 00:00:00,9534.5,9473.4,9566.0,9260.0,3140.81963461,,,,,,
2020-06-18 00:00:00,9473.4,9400.0,9496.9,9285.0,1658.23492008,,,,,,
2020-06-19 00:00:00,9400.04258188,9315.5,9444.1,9237.0,2616.7058299,,,,,,
2020-06-20 00:00:00,9313.02085193,9371.3,9406.6,9178.0,1865.47515095,,,,,,
2020-06-21 00:00:00,9374.2,9301.0,9431.2,9292.0,1338.76911008,,,,,,
2020-06-22 00:00:00,9299.5,9697.72816498,9795.0,9285.2,5876.94315576,,,,,,
2020-06-23 00:00:00,9697.72816498,9635.2,9724.0,9589.7,3421.05102569,,,,,,
2020-06-24 00:00:00,9635.2,9312.1,9684.1,9212.0,5524.89802578,,,,,,
2020-06-25 00:00:00,9305.2,9257.03466936,9349.0,9011.0,5545.31009709,,,,,,
2020-06-26 00:00:00,9257.03466936,9173.1,9299.0,9054.1,3691.05093006,,,,,,
2020-06-27 00:00:00,9173.2,9015.3,9202.5,8855.0,3372.16006102,,,,,,
2020-06-28 00:00:00,9014.8,9125.366022,9193.187058,8946.6,2110.24642108,,,,,,
2020-06-29 00:00:00,9125.366022,9194.43385096,9244.0,9018.12556046,3642.40403593,,,,,,
2020-06-30 00:00:00,9194.43385096,9150.7,9206.45653809,9077.0,1833.03971963,,,,,,
2020-07-01 00:00:00,9150.6467222,9239.9,9298.0,9109.4,2192.65665227,,,,,,
2020-07-02 00:00:00,9239.4,9100.0,9266.2,8950.0,3791.70680325,,,,,,
2020-07-03 00:00:00,9100.1,9073.2,9135.5,9056.7,1087.11722411,,,,,,
2020-07-04 00:00:00,9073.2,9147.7,9204.0,9060.0,1130.89317765,,,,,,
2020-07-05 00:00:00,9146.79675146,9084.28473392,9152.30680224,8918.0,2084.26945357,,,,,,
2020-07-06 00:00:00,9089.0,9361.1,9389.58638306,9075.80199233,4261.04610108,,,,,,
2020-07-07 00:00:00,9361.12445025,9267.51494932,9389.40580899,9211.1,1632.42789733,,,,,,
2020-07-08 00:00:00,9267.57549347,9447.0,9497.2,9256.0,3814.77723032,,,,,,
2020-07-09 00:00:00,9447.1,9248.86416894,9451.7,9175.0,3709.08975826,,,,,,
2020-07-10 00:00:00,9248.9,9304.6,9324.6,9133.1,1420.69938721,,,,,,
2020-07-11 00:00:00,9304.9,9246.3,9311.8,9200.1,812.83259594,,,,,,
2020-07-12 00:00:00,9245.5,9315.8,9368.4,9175.0,1864.40441369,,,,,,
2020-07-13 00:00:00,9320.2,9252.0,9350.0,9220.0,1927.22488926,,,,,,
2020-07-14 00:00:00,9251.6,9263.4,9287.3,9107.0,2196.282437,,,,,,
2020-07-15 00:00:00,9263.7914,9210.1,9280.0,9179.0,897.57903844,,,,,,
2020-07-16 00:00:00,9210.1,9149.6,9227.2,9026.6,2873.49133989,,,,,,
2020-07-17 00:00:00,9149.6,9167.32861157,9194.0,9102.1,1064.21015788,,,,,,
2020-07-18 00:00:00,9167.32861157,9189.1,9217.1,9120.1,1172.10272826,,,,,,
2020-07-19 00:00:00,9189.1,9231.2,9299.0,9111.8,1440.22632243,,,,,,
2020-07-20 00:00:00,9231.2,9179.2,9238.2,9154.5,1402.35976776,,,,,,
2020-07-21 00:00:00,9179.2,9402.0,9457.2,9174.4179114,5398.71585906,,,,,,
2020-07-22 00:00:00,9402.1,9557.7,9642.4,9305.0,4152.34741625,,,,,,
2020-07-23 00:00:00,9557.7,9615.0,9685.43228684,9475.0,4698.40697756,,,,,,
2020-07-24 00:00:00,9615.0,9559.1,9644.0,9469.65964973,2262.02669659,,,,,,
2020-07-25 00:00:00,9559.00520597,9714.89020414,9754.5,9555.5,2562.7864653,,,,,,
2020-07-26 00:00:00,9714.9,9948.4,10190.0,9674.8,8945.66976492,,,,,,
2020-07-27 00:00:00,9948.4,11043.96287976,11379.0,9944.9,21575.30615722,,,,,,
2020-07-28 00:00:00,11044.32215834,10932.0,11263.0,10590.0,9878.58905271,,,,,,
2020-07-29 00:00:00,10931.55841463,11117.0,11355.0,10851.0,8823.29419803,,,,,,
2020-07-30 00:00:00,11117.39512086,11123.0,11189.20867739,10855.80732708,4251.00604941,,,,,,
2020-07-31 00:00:00,11122.78517118,11350.0,11440.0,10990.0,5830.1458832,,,,,,
2020-08-01 00:00:00,11350.0,11804.7440126,11843.0,11227.0,10574.54259436,,,,,,
2020-08-02 00:00:00,11805.0,11053.77256233,12097.0,10548.0,13217.6364586,,,,,,
2020-08-03 00:00:00,11058.83877657,11226.52172839,11456.0,10943.0,4085.5068594,,,,,,
2020-08-04 00:00:00,11226.99217374,11184.0,11396.0,11003.0,3256.06346449,,,,,,
2020-08-05 00:00:00,11187.0,11735.81391634,11800.0,11085.0,5786.68941182,,,,,,
2020-08-06 00:00:00,11735.93261188,11759.0,11890.0,11557.0,3901.71404458,,,,,,
2020-08-07 00:00:00,11759.0,11580.04081238,11900.0,11326.0,5093.55309175,,,,,,
2020-08-08 00:00:00,11580.04081238,11764.0,11796.0,11523.0,1874.37849071,,,,,,
2020-08-09 00:00:00,11763.0,11675.32006989,11788.0,11530.0,1571.87081403,,,,,,
2020-08-10 00:00:00,11675.32006989,11892.0,12065.0,11450.0,6575.26897597,,,,,,
2020-08-11 00:00:00,11893.0,11379.0,11943.0,11123.0,7105.92315064,,,,,,
2020-08-12 00:00:00,11379.0,11583.0,11613.97869844,11100.0,4309.29975682,,,,,,
2020-08-13 00:00:00,11583.0,11792.46007598,11822.0,11279.0,5779.6932746,,,,,,
2020-08-14 00:00:00,11793.16904862,11761.0,11869.0,11650.03890904,4652.45752198,,,,,,
2020-08-15 00:00:00,11762.0,11873.41825354,11997.0,11705.0,4038.10832313,,,,,,
2020-08-16 00:00:00,11873.41825354,11925.0,11944.0,11705.0,2717.98718733,,,,,,
2020-08-17 00:00:00,11924.02573127,12300.0,12490.0,11675.0,10122.6714163,,,,,,
2020-08-18 00:00:00,12303.0,11961.83967646,12405.0,11814.0,7179.55648352,,,,,,
2020-08-19 00:00:00,11961.83967646,11778.0,12025.25974,11608.59604692,6287.195758,,,,,,
2020-08-20 00:00:00,11778.02622206,11884.677714,11902.0,11680.0,2734.22904121,,,,,,
2020-08-21 00:00:00,11884.677714,11531.0,11899.0,11500.0,6102.59595826,,,,,,
2020-08-22 00:00:00,11527.0,11685.0,11703.0,11390.0,3458.466714,,,,,,
2020-08-23 00:00:00,11683.0,11663.0,11736.0,11538.0,1929.78739306,,,,,,
2020-08-24 00:00:00,11663.0,11768.0,11847.0,11605.0,1987.28075227,,,,,,
2020-08-25 00:00:00,11765.0,11341.4006669,11778.0,11137.0,6158.91793348,,,,,,
2020-08-26 00:00:00,11341.0,11471.10096,11546.0,11219.88888,2484.87645848,,,,,,
2020-08-27 00:00:00,11472.0,11343.0,11609.0,11145.0,4811.07166836,,,,,,
2020-08-28 00:00:00,11343.0,11545.0,11567.0,11303.0,2024.55122551,,,,,,
2020-08-29 00:00:00,11544.621284,11492.0,11606.34239887,11450.0,1520.98782067,,,,,,
2020-08-30 00:00:00,11492.0,11730.0,11730.0,11480.0,2102.9568569,,,,,,
2020-08-31 00:00:00,11729.89978204,11671.0,11790.0,11600.0,2242.98394163,,,,,,
2020-09-01 00:00:00,11671.23323392,11942.0,12067.0,11552.0,5020.38142016,,,,,,
2020-09-02 00:00:00,11942.89423579,11408.0,11975.0,11183.0,6191.79985751,,,,,,
2020-09-03 00:00:00,11400.841462,10170.0,11460.98620262,9990.9,15884.01270037,,,,,,
2020-09-04 00:00:00,10166.13513,10484.74763252,10644.0,9965.7,13589.50529482,,,,,,
2020-09-05 00:00:00,10484.07051575,10196.86489828,10593.0,9925.5,8507.11405664,,,,,,
2020-09-06 00:00:00,10197.0,10276.0,10365.07422046,10031.0,2755.66300115,,,,,,
2020-09-07 00:00:00,10275.9676,10397.0,10430.0,9913.8,6301.95149206,,,,,,
2020-09-08 00:00:00,10400.0,10148.0,10464.0,9882.4,6761.1383562,,,,,,
2020-09-09 00:00:00,10150.0,10240.0,10359.0,10010.0,2406.14739791,,,,,,
2020-09-10 00:00:00,10241.0,10355.0,10516.0,10233.0879672,3553.97517835,,,,,,
2020-09-11 00:00:00,10354.0,10405.0,10438.0,10197.0,2468.47916195,,,,,,
2020-09-12 00:00:00,10404.94752176,10458.0,10492.0,10287.0,1434.15294838,,,,,,
2020-09-13 00:00:00,10459.0,10331.0,10623.0,10231.0,4044.98562654,,,,,,
2020-09-14 00:00:00,10331.0,10690.0,10773.0,10259.0,3687.51051542,,,,,,
2020-09-15 00:00:00,10689.93207785,10797.0,10944.0,10645.0,4990.20947654,,,,,,
2020-09-16 00:00:00,10797.99361605,10971.25116264,11104.97665904,10682.0,4798.73427717,,,,,,
2020-09-17 00:00:00,10971.45422468,10959.0,11069.17646505,10765.936272,2515.82301027,,,,,,
2020-09-18 00:00:00,10959.0,10957.17348137,11064.0,10825.0,2255.78236859,,,,,,
2020-09-19 00:00:00,10957.05507792,11098.0,11185.0,10920.0,2467.83027967,,,,,,
2020-09-20 00:00:00,11098.0,10934.54183144,11098.0,10779.0,1818.9312364,,,,,,
2020-09-21 00:00:00,10935.0,10435.0,11000.0,10321.0,6012.77245251,,,,,,
2020-09-22 00:00:00,10435.0,10549.0,10597.0,10377.0,2412.76234461,,,,,,
2020-09-23 00:00:00,10549.621726,10263.0,10555.0,10152.0,3093.16299583,,,,,,
2020-09-24 00:00:00,10266.0,10754.0,10842.0,10222.0,3195.72207711,,,,,,
2020-09-25 00:00:00,10752.0,10708.0,10774.0,10580.0,2351.64280732,,,,,,
2020-09-26 00:00:00,10708.0,10750.0,10841.0,10675.0,940.11544811,,,,,,
2020-09-27 00:00:00,10750.90937072,10803.0,10824.0,10594.0,1754.82101234,,,,,,
2020-09-28 00:00:00,10804.0,10714.0,10986.0,10656.20638633,3793.66453162,,,,,,
2020-09-29 00:00:00,10713.0,10856.0,10889.0,10654.0,1793.01665211,,,,,,
2020-09-30 00:00:00,10857.0,10795.0,10866.00570211,10684.0,1504.41297176,,,,,,
2020-10-01 00:00:00,10797.0,10634.0,10975.126364,10460.0,5682.15324545,,,,,,
2020-10-02 00:00:00,10633.0,10586.0,10686.0,10391.0,3737.41568792,,,,,,
2020-10-03 00:00:00,10586.0,10558.58697865,10616.0,10513.0,833.97060122,,,,,,
2020-10-04 00:00:00,10558.00112605,10687.0,10713.0,10541.0,1628.85480833,,,,,,
2020-10-05 00:00:00,10687.0,10807.0,10816.0,10637.0,1783.47952643,,,,,,
2020-10-06 00:00:00,10807.0,10613.705256,10819.959108,10548.0,3219.16847587,,,,,,
2020-10-07 00:00:00,10613.0,10687.0,10691.0,10563.0,1669.91903423,,,,,,
2020-10-08 00:00:00,10687.32291769,10943.0,10971.0,10541.0,3641.24246027,,,,,,
2020-10-09 00:00:00,10942.901982,11071.0,11133.99746703,10853.1165156,2570.0680234,,,,,,
2020-10-10 00:00:00,11071.0,11308.0,11505.0,11071.0,4168.69088477,,,,,,
2020-10-11 00:00:00,11308.0,11385.0,11451.0,11279.45650736,1478.2348888,,,,,,
2020-10-12 00:00:00,11384.0,11560.0,11739.97398,11111.0,6368.14562071,,,,,,
2020-10-13 00:00:00,11560.0,11442.0,11574.90850243,11333.0,3905.22148627,,,,,,
2020-10-14 00:00:00,11442.72553612,11440.0,11564.0,11309.0,2693.05607564,,,,,,
2020-10-15 00:00:00,11440.0,11509.0,11632.0,11277.0,4263.98661429,,,,,,
2020-10-16 00:00:00,11511.9497064,11325.0,11547.0,11212.0,3461.9219345,,,,,,
2020-10-17 00:00:00,11324.8837331,11375.0,11418.0,11275.0,1037.69350326,,,,,,
2020-10-18 00:00:00,11376.0,11518.0,11520.0,11364.93369218,1321.88045131,,,,,,
2020-10-19 00:00:00,11517.0,11757.0,11828.0,11417.0,3767.98031874,,,,,,
2020-10-20 00:00:00,11757.0,11925.0,12044.0,11696.0,5422.99322297,,,,,,
2020-10-21 00:00:00,11924.12565284,12810.0,13220.0,11910.0,15400.96625616,,,,,,
2020-10-22 00:00:00,12811.0,12988.0,13188.0,12710.0,6090.19951202,,,,,,
2020-10-23 00:00:00,12982.0,12935.0,13032.0,12738.0,2904.13203062,,,,,,
2020-10-24 00:00:00,12930.56664423,13127.03663502,13178.0,12882.0,1971.8904909,,,,,,
2020-10-25 00:00:00,13127.0,13037.0,13358.0,12850.0,3631.47386568,,,,,,
2020-10-26 00:00:00,13036.0,13059.0,13244.0,12781.0,3675.05916084,,,,,,
2020-10-27 00:00:00,13059.0,13626.0,13769.0,13054.0,8976.07060578,,,,,,
2020-10-28 00:00:00,13626.0,13267.0,13839.0,12915.0,7113.94802481,,,,,,
2020-10-29 00:00:00,13266.0,13451.0,13629.0,12972.0,4074.37347985,,,,,,
2020-10-30 00:00:00,13450.0,13568.0,13673.0,13120.0,4659.29588008,,,,,,
2020-10-31 00:00:00,13567.94596627,13788.0,14055.0,13425.0,8953.45758111,,,,,,
2020-11-01 00:00:00,13778.27705844,13756.0,13892.0,13611.0,3107.60188947,,,,,,
2020-11-02 00:00:00,13755.0,13562.0,13836.0,13207.0,6586.08653832,,,,,,
2020-11-03 00:00:00,13560.0,14029.5896356,14066.0,13301.0,5811.86187544,,,,,,
2020-11-04 00:00:00,14029.5896356,14149.0,14245.0,13530.0,10098.33576646,,,,,,
2020-11-05 00:00:00,14152.0,15568.0,15723.55678179,14104.36241552,15897.90693691,,,,,,
2020-11-06 00:00:00,15568.0,15572.88385495,15888.0,15179.0,12097.89054039,,,,,,
2020-11-07 00:00:00,15573.0,14845.0,15740.0,14411.0,14370.83426036,,,,,,
2020-11-08 00:00:00,14849.0,15500.0,15650.0,14755.0,6475.28259478,,,,,,
2020-11-09 00:00:00,15501.0,15334.52194598,15844.0,14841.0,8947.1113553,,,,,,
2020-11-10 00:00:00,15336.88653372,15311.53062117,15474.0,15077.0,3741.90497043,,,,,,
2020-11-11 00:00:00,15311.53062117,15709.3042176,15981.0,15292.0,6940.97705853,,,,,,
2020-11-12 00:00:00,15709.0,16296.18794388,16325.0,15453.0,12299.29569523,,,,,,
2020-11-13 00:00:00,16296.0,16308.5948109,16481.0,15974.0,7699.72967138,,,,,,
2020-11-14 00:00:00,16308.5948109,16057.0,16315.0,15715.0,5090.22982759,,,,,,
2020-11-15 00:00:00,16058.519784,15965.0,16151.0,15794.0,2564.5596865,,,,,,
2020-11-16 00:00:00,15965.0,16719.0,16872.0,15874.0,6522.24231834,,,,,,
2020-11-17 00:00:00,16719.0,17674.87558,17815.0,16535.0,12211.61192244,,,,,,
2020-11-18 00:00:00,17674.53552004,17774.0,18450.0,17119.0,17517.60930774,,,,,,
2020-11-19 00:00:00,17774.0,17818.0,18166.0,17344.0,5575.43345482,,,,,,
2020-11-20 00:00:00,17813.0,18660.0,18810.0,17753.0,7974.20959348,,,,,,
2020-11-21 00:00:00,18659.98826325,18659.98826325,18945.0,18323.0,6619.77912017,,,,,,
2020-11-22 00:00:00,18659.98826325,18392.0,18732.0,17645.0,9098.86083786,,,,,,
2020-11-23 00:00:00,18390.0,18372.0,18724.0,18003.0,8765.27184524,,,,,,
2020-11-24 00:00:00,18364.0,19131.0,19400.0,18130.0,14937.35456899,,,,,,
2020-11-25 00:00:00,19133.654712,18727.0,19497.0,18500.0,13477.60483221,,,,,,
2020-11-26 00:00:00,18726.475677,17211.69580098,18908.0,16317.0,34343.56146402,,,,,,
2020-11-27 00:00:00,17213.0,17171.0,17531.0,16501.0,11217.91209845,,,,,,
2020-11-28 00:00:00,17171.0,17686.840768,17705.0,16925.0,3535.95274855,,,,,,
2020-01-01 00:00:00+00:00,,,,,,7200.17431640625,7200.17431640625,7254.33056640625,7174.9443359375,7194.89208984375,18565664997.0
2020-01-02 00:00:00+00:00,,,,,,6985.47021484375,6985.47021484375,7212.1552734375,6935.27001953125,7202.55126953125,20802083465.0
2020-01-03 00:00:00+00:00,,,,,,7344.88427734375,7344.88427734375,7413.71533203125,6914.99609375,6984.4287109375,28111481032.0
2020-01-04 00:00:00+00:00,,,,,,7410.65673828125,7410.65673828125,7427.3857421875,7309.51416015625,7345.37548828125,18444271275.0
2020-01-05 00:00:00+00:00,,,,,,7411.3173828125,7411.3173828125,7544.4970703125,7400.53564453125,7410.45166015625,19725074095.0
2020-01-06 00:00:00+00:00,,,,,,7769.21923828125,7769.21923828125,7781.8671875,7409.29296875,7410.4521484375,23276261598.0
2020-01-07 00:00:00+00:00,,,,,,8163.6923828125,8163.6923828125,8178.2158203125,7768.2275390625,7768.68212890625,28767291327.0
2020-01-08 00:00:00+00:00,,,,,,8079.86279296875,8079.86279296875,8396.73828125,7956.7744140625,8161.935546875,31672559265.0
2020-01-09 00:00:00+00:00,,,,,,7879.0712890625,7879.0712890625,8082.2958984375,7842.40380859375,8082.2958984375,24045990466.0
2020-01-10 00:00:00+00:00,,,,,,8166.55419921875,8166.55419921875,8166.55419921875,7726.77490234375,7878.3076171875,28714583844.0
2020-01-11 00:00:00+00:00,,,,,,8037.53759765625,8037.53759765625,8218.359375,8029.64208984375,8162.19091796875,25521165085.0
2020-01-12 00:00:00+00:00,,,,,,8192.494140625,8192.494140625,8200.0634765625,8009.05908203125,8033.26171875,22903438381.0
2020-01-13 00:00:00+00:00,,,,,,8144.1943359375,8144.1943359375,8197.7880859375,8079.70068359375,8189.77197265625,22482910688.0
2020-01-14 00:00:00+00:00,,,,,,8827.7646484375,8827.7646484375,8879.51171875,8140.93310546875,8140.93310546875,44841784107.0
2020-01-15 00:00:00+00:00,,,,,,8807.0107421875,8807.0107421875,8890.1171875,8657.1875,8825.34375,40102834650.0
2020-01-16 00:00:00+00:00,,,,,,8723.7861328125,8723.7861328125,8846.4609375,8612.095703125,8812.4814453125,31313981931.0
2020-01-17 00:00:00+00:00,,,,,,8929.0380859375,8929.0380859375,8958.1220703125,8677.31640625,8725.2099609375,36372139320.0
2020-01-18 00:00:00+00:00,,,,,,8942.80859375,8942.80859375,9012.1982421875,8827.33203125,8927.2119140625,32337772627.0
2020-01-19 00:00:00+00:00,,,,,,8706.2451171875,8706.2451171875,9164.3623046875,8620.080078125,8941.4453125,34217320471.0
2020-01-20 00:00:00+00:00,,,,,,8657.642578125,8657.642578125,8745.5908203125,8560.4736328125,8704.6318359375,26422375678.0
2020-01-21 00:00:00+00:00,,,,,,8745.89453125,8745.89453125,8755.7060546875,8544.5205078125,8658.9912109375,24097418512.0
2020-01-22 00:00:00+00:00,,,,,,8680.8759765625,8680.8759765625,8792.994140625,8636.7470703125,8744.2109375,22600204051.0
2020-01-23 00:00:00+00:00,,,,,,8406.515625,8406.515625,8687.7470703125,8333.6376953125,8680.650390625,25770680779.0
2020-01-24 00:00:00+00:00,,,,,,8445.4345703125,8445.4345703125,8514.6669921875,8266.8408203125,8405.5673828125,24397913026.0
2020-01-25 00:00:00+00:00,,,,,,8367.84765625,8367.84765625,8458.453125,8296.21875,8440.119140625,19647331549.0
2020-01-26 00:00:00+00:00,,,,,,8596.830078125,8596.830078125,8602.4013671875,8325.498046875,8364.41015625,22177678796.0
2020-01-27 00:00:00+00:00,,,,,,8909.8193359375,8909.8193359375,8977.7265625,8597.30859375,8597.30859375,28647338393.0
2020-01-28 00:00:00+00:00,,,,,,9358.58984375,9358.58984375,9358.58984375,8908.447265625,8912.5244140625,34398744403.0
2020-01-29 00:00:00+00:00,,,,,,9316.6298828125,9316.6298828125,9406.431640625,9269.4677734375,9357.470703125,30682598115.0
2020-01-30 00:00:00+00:00,,,,,,9508.9931640625,9508.9931640625,9553.1259765625,9230.8974609375,9316.0166015625,32378792851.0
2020-01-31 00:00:00+00:00,,,,,,9350.529296875,9350.529296875,9521.7060546875,9230.7763671875,9508.3134765625,29432489719.0
2020-02-01 00:00:00+00:00,,,,,,9392.875,9392.875,9439.3232421875,9313.2392578125,9346.357421875,25922656496.0
2020-02-02 00:00:00+00:00,,,,,,9344.365234375,9344.365234375,9468.7978515625,9217.82421875,9389.8203125,30835736946.0
2020-02-03 00:00:00+00:00,,,,,,9293.521484375,9293.521484375,9540.3720703125,9248.6337890625,9344.68359375,30934096509.0
2020-02-04 00:00:00+00:00,,,,,,9180.962890625,9180.962890625,9331.265625,9112.8115234375,9292.841796875,29893183716.0
2020-02-05 00:00:00+00:00,,,,,,9613.423828125,9613.423828125,9701.2998046875,9163.7041015625,9183.416015625,35222060874.0
2020-02-06 00:00:00+00:00,,,,,,9729.8017578125,9729.8017578125,9824.619140625,9539.818359375,9617.8212890625,37628823716.0
2020-02-07 00:00:00+00:00,,,,,,9795.943359375,9795.943359375,9834.716796875,9726.0029296875,9726.0029296875,34522718159.0
2020-02-08 00:00:00+00:00,,,,,,9865.119140625,9865.119140625,9876.7490234375,9678.91015625,9793.0703125,35172043762.0
2020-02-09 00:00:00+00:00,,,,,,10116.673828125,10116.673828125,10129.435546875,9850.392578125,9863.89453125,35807884663.0
2020-02-10 00:00:00+00:00,,,,,,9856.611328125,9856.611328125,10165.765625,9784.5634765625,10115.5595703125,39386548075.0
2020-02-11 00:00:00+00:00,,,,,,10208.236328125,10208.236328125,10210.052734375,9729.3349609375,9855.8916015625,37648059389.0
2020-02-12 00:00:00+00:00,,,,,,10326.0546875,10326.0546875,10393.611328125,10202.3876953125,10202.3876953125,43444303830.0
2020-02-13 00:00:00+00:00,,,,,,10214.3798828125,10214.3798828125,10457.626953125,10116.1611328125,10323.9609375,49356071373.0
2020-02-14 00:00:00+00:00,,,,,,10312.1162109375,10312.1162109375,10321.99609375,10125.5341796875,10211.55078125,43338264162.0
2020-02-15 00:00:00+00:00,,,,,,9889.4248046875,9889.4248046875,10341.5556640625,9874.427734375,10313.8564453125,43865054831.0
2020-02-16 00:00:00+00:00,,,,,,9934.43359375,9934.43359375,10053.96875,9722.38671875,9889.1796875,43374780305.0
2020-02-17 00:00:00+00:00,,,,,,9690.142578125,9690.142578125,9938.8154296875,9507.6376953125,9936.560546875,45998298413.0
2020-02-18 00:00:00+00:00,,,,,,10141.99609375,10141.99609375,10161.935546875,9632.3828125,9691.23046875,47271023953.0
2020-02-19 00:00:00+00:00,,,,,,9633.38671875,9633.38671875,10191.67578125,9611.2236328125,10143.798828125,46992019710.0
2020-02-20 00:00:00+00:00,,,,,,9608.4755859375,9608.4755859375,9643.216796875,9507.900390625,9629.3251953125,44925260237.0
2020-02-21 00:00:00+00:00,,,,,,9686.44140625,9686.44140625,9723.0146484375,9589.7431640625,9611.7822265625,40930547513.0
2020-02-22 00:00:00+00:00,,,,,,9663.181640625,9663.181640625,9698.2314453125,9600.728515625,9687.70703125,35838025154.0
2020-02-23 00:00:00+00:00,,,,,,9924.515625,9924.515625,9937.404296875,9657.791015625,9663.318359375,41185185761.0
2020-02-24 00:00:00+00:00,,,,,,9650.1748046875,9650.1748046875,9951.74609375,9537.04296875,9921.5830078125,45080496648.0
2020-02-25 00:00:00+00:00,,,,,,9341.705078125,9341.705078125,9652.7373046875,9305.021484375,9651.3125,42515259129.0
2020-02-26 00:00:00+00:00,,,,,,8820.5224609375,8820.5224609375,9354.7783203125,8704.4267578125,9338.2900390625,50420050762.0
2020-02-27 00:00:00+00:00,,,,,,8784.494140625,8784.494140625,8932.892578125,8577.19921875,8825.09375,45470195695.0
2020-02-28 00:00:00+00:00,,,,,,8672.455078125,8672.455078125,8890.4560546875,8492.9326171875,8788.728515625,44605450443.0
2020-02-29 00:00:00+00:00,,,,,,8599.5087890625,8599.5087890625,8775.6318359375,8599.5087890625,8671.212890625,35792392544.0
2020-03-01 00:00:00+00:00,,,,,,8562.4541015625,8562.4541015625,8726.796875,8471.212890625,8599.7587890625,35349164300.0
2020-03-02 00:00:00+00:00,,,,,,8869.669921875,8869.669921875,8921.30859375,8532.630859375,8563.2646484375,42857674409.0
2020-03-03 00:00:00+00:00,,,,,,8787.7861328125,8787.7861328125,8901.5986328125,8704.990234375,8865.3876953125,42386715821.0
2020-03-04 00:00:00+00:00,,,,,,8755.24609375,8755.24609375,8843.3662109375,8712.431640625,8788.5419921875,34746706368.0
2020-03-05 00:00:00+00:00,,,,,,9078.7626953125,9078.7626953125,9142.0546875,8757.25390625,8760.28515625,39698054597.0
2020-03-06 00:00:00+00:00,,,,,,9122.5458984375,9122.5458984375,9167.6953125,9032.0791015625,9078.30859375,40826885651.0
2020-03-07 00:00:00+00:00,,,,,,8909.9541015625,8909.9541015625,9163.220703125,8890.744140625,9121.6005859375,36216930370.0
2020-03-08 00:00:00+00:00,,,,,,8108.1162109375,8108.1162109375,8914.34375,8105.2529296875,8908.2060546875,39973102121.0
2020-03-09 00:00:00+00:00,,,,,,7923.64453125,7923.64453125,8177.79345703125,7690.09814453125,8111.146484375,46936995808.0
2020-03-10 00:00:00+00:00,,,,,,7909.7294921875,7909.7294921875,8136.9453125,7814.76318359375,7922.14697265625,42213940994.0
2020-03-11 00:00:00+00:00,,,,,,7911.43017578125,7911.43017578125,7950.814453125,7642.8125,7910.08984375,38682762605.0
2020-03-12 00:00:00+00:00,,,,,,4970.7880859375,4970.7880859375,7929.1162109375,4860.35400390625,7913.6162109375,53980357243.0
2020-03-13 00:00:00+00:00,,,,,,5563.70703125,5563.70703125,5838.11474609375,4106.98095703125,5017.8310546875,74156772075.0
2020-03-14 00:00:00+00:00,,,,,,5200.3662109375,5200.3662109375,5625.2265625,5125.0693359375,5573.07763671875,36154506008.0
2020-03-15 00:00:00+00:00,,,,,,5392.31494140625,5392.31494140625,5836.64501953125,5169.283203125,5201.06689453125,33997889639.0
2020-03-16 00:00:00+00:00,,,,,,5014.47998046875,5014.47998046875,5385.2294921875,4575.35791015625,5385.2294921875,45368026430.0
2020-03-17 00:00:00+00:00,,,,,,5225.62939453125,5225.62939453125,5371.3486328125,4981.9091796875,5002.578125,38622642935.0
2020-03-18 00:00:00+00:00,,,,,,5238.4384765625,5238.4384765625,5331.833984375,5069.3359375,5227.11376953125,37878801016.0
2020-03-19 00:00:00+00:00,,,,,,6191.19287109375,6191.19287109375,6329.73583984375,5236.96875,5245.41650390625,51000731797.0
2020-03-20 00:00:00+00:00,,,,,,6198.7783203125,6198.7783203125,6844.26171875,5865.78173828125,6191.65380859375,54442976103.0
2020-03-21 00:00:00+00:00,,,,,,6185.06640625,6185.06640625,6378.13525390625,5932.8232421875,6206.521484375,42494390880.0
2020-03-22 00:00:00+00:00,,,,,,5830.2548828125,5830.2548828125,6359.697265625,5823.7138671875,6185.55810546875,40099664740.0
2020-03-23 00:00:00+00:00,,,,,,6416.31494140625,6416.31494140625,6443.9345703125,5785.00439453125,5831.37451171875,46491916000.0
2020-03-24 00:00:00+00:00,,,,,,6734.8037109375,6734.8037109375,6789.02294921875,6411.06640625,6436.642578125,48221910672.0
2020-03-25 00:00:00+00:00,,,,,,6681.06298828125,6681.06298828125,6892.51123046875,6536.92626953125,6738.716796875,44590107888.0
2020-03-26 00:00:00+00:00,,,,,,6716.4404296875,6716.4404296875,6735.4638671875,6590.962890625,6675.1708984375,35319797642.0
2020-03-27 00:00:00+00:00,,,,,,6469.79833984375,6469.79833984375,6793.83642578125,6466.70166015625,6719.38916015625,34585598367.0
2020-03-28 00:00:00+00:00,,,,,,6242.19384765625,6242.19384765625,6467.5009765625,6117.837890625,6467.25390625,34885225901.0
2020-03-29 00:00:00+00:00,,,,,,5922.04296875,5922.04296875,6250.46728515625,5920.0859375,6245.62451171875,28373690931.0
2020-03-30 00:00:00+00:00,,,,,,6429.841796875,6429.841796875,6517.19580078125,5903.234375,5925.53857421875,37101651525.0
2020-03-31 00:00:00+00:00,,,,,,6438.64453125,6438.64453125,6504.51513671875,6374.162109375,6430.6064453125,32786468812.0
2020-04-01 00:00:00+00:00,,,,,,6606.7763671875,6606.7763671875,6612.57373046875,6202.37353515625,6437.3193359375,40346426266.0
2020-04-02 00:00:00+00:00,,,,,,6793.62451171875,6793.62451171875,7088.24755859375,6595.91845703125,6606.7763671875,47660646124.0
2020-04-03 00:00:00+00:00,,,,,,6733.38720703125,6733.38720703125,7003.220703125,6673.3359375,6797.396484375,38976504903.0
2020-04-04 00:00:00+00:00,,,,,,6867.52734375,6867.52734375,6878.95361328125,6696.48486328125,6738.3828125,33185988584.0
2020-04-05 00:00:00+00:00,,,,,,6791.12939453125,6791.12939453125,6883.4140625,6715.92919921875,6862.53759765625,29510409856.0
2020-04-06 00:00:00+00:00,,,,,,7271.78125,7271.78125,7271.78125,6782.8896484375,6788.0498046875,46896904615.0
2020-04-07 00:00:00+00:00,,,,,,7176.41455078125,7176.41455078125,7427.939453125,7136.71435546875,7273.64404296875,44243482668.0
2020-04-08 00:00:00+00:00,,,,,,7334.0986328125,7334.0986328125,7356.2236328125,7153.3056640625,7179.283203125,37563249549.0
2020-04-09 00:00:00+00:00,,,,,,7302.08935546875,7302.08935546875,7341.4482421875,7179.09423828125,7337.96630859375,34815139178.0
2020-04-10 00:00:00+00:00,,,,,,6865.4931640625,6865.4931640625,7303.8154296875,6802.47509765625,7303.8154296875,43622840992.0
2020-04-11 00:00:00+00:00,,,,,,6859.0830078125,6859.0830078125,6926.06982421875,6789.9208984375,6867.4404296875,31222085946.0
2020-04-12 00:00:00+00:00,,,,,,6971.091796875,6971.091796875,7119.947265625,6811.078125,6858.06787109375,35759567632.0
2020-04-13 00:00:00+00:00,,,,,,6845.03759765625,6845.03759765625,6965.61669921875,6668.259765625,6965.61669921875,38619308647.0
2020-04-14 00:00:00+00:00,,,,,,6842.427734375,6842.427734375,6958.55712890625,6793.8212890625,6843.28173828125,34110434052.0
2020-04-15 00:00:00+00:00,,,,,,6642.10986328125,6642.10986328125,6928.66455078125,6633.40283203125,6845.5615234375,32288311031.0
2020-04-16 00:00:00+00:00,,,,,,7116.80419921875,7116.80419921875,7134.45068359375,6555.50439453125,6640.4541015625,46783242377.0
2020-04-17 00:00:00+00:00,,,,,,7096.1845703125,7096.1845703125,7167.18310546875,7050.33203125,7116.552734375,32513423567.0
2020-04-18 00:00:00+00:00,,,,,,7257.6650390625,7257.6650390625,7269.95654296875,7089.2470703125,7092.29150390625,32447188386.0
2020-04-19 00:00:00+00:00,,,,,,7189.4248046875,7189.4248046875,7280.52197265625,7167.0546875,7260.92236328125,31311210215.0
2020-04-20 00:00:00+00:00,,,,,,6881.95849609375,6881.95849609375,7240.29052734375,6835.5029296875,7186.87353515625,37747113936.0
2020-04-21 00:00:00+00:00,,,,,,6880.3232421875,6880.3232421875,6934.5517578125,6834.4423828125,6879.7841796875,32589741511.0
2020-04-22 00:00:00+00:00,,,,,,7117.20751953125,7117.20751953125,7145.86572265625,6867.78173828125,6879.4404296875,33249153866.0
2020-04-23 00:00:00+00:00,,,,,,7429.724609375,7429.724609375,7491.78515625,7081.5947265625,7121.30615234375,43500782316.0
2020-04-24 00:00:00+00:00,,,,,,7550.90087890625,7550.90087890625,7574.19580078125,7434.181640625,7434.181640625,34636526286.0
2020-04-25 00:00:00+00:00,,,,,,7569.93603515625,7569.93603515625,7641.36376953125,7521.67236328125,7550.48291015625,32941541447.0
2020-04-26 00:00:00+00:00,,,,,,7679.8671875,7679.8671875,7700.59423828125,7561.40771484375,7570.13916015625,33070154491.0
2020-04-27 00:00:00+00:00,,,,,,7795.60107421875,7795.60107421875,7795.60107421875,7679.4189453125,7679.4189453125,36162144725.0
2020-04-28 00:00:00+00:00,,,,,,7807.05859375,7807.05859375,7814.52734375,7730.806640625,7796.97021484375,33187959921.0
2020-04-29 00:00:00+00:00,,,,,,8801.0380859375,8801.0380859375,8871.75390625,7786.04931640625,7806.71240234375,60201052203.0
2020-04-30 00:00:00+00:00,,,,,,8658.5537109375,8658.5537109375,9440.650390625,8533.255859375,8797.669921875,66964629541.0
2020-05-01 00:00:00+00:00,,,,,,8864.7666015625,8864.7666015625,9048.0234375,8667.763671875,8672.7822265625,44068389997.0
2020-05-02 00:00:00+00:00,,,,,,8988.5966796875,8988.5966796875,9007.1875,8811.3662109375,8869.0576171875,40134388683.0
2020-05-03 00:00:00+00:00,,,,,,8897.46875,8897.46875,9167.78125,8830.9716796875,8983.6142578125,47101785174.0
2020-05-04 00:00:00+00:00,,,,,,8912.654296875,8912.654296875,8956.90625,8645.0244140625,8895.7451171875,45718796276.0
2020-05-05 00:00:00+00:00,,,,,,9003.0703125,9003.0703125,9062.4150390625,8856.8271484375,8912.83203125,43148462663.0
2020-05-06 00:00:00+00:00,,,,,,9268.76171875,9268.76171875,9411.4677734375,8966.7060546875,9007.44140625,49371886931.0
2020-05-07 00:00:00+00:00,,,,,,9951.5185546875,9951.5185546875,9992.6640625,9138.322265625,9261.8955078125,61112700562.0
2020-05-08 00:00:00+00:00,,,,,,9842.666015625,9842.666015625,9996.7431640625,9767.1728515625,9936.162109375,51780748042.0
2020-05-09 00:00:00+00:00,,,,,,9593.896484375,9593.896484375,9913.86328125,9580.64453125,9840.90625,46566121841.0
2020-05-10 00:00:00+00:00,,,,,,8756.4306640625,8756.4306640625,9595.5810546875,8395.107421875,9591.1689453125,63325279337.0
2020-05-11 00:00:00+00:00,,,,,,8601.7958984375,8601.7958984375,9033.470703125,8374.3232421875,8755.53515625,57119858802.0
2020-05-12 00:00:00+00:00,,,,,,8804.4775390625,8804.4775390625,8949.8984375,8569.6435546875,8610.3857421875,42142717533.0
2020-05-13 00:00:00+00:00,,,,,,9269.9873046875,9269.9873046875,9317.87890625,8805.3876953125,8805.3876953125,45558144023.0
2020-05-14 00:00:00+00:00,,,,,,9733.7216796875,9733.7216796875,9793.2685546875,9255.03515625,9271.3291015625,56426907637.0
2020-05-15 00:00:00+00:00,,,,,,9328.197265625,9328.197265625,9755.828125,9261.3984375,9734.291015625,48158802327.0
2020-05-16 00:00:00+00:00,,,,,,9377.013671875,9377.013671875,9564.205078125,9260.6943359375,9333.240234375,36164766408.0
2020-05-17 00:00:00+00:00,,,,,,9670.7392578125,9670.7392578125,9823.001953125,9349.5458984375,9374.9296875,40084250663.0
2020-05-18 00:00:00+00:00,,,,,,9726.5751953125,9726.5751953125,9906.0302734375,9570.359375,9675.6953125,41827139896.0
2020-05-19 00:00:00+00:00,,,,,,9729.0380859375,9729.0380859375,9836.0478515625,9539.6240234375,9727.0634765625,39254288955.0
2020-05-20 00:00:00+00:00,,,,,,9522.9814453125,9522.9814453125,9804.7939453125,9447.201171875,9725.3291015625,36546239703.0
2020-05-21 00:00:00+00:00,,,,,,9081.76171875,9081.76171875,9555.2421875,8869.9306640625,9522.740234375,39326160532.0
2020-05-22 00:00:00+00:00,,,,,,9182.5771484375,9182.5771484375,9232.9365234375,9008.638671875,9080.3349609375,29810773699.0
2020-05-23 00:00:00+00:00,,,,,,9209.287109375,9209.287109375,9302.501953125,9118.1083984375,9185.0625,27727866812.0
2020-05-24 00:00:00+00:00,,,,,,8790.3681640625,8790.3681640625,9288.404296875,8787.2509765625,9212.283203125,32518803300.0
2020-05-25 00:00:00+00:00,,,,,,8906.9345703125,8906.9345703125,8951.005859375,8719.66796875,8786.107421875,31288157264.0
2020-05-26 00:00:00+00:00,,,,,,8835.052734375,8835.052734375,8991.9677734375,8757.2939453125,8909.5859375,29584186947.0
2020-05-27 00:00:00+00:00,,,,,,9181.017578125,9181.017578125,9203.3203125,8834.1572265625,8837.380859375,32740536902.0
2020-05-28 00:00:00+00:00,,,,,,9525.7509765625,9525.7509765625,9546.3193359375,9148.45703125,9184.9453125,34367073114.0
2020-05-29 00:00:00+00:00,,,,,,9439.1240234375,9439.1240234375,9573.6669921875,9379.3388671875,9528.35546875,32896642044.0
2020-05-30 00:00:00+00:00,,,,,,9700.4140625,9700.4140625,9704.0302734375,9366.7294921875,9438.9140625,32722975141.0
2020-05-31 00:00:00+00:00,,,,,,9461.05859375,9461.05859375,9700.34375,9432.296875,9700.10546875,27773290299.0
2020-06-01 00:00:00+00:00,,,,,,10167.2685546875,10167.2685546875,10199.5654296875,9450.8994140625,9463.60546875,35198901068.0
2020-06-02 00:00:00+00:00,,,,,,9529.8037109375,9529.8037109375,10182.3408203125,9460.5712890625,10162.9736328125,39137252109.0
2020-06-03 00:00:00+00:00,,,,,,9656.7177734375,9656.7177734375,9682.859375,9471.8466796875,9533.7607421875,25007459262.0
2020-06-04 00:00:00+00:00,,,,,,9800.63671875,9800.63671875,9887.6103515625,9525.2470703125,9655.8544921875,25921805072.0
2020-06-05 00:00:00+00:00,,,,,,9665.533203125,9665.533203125,9869.2373046875,9663.216796875,9800.2158203125,23509628646.0
2020-06-06 00:00:00+00:00,,,,,,9653.6796875,9653.6796875,9773.431640625,9591.0244140625,9664.904296875,20438419222.0
2020-06-07 00:00:00+00:00,,,,,,9758.8525390625,9758.8525390625,9768.498046875,9458.150390625,9653.0029296875,25015250846.0
2020-06-08 00:00:00+00:00,,,,,,9771.4892578125,9771.4892578125,9782.306640625,9675.8857421875,9760.0634765625,21486346312.0
2020-06-09 00:00:00+00:00,,,,,,9795.7001953125,9795.7001953125,9836.369140625,9664.7197265625,9774.3603515625,23717842783.0
2020-06-10 00:00:00+00:00,,,,,,9870.0947265625,9870.0947265625,9908.896484375,9728.291015625,9794.119140625,25706567601.0
2020-06-11 00:00:00+00:00,,,,,,9321.78125,9321.78125,9938.2978515625,9263.0693359375,9870.078125,30247143440.0
2020-06-12 00:00:00+00:00,,,,,,9480.84375,9480.84375,9540.4658203125,9285.8515625,9320.6904296875,22610564515.0
2020-06-13 00:00:00+00:00,,,,,,9475.27734375,9475.27734375,9493.2119140625,9396.009765625,9480.7353515625,17564322315.0
2020-06-14 00:00:00+00:00,,,,,,9386.7880859375,9386.7880859375,9482.2705078125,9347.59375,9477.5537109375,18991732746.0
2020-06-15 00:00:00+00:00,,,,,,9450.7021484375,9450.7021484375,9504.8603515625,8990.17578125,9386.03515625,26699704768.0
2020-06-16 00:00:00+00:00,,,,,,9538.0244140625,9538.0244140625,9579.4306640625,9400.4453125,9454.2666015625,21565537209.0
2020-06-17 00:00:00+00:00,,,,,,9480.2548828125,9480.2548828125,9540.4228515625,9327.33984375,9533.7841796875,20177709879.0
2020-06-18 00:00:00+00:00,,,,,,9411.8408203125,9411.8408203125,9482.7822265625,9328.3955078125,9481.5673828125,17770083003.0
2020-06-19 00:00:00+00:00,,,,,,9288.0185546875,9288.0185546875,9440.8759765625,9274.2958984375,9410.2939453125,19632223107.0
2020-06-20 00:00:00+00:00,,,,,,9332.3408203125,9332.3408203125,9394.9716796875,9247.3798828125,9290.9599609375,17130541557.0
2020-06-21 00:00:00+00:00,,,,,,9303.6298828125,9303.6298828125,9401.107421875,9300.4306640625,9330.9267578125,15324301169.0
2020-06-22 00:00:00+00:00,,,,,,9648.7177734375,9648.7177734375,9655.0732421875,9296.8720703125,9300.9150390625,21104009514.0
2020-06-23 00:00:00+00:00,,,,,,9629.658203125,9629.658203125,9670.541015625,9547.2470703125,9644.076171875,17006433272.0
2020-06-24 00:00:00+00:00,,,,,,9313.6103515625,9313.6103515625,9680.3671875,9278.2333984375,9632.1494140625,18961716076.0
2020-06-25 00:00:00+00:00,,,,,,9264.8134765625,9264.8134765625,9340.1611328125,9095.32421875,9314.126953125,18616048626.0
2020-06-26 00:00:00+00:00,,,,,,9162.91796875,9162.91796875,9310.5166015625,9101.73828125,9260.9951171875,18341465837.0
2020-06-27 00:00:00+00:00,,,,,,9045.390625,9045.390625,9207.810546875,8998.216796875,9167.82421875,17273093144.0
2020-06-28 00:00:00+00:00,,,,,,9143.58203125,9143.58203125,9197.546875,8975.525390625,9048.4609375,14560870760.0
2020-06-29 00:00:00+00:00,,,,,,9190.8544921875,9190.8544921875,9237.5732421875,9041.8759765625,9140.029296875,16460547078.0
2020-06-30 00:00:00+00:00,,,,,,9137.9931640625,9137.9931640625,9217.8359375,9084.837890625,9185.5810546875,15735797744.0
2020-07-01 00:00:00+00:00,,,,,,9228.3251953125,9228.3251953125,9309.7548828125,9104.7353515625,9145.9853515625,15971550355.0
2020-07-02 00:00:00+00:00,,,,,,9123.41015625,9123.41015625,9274.962890625,9036.623046875,9231.1396484375,16338916796.0
2020-07-03 00:00:00+00:00,,,,,,9087.3037109375,9087.3037109375,9202.3447265625,9058.794921875,9124.8427734375,13078970999.0
2020-07-04 00:00:00+00:00,,,,,,9132.48828125,9132.48828125,9183.2958984375,9053.6298828125,9084.2333984375,12290528515.0
2020-07-05 00:00:00+00:00,,,,,,9073.9423828125,9073.9423828125,9162.18359375,8977.015625,9126.0908203125,12903406143.0
2020-07-06 00:00:00+00:00,,,,,,9375.474609375,9375.474609375,9375.474609375,9058.6640625,9072.849609375,17889263252.0
2020-07-07 00:00:00+00:00,,,,,,9252.27734375,9252.27734375,9360.6171875,9201.8154296875,9349.1611328125,13839652595.0
2020-07-08 00:00:00+00:00,,,,,,9428.3330078125,9428.3330078125,9450.3359375,9249.5,9253.0205078125,19702359883.0
2020-07-09 00:00:00+00:00,,,,,,9277.9677734375,9277.9677734375,9431.37890625,9234.9990234375,9427.994140625,18000702524.0
2020-07-10 00:00:00+00:00,,,,,,9278.8076171875,9278.8076171875,9287.4716796875,9118.001953125,9273.357421875,16860035605.0
2020-07-11 00:00:00+00:00,,,,,,9240.3466796875,9240.3466796875,9293.5322265625,9199.4853515625,9277.51171875,13249910444.0
2020-07-12 00:00:00+00:00,,,,,,9276.5,9276.5,9319.4189453125,9197.4501953125,9241.0546875,14452361907.0
2020-07-13 00:00:00+00:00,,,,,,9243.6142578125,9243.6142578125,9306.4052734375,9224.29296875,9277.205078125,17519821266.0
2020-07-14 00:00:00+00:00,,,,,,9243.2138671875,9243.2138671875,9283.841796875,9171.6611328125,9238.703125,18085038362.0
2020-07-15 00:00:00+00:00,,,,,,9192.8369140625,9192.8369140625,9275.3251953125,9171.93359375,9241.8974609375,15844731575.0
2020-07-16 00:00:00+00:00,,,,,,9132.2275390625,9132.2275390625,9214.3125,9088.947265625,9191.98046875,15713967523.0
2020-07-17 00:00:00+00:00,,,,,,9151.392578125,9151.392578125,9182.25390625,9089.2021484375,9131.8125,13944570749.0
2020-07-18 00:00:00+00:00,,,,,,9159.0400390625,9159.0400390625,9230.9833984375,9100.82421875,9151.18359375,12252601475.0
2020-07-19 00:00:00+00:00,,,,,,9185.8173828125,9185.8173828125,9201.3984375,9097.6328125,9158.005859375,12939002784.0
2020-07-20 00:00:00+00:00,,,,,,9164.2314453125,9164.2314453125,9214.2705078125,9137.509765625,9187.220703125,13755604146.0
2020-07-21 00:00:00+00:00,,,,,,9374.8876953125,9374.8876953125,9407.2626953125,9149.3896484375,9162.5146484375,18069581956.0
2020-07-22 00:00:00+00:00,,,,,,9525.36328125,9525.36328125,9530.5185546875,9319.6533203125,9375.080078125,16532254884.0
2020-07-23 00:00:00+00:00,,,,,,9581.072265625,9581.072265625,9610.2470703125,9483.00390625,9527.1416015625,18146399002.0
2020-07-24 00:00:00+00:00,,,,,,9536.892578125,9536.892578125,9623.3369140625,9481.4541015625,9585.5146484375,16552768325.0
2020-07-25 00:00:00+00:00,,,,,,9677.11328125,9677.11328125,9704.556640625,9530.2119140625,9539.4853515625,16610070933.0
2020-07-26 00:00:00+00:00,,,,,,9905.1669921875,9905.1669921875,10023.8076171875,9652.84765625,9680.234375,20507998997.0
2020-07-27 00:00:00+00:00,,,,,,10990.873046875,10990.873046875,11298.2216796875,9903.9697265625,9905.2177734375,35359749590.0
2020-07-28 00:00:00+00:00,,,,,,10912.8232421875,10912.8232421875,11204.3271484375,10632.6318359375,11017.4638671875,28766551142.0
2020-07-29 00:00:00+00:00,,,,,,11100.4677734375,11100.4677734375,11304.3974609375,10856.1416015625,10912.953125,24617249715.0
2020-07-30 00:00:00+00:00,,,,,,11111.2138671875,11111.2138671875,11169.3564453125,10895.455078125,11099.8330078125,22857247901.0
2020-07-31 00:00:00+00:00,,,,,,11323.466796875,11323.466796875,11415.8642578125,10987.0537109375,11110.2109375,23160469766.0
2020-08-01 00:00:00+00:00,,,,,,11759.5927734375,11759.5927734375,11794.775390625,11239.6826171875,11322.5703125,26075670303.0
2020-08-02 00:00:00+00:00,,,,,,11053.6142578125,11053.6142578125,12034.14453125,11018.1298828125,11758.7646484375,27410067336.0
2020-08-03 00:00:00+00:00,,,,,,11246.3486328125,11246.3486328125,11453.0791015625,11012.4150390625,11043.7685546875,20271713443.0
2020-08-04 00:00:00+00:00,,,,,,11205.892578125,11205.892578125,11385.3818359375,11094.1455078125,11246.203125,21250197042.0
2020-08-05 00:00:00+00:00,,,,,,11747.0224609375,11747.0224609375,11786.6171875,11158.28515625,11203.8232421875,24411254471.0
2020-08-06 00:00:00+00:00,,,,,,11779.7734375,11779.7734375,11902.3359375,11598.7138671875,11749.87109375,23400740340.0
2020-08-07 00:00:00+00:00,,,,,,11601.47265625,11601.47265625,11898.0380859375,11408.59375,11778.89453125,23132312867.0
2020-08-08 00:00:00+00:00,,,,,,11754.0458984375,11754.0458984375,11800.064453125,11558.431640625,11604.5537109375,17572057837.0
2020-08-09 00:00:00+00:00,,,,,,11675.7392578125,11675.7392578125,11806.056640625,11548.7841796875,11737.3251953125,17489608833.0
2020-08-10 00:00:00+00:00,,,,,,11878.111328125,11878.111328125,12045.140625,11662.2568359375,11662.2568359375,26114112569.0
2020-08-11 00:00:00+00:00,,,,,,11410.525390625,11410.525390625,11932.7109375,11195.708984375,11881.6474609375,27039782640.0
2020-08-12 00:00:00+00:00,,,,,,11584.9345703125,11584.9345703125,11748.396484375,11249.60546875,11404.5966796875,25064548486.0
2020-08-13 00:00:00+00:00,,,,,,11784.1376953125,11784.1376953125,11796.396484375,11216.8720703125,11588.4052734375,27522199497.0
2020-08-14 00:00:00+00:00,,,,,,11768.87109375,11768.87109375,12150.994140625,11685.455078125,11772.6591796875,24237958589.0
2020-08-15 00:00:00+00:00,,,,,,11865.6982421875,11865.6982421875,11963.203125,11768.697265625,11768.697265625,23354924400.0
2020-08-16 00:00:00+00:00,,,,,,11892.8037109375,11892.8037109375,11934.9013671875,11737.1884765625,11866.685546875,20583375490.0
2020-08-17 00:00:00+00:00,,,,,,12254.40234375,12254.40234375,12359.056640625,11806.6962890625,11895.658203125,28227687027.0
2020-08-18 00:00:00+00:00,,,,,,11991.2333984375,11991.2333984375,12335.70703125,11954.525390625,12251.8955078125,26043227672.0
2020-08-19 00:00:00+00:00,,,,,,11758.283203125,11758.283203125,12028.923828125,11687.3330078125,11990.884765625,24502851117.0
2020-08-20 00:00:00+00:00,,,,,,11878.3720703125,11878.3720703125,11900.4111328125,11710.0634765625,11761.5,20175242945.0
2020-08-21 00:00:00+00:00,,,,,,11592.4892578125,11592.4892578125,11899.259765625,11564.9794921875,11878.0263671875,23762425999.0
2020-08-22 00:00:00+00:00,,,,,,11681.8251953125,11681.8251953125,11689.4072265625,11448.8056640625,11585.4775390625,20224191306.0
2020-08-23 00:00:00+00:00,,,,,,11664.84765625,11664.84765625,11713.4296875,11559.9208984375,11679.6962890625,18482062658.0
2020-08-24 00:00:00+00:00,,,,,,11774.595703125,11774.595703125,11807.6318359375,11623.25,11663.689453125,20681511755.0
2020-08-25 00:00:00+00:00,,,,,,11366.134765625,11366.134765625,11778.2998046875,11189.8505859375,11773.5888671875,26301509932.0
2020-08-26 00:00:00+00:00,,,,,,11488.36328125,11488.36328125,11530.052734375,11296.9931640625,11366.89453125,22466660958.0
2020-08-27 00:00:00+00:00,,,,,,11323.3974609375,11323.3974609375,11570.7861328125,11185.94140625,11485.6083984375,23240415076.0
2020-08-28 00:00:00+00:00,,,,,,11542.5,11542.5,11545.615234375,11316.4228515625,11325.2958984375,19807127588.0
2020-08-29 00:00:00+00:00,,,,,,11506.865234375,11506.865234375,11585.640625,11466.29296875,11541.0546875,17485597759.0
2020-08-30 00:00:00+00:00,,,,,,11711.505859375,11711.505859375,11715.2646484375,11492.3818359375,11508.7138671875,19760127945.0
2020-08-31 00:00:00+00:00,,,,,,11680.8203125,11680.8203125,11768.876953125,11598.318359375,11713.306640625,22285928250.0
2020-09-01 00:00:00+00:00,,,,,,11970.478515625,11970.478515625,12067.0810546875,11601.12890625,11679.31640625,27311555343.0
2020-09-02 00:00:00+00:00,,,,,,11414.0341796875,11414.0341796875,11964.8232421875,11290.7939453125,11964.8232421875,28037405299.0
2020-09-03 00:00:00+00:00,,,,,,10245.296875,10245.296875,11443.0224609375,10182.46484375,11407.19140625,31927261555.0
2020-09-04 00:00:00+00:00,,,,,,10511.8134765625,10511.8134765625,10663.919921875,10207.9404296875,10230.365234375,29965130374.0
2020-09-05 00:00:00+00:00,,,,,,10169.5673828125,10169.5673828125,10581.5712890625,9946.67578125,10512.5302734375,44916565292.0
2020-09-06 00:00:00+00:00,,,,,,10280.3515625,10280.3515625,10353.927734375,10056.8857421875,10167.216796875,37071460174.0
2020-09-07 00:00:00+00:00,,,,,,10369.5634765625,10369.5634765625,10399.1533203125,9916.4931640625,10280.998046875,33703098409.0
2020-09-08 00:00:00+00:00,,,,,,10131.5166015625,10131.5166015625,10414.775390625,9945.1103515625,10369.306640625,33430927462.0
2020-09-09 00:00:00+00:00,,,,,,10242.34765625,10242.34765625,10350.54296875,10017.2509765625,10134.1513671875,24128292755.0
2020-09-10 00:00:00+00:00,,,,,,10363.138671875,10363.138671875,10503.912109375,10238.1357421875,10242.330078125,54406443211.0
2020-09-11 00:00:00+00:00,,,,,,10400.9150390625,10400.9150390625,10434.9228515625,10140.8369140625,10369.0283203125,45201121775.0
2020-09-12 00:00:00+00:00,,,,,,10442.1708984375,10442.1708984375,10578.837890625,10292.38671875,10409.861328125,36750077324.0
2020-09-13 00:00:00+00:00,,,,,,10323.755859375,10323.755859375,10577.21484375,10224.330078125,10452.3994140625,36506852789.0
2020-09-14 00:00:00+00:00,,,,,,10680.837890625,10680.837890625,10800.0107421875,10266.0087890625,10328.734375,35453581940.0
2020-09-15 00:00:00+00:00,,,,,,10796.951171875,10796.951171875,10938.6318359375,10656.4599609375,10677.7548828125,32509451925.0
2020-09-16 00:00:00+00:00,,,,,,10974.9052734375,10974.9052734375,11100.1240234375,10704.884765625,10797.76171875,30769986455.0
2020-09-17 00:00:00+00:00,,,,,,10948.990234375,10948.990234375,11037.4208984375,10774.6279296875,10973.251953125,38151810523.0
2020-09-18 00:00:00+00:00,,,,,,10944.5859375,10944.5859375,11034.908203125,10829.6572265625,10951.8203125,26341903912.0
2020-09-19 00:00:00+00:00,,,,,,11094.3466796875,11094.3466796875,11134.0927734375,10909.6181640625,10933.7529296875,22764204008.0
2020-09-20 00:00:00+00:00,,,,,,10938.271484375,10938.271484375,11095.8701171875,10814.4775390625,11095.8701171875,24699523788.0
2020-09-21 00:00:00+00:00,,,,,,10462.259765625,10462.259765625,10988.3046875,10380.2607421875,10934.92578125,28884999244.0
2020-09-22 00:00:00+00:00,,,,,,10538.4599609375,10538.4599609375,10568.0771484375,10382.7265625,10459.6240234375,23621787804.0
2020-09-23 00:00:00+00:00,,,,,,10246.1865234375,10246.1865234375,10537.828125,10197.865234375,10535.4921875,23788661867.0
2020-09-24 00:00:00+00:00,,,,,,10760.06640625,10760.06640625,10771.056640625,10231.490234375,10248.7861328125,47144380902.0
2020-09-25 00:00:00+00:00,,,,,,10692.716796875,10692.716796875,10777.6962890625,10578.9140625,10761.109375,39348590957.0
2020-09-26 00:00:00+00:00,,,,,,10750.7236328125,10750.7236328125,10772.9990234375,10667.28125,10695.5751953125,46852525493.0
2020-09-27 00:00:00+00:00,,,,,,10775.26953125,10775.26953125,10803.9765625,10622.921875,10746.892578125,53745972818.0
2020-09-28 00:00:00+00:00,,,,,,10709.65234375,10709.65234375,10945.34765625,10703.8935546875,10776.61328125,47762394731.0
2020-09-29 00:00:00+00:00,,,,,,10844.640625,10844.640625,10860.0009765625,10649.4951171875,10709.650390625,46582396602.0
2020-09-30 00:00:00+00:00,,,,,,10784.4912109375,10784.4912109375,10847.2568359375,10669.3212890625,10843.87109375,44171073700.0
2020-10-01 00:00:00+00:00,,,,,,10619.4521484375,10619.4521484375,10933.6240234375,10472.3564453125,10795.2548828125,40023134100.0
2020-10-02 00:00:00+00:00,,,,,,10575.974609375,10575.974609375,10657.837890625,10416.689453125,10619.8212890625,48661453918.0
2020-10-03 00:00:00+00:00,,,,,,10549.3291015625,10549.3291015625,10598.9404296875,10511.1298828125,10575.1005859375,44660271563.0
2020-10-04 00:00:00+00:00,,,,,,10669.5830078125,10669.5830078125,10686.0,10534.3916015625,10550.4404296875,71251776995.0
2020-10-05 00:00:00+00:00,,,,,,10793.33984375,10793.33984375,10793.5078125,10634.6005859375,10676.529296875,47537578009.0
2020-10-06 00:00:00+00:00,,,,,,10604.40625,10604.40625,10797.578125,10528.890625,10796.306640625,42623695307.0
2020-10-07 00:00:00+00:00,,,,,,10668.96875,10668.96875,10680.5078125,10562.5068359375,10603.35546875,37799458436.0
2020-10-08 00:00:00+00:00,,,,,,10915.685546875,10915.685546875,10945.7373046875,10562.6064453125,10669.37109375,63314794397.0
2020-10-09 00:00:00+00:00,,,,,,11064.4580078125,11064.4580078125,11102.671875,10846.8505859375,10927.9130859375,22799117613.0
2020-10-10 00:00:00+00:00,,,,,,11296.361328125,11296.361328125,11442.2109375,11056.9404296875,11059.142578125,22877978588.0
2020-10-11 00:00:00+00:00,,,,,,11384.181640625,11384.181640625,11428.8134765625,11288.6279296875,11296.08203125,19968627060.0
2020-10-12 00:00:00+00:00,,,,,,11555.36328125,11555.36328125,11698.4677734375,11240.6865234375,11392.6357421875,26163972642.0
2020-10-13 00:00:00+00:00,,,,,,11425.8994140625,11425.8994140625,11548.984375,11321.224609375,11548.7197265625,24241420251.0
2020-10-14 00:00:00+00:00,,,,,,11429.5068359375,11429.5068359375,11539.9775390625,11307.8310546875,11429.0478515625,24103426719.0
2020-10-15 00:00:00+00:00,,,,,,11495.349609375,11495.349609375,11569.9140625,11303.603515625,11426.6025390625,24487233058.0
2020-10-16 00:00:00+00:00,,,,,,11322.123046875,11322.123046875,11540.0615234375,11223.0126953125,11502.828125,25635480772.0
2020-10-17 00:00:00+00:00,,,,,,11358.1015625,11358.1015625,11386.26171875,11285.345703125,11322.123046875,19130430174.0
2020-10-18 00:00:00+00:00,,,,,,11483.359375,11483.359375,11483.359375,11347.578125,11355.982421875,18283314340.0
2020-10-19 00:00:00+00:00,,,,,,11742.037109375,11742.037109375,11799.0927734375,11408.2900390625,11495.0380859375,23860769928.0
2020-10-20 00:00:00+00:00,,,,,,11916.3349609375,11916.3349609375,11999.91796875,11681.48046875,11745.974609375,30915821592.0
2020-10-21 00:00:00+00:00,,,,,,12823.689453125,12823.689453125,13184.56640625,11900.9287109375,11913.0771484375,43414712626.0
2020-10-22 00:00:00+00:00,,,,,,12965.8916015625,12965.8916015625,13161.59375,12717.09375,12801.6357421875,34729759598.0
2020-10-23 00:00:00+00:00,,,,,,12931.5390625,12931.5390625,13015.9619140625,12752.6474609375,12971.548828125,28974975003.0
2020-10-24 00:00:00+00:00,,,,,,13108.0625,13108.0625,13145.06640625,12885.7470703125,12931.57421875,24542317940.0
2020-10-25 00:00:00+00:00,,,,,,13031.173828125,13031.173828125,13329.18359375,12910.0615234375,13108.0634765625,24406920575.0
2020-10-26 00:00:00+00:00,,,,,,13075.248046875,13075.248046875,13225.2978515625,12822.3828125,13031.201171875,29461458313.0
2020-10-27 00:00:00+00:00,,,,,,13654.21875,13654.21875,13759.6689453125,13060.837890625,13075.2421875,33749878156.0
2020-10-28 00:00:00+00:00,,,,,,13271.28515625,13271.28515625,13837.6953125,12932.2509765625,13654.21484375,35867318895.0
2020-10-29 00:00:00+00:00,,,,,,13437.8828125,13437.8828125,13612.0478515625,12980.0595703125,13271.298828125,56499499598.0
2020-10-30 00:00:00+00:00,,,,,,13546.5224609375,13546.5224609375,13651.5166015625,13136.1982421875,13437.8740234375,30581485201.0
2020-10-31 00:00:00+00:00,,,,,,13780.9951171875,13780.9951171875,14028.2138671875,13457.5302734375,13546.5322265625,30306464719.0
2020-11-01 00:00:00+00:00,,,,,,13737.109375,13737.109375,13862.033203125,13628.3779296875,13780.9951171875,24453857900.0
2020-11-02 00:00:00+00:00,,,,,,13550.4892578125,13550.4892578125,13808.3232421875,13243.16015625,13737.0322265625,30771455468.0
2020-11-03 00:00:00+00:00,,,,,,13950.30078125,13950.30078125,13984.9814453125,13325.44140625,13550.451171875,29869951617.0
2020-11-04 00:00:00+00:00,,,,,,14133.70703125,14133.70703125,14218.7666015625,13580.4716796875,13950.48828125,35116364962.0
2020-11-05 00:00:00+00:00,,,,,,15579.8486328125,15579.8486328125,15706.404296875,14102.0888671875,14133.7333984375,40856321439.0
2020-11-06 00:00:00+00:00,,,,,,15565.880859375,15565.880859375,15903.4375,15226.83984375,15579.7294921875,39837841971.0
2020-11-07 00:00:00+00:00,,,,,,14833.75390625,14833.75390625,15737.095703125,14423.203125,15565.880859375,35024953706.0
2020-11-08 00:00:00+00:00,,,,,,15479.5673828125,15479.5673828125,15637.3203125,14744.1103515625,14833.75390625,26632075029.0
2020-11-09 00:00:00+00:00,,,,,,15332.3154296875,15332.3154296875,15785.13671875,14865.529296875,15479.595703125,34149115566.0
2020-11-10 00:00:00+00:00,,,,,,15290.90234375,15290.90234375,15450.3291015625,15124.9599609375,15332.3505859375,25574938143.0
2020-11-11 00:00:00+00:00,,,,,,15701.33984375,15701.33984375,15916.2607421875,15290.0068359375,15290.9091796875,29772374934.0
2020-11-12 00:00:00+00:00,,,,,,16276.34375,16276.34375,16305.00390625,15534.771484375,15701.298828125,34175758344.0
2020-11-13 00:00:00+00:00,,,,,,16317.80859375,16317.80859375,16463.177734375,15992.15234375,16276.4404296875,31599492172.0
2020-11-14 00:00:00+00:00,,,,,,16068.138671875,16068.138671875,16317.80859375,15749.193359375,16317.80859375,27481710135.0
2020-11-15 00:00:00+00:00,,,,,,15955.587890625,15955.587890625,16123.1103515625,15793.5341796875,16068.1396484375,23653867583.0
2020-11-16 00:00:00+00:00,,,,,,16716.111328125,16716.111328125,16816.181640625,15880.7060546875,15955.5771484375,31526766675.0
2020-11-17 00:00:00+00:00,,,,,,17645.40625,17645.40625,17782.919921875,16564.544921875,16685.69140625,39006849170.0
2020-11-18 00:00:00+00:00,,,,,,17804.005859375,17804.005859375,18393.94921875,17352.90625,17645.19140625,49064800278.0
2020-11-19 00:00:00+00:00,,,,,,17817.08984375,17817.08984375,18119.546875,17382.5546875,17803.861328125,36985055355.0
2020-11-20 00:00:00+00:00,,,,,,18621.314453125,18621.314453125,18773.2265625,17765.794921875,17817.083984375,36992873940.0
2020-11-21 00:00:00+00:00,,,,,,18642.232421875,18642.232421875,18936.62109375,18444.359375,18621.31640625,39650210707.0
2020-11-22 00:00:00+00:00,,,,,,18370.001953125,18370.001953125,18688.96875,17671.384765625,18642.232421875,41280434226.0
2020-11-23 00:00:00+00:00,,,,,,18364.12109375,18364.12109375,18711.42578125,18000.796875,18370.017578125,42741112308.0
2020-11-24 00:00:00+00:00,,,,,,19107.46484375,19107.46484375,19348.271484375,18128.65625,18365.015625,51469565009.0
2020-11-25 00:00:00+00:00,,,,,,18732.12109375,18732.12109375,19390.96484375,18581.146484375,19104.41015625,43710357371.0
2020-11-26 00:00:00+00:00,,,,,,17150.623046875,17150.623046875,18866.28515625,16351.03515625,18729.83984375,61396835737.0
2020-11-27 00:00:00+00:00,,,,,,17108.40234375,17108.40234375,17445.0234375,16526.423828125,17153.9140625,38886494645.0
2020-11-28 00:00:00+00:00,,,,,,17717.4140625,17717.4140625,17853.939453125,16910.65234375,17112.93359375,32601040734.0
2020-11-29 00:00:00+00:00,,,,,,18177.484375,18177.484375,18283.62890625,17559.1171875,17719.634765625,31133957704.0
2020-11-30 00:00:00+00:00,,,,,,19625.8359375,19625.8359375,19749.263671875,18178.322265625,18178.322265625,47728480399.0
2020-12-01 00:00:00+00:00,,,,,,18802.998046875,18802.998046875,19845.974609375,18321.921875,19633.76953125,49633658712.0
2020-12-02 00:00:00+00:00,,,,,,19201.091796875,19201.091796875,19308.330078125,18347.71875,18801.744140625,37387697139.0
2020-12-03 00:00:00+00:00,,,,,,19445.3984375,19445.3984375,19566.19140625,18925.78515625,19205.92578125,31930317405.0
2020-12-04 00:00:00+00:00,,,,,,18699.765625,18699.765625,19511.404296875,18697.193359375,19446.966796875,33872388058.0
2020-12-05 00:00:00+00:00,,,,,,19154.23046875,19154.23046875,19160.44921875,18590.193359375,18698.384765625,27242455064.0
2020-12-06 00:00:00+00:00,,,,,,19345.12109375,19345.12109375,19390.5,18897.89453125,19154.1796875,25293775714.0
2020-12-07 00:00:00+00:00,,,,,,19191.630859375,19191.630859375,19411.828125,18931.142578125,19343.12890625,26896357742.0
2020-12-08 00:00:00+00:00,,,,,,18321.14453125,18321.14453125,19283.478515625,18269.9453125,19191.529296875,31692288756.0
2020-12-09 00:00:00+00:00,,,,,,18553.916015625,18553.916015625,18626.29296875,17935.546875,18320.884765625,34420373071.0
2020-12-10 00:00:00+00:00,,,,,,18264.9921875,18264.9921875,18553.298828125,17957.064453125,18553.298828125,25547132265.0
2020-12-11 00:00:00+00:00,,,,,,18058.904296875,18058.904296875,18268.453125,17619.533203125,18263.9296875,27919640985.0
2020-12-12 00:00:00+00:00,,,,,,18803.65625,18803.65625,18919.55078125,18046.041015625,18051.3203125,21752580802.0
2020-12-13 00:00:00+00:00,,,,,,19142.3828125,19142.3828125,19381.53515625,18734.33203125,18806.765625,25450468637.0
2020-12-14 00:00:00+00:00,,,,,,19246.64453125,19246.64453125,19305.099609375,19012.708984375,19144.4921875,22473997681.0
2020-12-15 00:00:00+00:00,,,,,,19417.076171875,19417.076171875,19525.0078125,19079.841796875,19246.919921875,26741982541.0
2020-12-16 00:00:00+00:00,,,,,,21310.59765625,21310.59765625,21458.908203125,19298.31640625,19418.818359375,44409011479.0
2020-12-17 00:00:00+00:00,,,,,,22805.162109375,22805.162109375,23642.66015625,21234.67578125,21308.3515625,71378606374.0
2020-12-18 00:00:00+00:00,,,,,,23137.9609375,23137.9609375,23238.6015625,22399.8125,22806.796875,40387896275.0
2020-12-19 00:00:00+00:00,,,,,,23869.83203125,23869.83203125,24085.85546875,22826.47265625,23132.865234375,38487546580.0
2020-12-20 00:00:00+00:00,,,,,,23477.294921875,23477.294921875,24209.66015625,23147.7109375,23861.765625,37844228422.0
2020-12-21 00:00:00+00:00,,,,,,22803.08203125,22803.08203125,24059.982421875,22159.3671875,23474.455078125,45852713981.0
2020-12-22 00:00:00+00:00,,,,,,23783.029296875,23783.029296875,23789.90234375,22430.60546875,22794.0390625,44171632681.0
2020-12-23 00:00:00+00:00,,,,,,23241.345703125,23241.345703125,24024.490234375,22802.646484375,23781.974609375,51146161904.0
2020-12-24 00:00:00+00:00,,,,,,23735.94921875,23735.94921875,23768.337890625,22777.59765625,23240.203125,41080759713.0
2020-12-25 00:00:00+00:00,,,,,,24664.791015625,24664.791015625,24710.1015625,23463.673828125,23733.5703125,42068395846.0
2020-12-26 00:00:00+00:00,,,,,,26437.037109375,26437.037109375,26718.0703125,24522.689453125,24677.015625,48332647295.0
2020-12-27 00:00:00+00:00,,,,,,26272.294921875,26272.294921875,28288.83984375,25922.76953125,26439.373046875,66479895605.0
2020-12-28 00:00:00+00:00,,,,,,27084.80859375,27084.80859375,27389.111328125,26207.640625,26280.822265625,49056742893.0
2020-12-29 00:00:00+00:00,,,,,,27362.4375,27362.4375,27370.720703125,25987.298828125,27081.810546875,45265946774.0
2020-12-30 00:00:00+00:00,,,,,,28840.953125,28840.953125,28937.740234375,27360.08984375,27360.08984375,51287442704.0
2020-12-31 00:00:00+00:00,,,,,,29001.720703125,29001.720703125,29244.876953125,28201.9921875,28841.57421875,46754964848.0
2021-01-01 00:00:00+00:00,,,,,,29374.15234375,29374.15234375,29600.626953125,28803.5859375,28994.009765625,40730301359.0
2021-01-02 00:00:00+00:00,,,,,,32127.267578125,32127.267578125,33155.1171875,29091.181640625,29376.455078125,67865420765.0
2021-01-03 00:00:00+00:00,,,,,,32782.0234375,32782.0234375,34608.55859375,32052.31640625,32129.408203125,78665235202.0
2021-01-04 00:00:00+00:00,,,,,,31971.9140625,31971.9140625,33440.21875,28722.755859375,32810.94921875,81163475344.0
2021-01-05 00:00:00+00:00,,,,,,33992.4296875,33992.4296875,34437.58984375,30221.1875,31977.041015625,67547324782.0
2021-01-06 00:00:00+00:00,,,,,,36824.36328125,36824.36328125,36879.69921875,33514.03515625,34013.61328125,75289433811.0
2021-01-07 00:00:00+00:00,,,,,,39371.04296875,39371.04296875,40180.3671875,36491.19140625,36833.875,84762141031.0
2021-01-08 00:00:00+00:00,,,,,,40797.609375,40797.609375,41946.73828125,36838.63671875,39381.765625,88107519480.0
2021-01-09 00:00:00+00:00,,,,,,40254.546875,40254.546875,41436.3515625,38980.875,40788.640625,61984162837.0
2021-01-10 00:00:00+00:00,,,,,,38356.44140625,38356.44140625,41420.19140625,35984.62890625,40254.21875,79980747690.0
2021-01-11 00:00:00+00:00,,,,,,35566.65625,35566.65625,38346.53125,30549.599609375,38346.53125,123320567399.0
2021-01-12 00:00:00+00:00,,,,,,33922.9609375,33922.9609375,36568.52734375,32697.9765625,35516.359375,74773277909.0
2021-01-13 00:00:00+00:00,,,,,,37316.359375,37316.359375,37599.9609375,32584.66796875,33915.12109375,69364315979.0
2021-01-14 00:00:00+00:00,,,,,,39187.328125,39187.328125,39966.40625,36868.5625,37325.109375,63615990033.0
2021-01-15 00:00:00+00:00,,,,,,36825.3671875,36825.3671875,39577.7109375,34659.58984375,39156.70703125,67760757881.0
2021-01-16 00:00:00+00:00,,,,,,36178.140625,36178.140625,37864.3671875,35633.5546875,36821.6484375,57706187875.0
2021-01-17 00:00:00+00:00,,,,,,35791.27734375,35791.27734375,36722.3515625,34069.3203125,36163.6484375,52359854336.0
2021-01-18 00:00:00+00:00,,,,,,36630.07421875,36630.07421875,37299.28515625,34883.84375,35792.23828125,49511702429.0
2021-01-19 00:00:00+00:00,,,,,,36069.8046875,36069.8046875,37755.890625,36069.8046875,36642.234375,57244195486.0
2021-01-20 00:00:00+00:00,,,,,,35547.75,35547.75,36378.328125,33570.4765625,36050.11328125,66834573161.0
2021-01-21 00:00:00+00:00,,,,,,30825.69921875,30825.69921875,35552.6796875,30250.75,35549.3984375,75643067688.0
2021-01-22 00:00:00+00:00,,,,,,33005.76171875,33005.76171875,33811.8515625,28953.373046875,30817.625,77207272511.0
2021-01-23 00:00:00+00:00,,,,,,32067.642578125,32067.642578125,33360.9765625,31493.16015625,32985.7578125,48354737975.0
2021-01-24 00:00:00+00:00,,,,,,32289.37890625,32289.37890625,32944.0078125,31106.685546875,32064.376953125,48643830599.0
2021-01-25 00:00:00+00:00,,,,,,32366.392578125,32366.392578125,34802.7421875,32087.787109375,32285.798828125,59897054838.0
2021-01-26 00:00:00+00:00,,,,,,32569.849609375,32569.849609375,32794.55078125,31030.265625,32358.61328125,60255421470.0
2021-01-27 00:00:00+00:00,,,,,,30432.546875,30432.546875,32564.029296875,29367.138671875,32564.029296875,62576762015.0
2021-01-28 00:00:00+00:00,,,,,,33466.09765625,33466.09765625,33858.3125,30023.20703125,30441.041015625,76517157706.0
2021-01-29 00:00:00+00:00,,,,,,34316.38671875,34316.38671875,38406.26171875,32064.814453125,34318.671875,117894572511.0
2021-01-30 00:00:00+00:00,,,,,,34269.5234375,34269.5234375,34834.70703125,32940.1875,34295.93359375,65141828798.0
2021-01-31 00:00:00+00:00,,,,,,33114.359375,33114.359375,34288.33203125,32270.17578125,34270.87890625,52754542671.0
2021-02-01 00:00:00+00:00,,,,,,33537.17578125,33537.17578125,34638.21484375,32384.228515625,33114.578125,61400400660.0
2021-02-02 00:00:00+00:00,,,,,,35510.2890625,35510.2890625,35896.8828125,33489.21875,33533.19921875,63088585433.0
2021-02-03 00:00:00+00:00,,,,,,37472.08984375,37472.08984375,37480.1875,35443.984375,35510.8203125,61166818159.0
2021-02-04 00:00:00+00:00,,,,,,36926.06640625,36926.06640625,38592.17578125,36317.5,37475.10546875,68838074392.0
2021-02-05 00:00:00+00:00,,,,,,38144.30859375,38144.30859375,38225.90625,36658.76171875,36931.546875,58598066402.0
2021-02-06 00:00:00+00:00,,,,,,39266.01171875,39266.01171875,40846.546875,38138.38671875,38138.38671875,71326033653.0
2021-02-07 00:00:00+00:00,,,,,,38903.44140625,38903.44140625,39621.8359375,37446.15234375,39250.19140625,65500641143.0
2021-02-08 00:00:00+00:00,,,,,,46196.46484375,46196.46484375,46203.9296875,38076.32421875,38886.828125,101467222687.0
2021-02-09 00:00:00+00:00,,,,,,46481.10546875,46481.10546875,48003.72265625,45166.9609375,46184.9921875,91809846886.0
2021-02-10 00:00:00+00:00,,,,,,44918.18359375,44918.18359375,47145.56640625,43881.15234375,46469.76171875,87301089896.0
2021-02-11 00:00:00+00:00,,,,,,47909.33203125,47909.33203125,48463.46875,44187.76171875,44898.7109375,81388911810.0
2021-02-12 00:00:00+00:00,,,,,,47504.8515625,47504.8515625,48745.734375,46424.9765625,47877.03515625,76555041196.0
2021-02-13 00:00:00+00:00,,,,,,47105.515625,47105.515625,48047.74609375,46392.28125,47491.203125,70250456155.0
2021-02-14 00:00:00+00:00,,,,,,48717.2890625,48717.2890625,49487.640625,47114.5078125,47114.5078125,71248675228.0
2021-02-15 00:00:00+00:00,,,,,,47945.05859375,47945.05859375,48875.5703125,46347.4765625,48696.53515625,77069903166.0
2021-02-16 00:00:00+00:00,,,,,,49199.87109375,49199.87109375,50341.1015625,47201.3046875,47944.45703125,77049582886.0
2021-02-17 00:00:00+00:00,,,,,,52149.0078125,52149.0078125,52533.9140625,49072.37890625,49207.27734375,80820545404.0
2021-02-18 00:00:00+00:00,,,,,,51679.796875,51679.796875,52474.10546875,51015.765625,52140.97265625,52054723579.0
2021-02-19 00:00:00+00:00,,,,,,55888.1328125,55888.1328125,56113.65234375,50937.27734375,51675.98046875,63495496918.0
2021-02-20 00:00:00+00:00,,,,,,56099.51953125,56099.51953125,57505.2265625,54626.55859375,55887.3359375,68145460026.0
2021-02-21 00:00:00+00:00,,,,,,57539.9453125,57539.9453125,58330.5703125,55672.609375,56068.56640625,51897585191.0
2021-02-22 00:00:00+00:00,,,,,,54207.3203125,54207.3203125,57533.390625,48967.56640625,57532.73828125,92052420332.0
2021-02-23 00:00:00+00:00,,,,,,48824.42578125,48824.42578125,54204.9296875,45290.58984375,54204.9296875,106102492824.0
2021-02-24 00:00:00+00:00,,,,,,49705.33203125,49705.33203125,51290.13671875,47213.5,48835.0859375,63695521388.0
2021-02-25 00:00:00+00:00,,,,,,47093.8515625,47093.8515625,51948.96875,47093.8515625,49709.08203125,54506565949.0
2021-02-26 00:00:00+00:00,,,,,,46339.76171875,46339.76171875,48370.78515625,44454.84375,47180.46484375,350967941479.0
2021-02-27 00:00:00+00:00,,,,,,46188.453125,46188.453125,48253.26953125,45269.02734375,46344.7734375,45910946382.0
2021-02-28 00:00:00+00:00,,,,,,45137.76953125,45137.76953125,46716.4296875,43241.6171875,46194.015625,53443887451.0
2021-03-01 00:00:00+00:00,,,,,,49631.2421875,49631.2421875,49784.015625,45115.09375,45159.50390625,53891300112.0
2021-03-02 00:00:00+00:00,,,,,,48378.98828125,48378.98828125,50127.51171875,47228.84375,49612.10546875,47530897720.0
2021-03-03 00:00:00+00:00,,,,,,50538.2421875,50538.2421875,52535.13671875,48274.3203125,48415.81640625,53220811975.0
2021-03-04 00:00:00+00:00,,,,,,48561.16796875,48561.16796875,51735.08984375,47656.9296875,50522.3046875,52343816680.0
2021-03-05 00:00:00+00:00,,,,,,48927.3046875,48927.3046875,49396.4296875,46542.515625,48527.03125,48625928883.0
2021-03-06 00:00:00+00:00,,,,,,48912.3828125,48912.3828125,49147.21875,47257.52734375,48899.23046875,34363564661.0
2021-03-07 00:00:00+00:00,,,,,,51206.69140625,51206.69140625,51384.3671875,48918.6796875,48918.6796875,43137459378.0
2021-03-08 00:00:00+00:00,,,,,,52246.5234375,52246.5234375,52314.0703125,49506.0546875,51174.1171875,48597428048.0
2021-03-09 00:00:00+00:00,,,,,,54824.1171875,54824.1171875,54824.1171875,51981.83203125,52272.96875,50912227385.0
2021-03-10 00:00:00+00:00,,,,,,56008.55078125,56008.55078125,57258.25390625,53290.890625,54824.01171875,57295577614.0
2021-03-11 00:00:00+00:00,,,,,,57805.12109375,57805.12109375,58091.0625,54484.59375,55963.1796875,56772343595.0
2021-03-12 00:00:00+00:00,,,,,,57332.08984375,57332.08984375,57996.62109375,55376.6484375,57821.21875,55689944702.0
2021-03-13 00:00:00+00:00,,,,,,61243.0859375,61243.0859375,61683.86328125,56217.97265625,57343.37109375,60669829814.0
2021-03-14 00:00:00+00:00,,,,,,59302.31640625,59302.31640625,61597.91796875,59302.31640625,61221.1328125,43901225564.0
2021-03-15 00:00:00+00:00,,,,,,55907.19921875,55907.19921875,60540.9921875,55393.1640625,59267.4296875,66419369890.0
2021-03-16 00:00:00+00:00,,,,,,56804.90234375,56804.90234375,56833.1796875,53555.02734375,55840.78515625,59749798599.0
2021-03-17 00:00:00+00:00,,,,,,58870.89453125,58870.89453125,58969.81640625,54528.62890625,56825.828125,60258313191.0
2021-03-18 00:00:00+00:00,,,,,,57858.921875,57858.921875,60116.25,54253.578125,58893.078125,55746041000.0
2021-03-19 00:00:00+00:00,,,,,,58346.65234375,58346.65234375,59498.375,56643.703125,57850.44140625,49063873786.0
2021-03-20 00:00:00+00:00,,,,,,58313.64453125,58313.64453125,60031.28515625,58213.296875,58332.26171875,50361731222.0
2021-03-21 00:00:00+00:00,,,,,,57523.421875,57523.421875,58767.8984375,56005.6171875,58309.9140625,51943414539.0
2021-03-22 00:00:00+00:00,,,,,,54529.14453125,54529.14453125,58471.48046875,54288.15625,57517.890625,56521454974.0
2021-03-23 00:00:00+00:00,,,,,,54738.9453125,54738.9453125,55985.44140625,53470.6953125,54511.66015625,56435023914.0
2021-03-24 00:00:00+00:00,,,,,,52774.265625,52774.265625,57262.3828125,52514.33203125,54710.48828125,70567223787.0
2021-03-25 00:00:00+00:00,,,,,,51704.16015625,51704.16015625,53392.38671875,50856.5703125,52726.74609375,67999812841.0
2021-03-26 00:00:00+00:00,,,,,,55137.3125,55137.3125,55137.3125,51579.85546875,51683.01171875,56652197978.0
2021-03-27 00:00:00+00:00,,,,,,55973.51171875,55973.51171875,56568.21484375,54242.91015625,55137.56640625,47266542233.0
2021-03-28 00:00:00+00:00,,,,,,55950.74609375,55950.74609375,56610.3125,55071.11328125,55974.94140625,47686580918.0
2021-03-29 00:00:00+00:00,,,,,,57750.19921875,57750.19921875,58342.09765625,55139.33984375,55947.8984375,57625587027.0
2021-03-30 00:00:00+00:00,,,,,,58917.69140625,58917.69140625,59447.22265625,57251.55078125,57750.1328125,54414116432.0
2021-03-31 00:00:00+00:00,,,,,,58918.83203125,58918.83203125,59930.02734375,57726.41796875,58930.27734375,65520826225.0
2021-04-01 00:00:00+00:00,,,,,,59095.80859375,59095.80859375,59586.0703125,58505.27734375,58926.5625,61669163792.0
2021-04-02 00:00:00+00:00,,,,,,59384.3125,59384.3125,60267.1875,58869.28125,59098.87890625,58727860620.0
2021-04-03 00:00:00+00:00,,,,,,57603.890625,57603.890625,60110.26953125,57603.890625,59397.41015625,59641344484.0
2021-04-04 00:00:00+00:00,,,,,,58758.5546875,58758.5546875,58913.74609375,57168.67578125,57604.83984375,50749662970.0
2021-04-05 00:00:00+00:00,,,,,,59057.87890625,59057.87890625,59891.296875,57694.82421875,58760.875,60706272115.0
2021-04-06 00:00:00+00:00,,,,,,58192.359375,58192.359375,59479.578125,57646.80859375,59171.93359375,66058027988.0
2021-04-07 00:00:00+00:00,,,,,,56048.9375,56048.9375,58731.14453125,55604.0234375,58186.5078125,75645303584.0
2021-04-08 00:00:00+00:00,,,,,,58323.953125,58323.953125,58338.73828125,55879.0859375,56099.9140625,53053855641.0
2021-04-09 00:00:00+00:00,,,,,,58245.00390625,58245.00390625,58937.046875,57807.86328125,58326.5625,46655208546.0
2021-04-10 00:00:00+00:00,,,,,,59793.234375,59793.234375,61276.6640625,58038.70703125,58253.77734375,58238470525.0
2021-04-11 00:00:00+00:00,,,,,,60204.96484375,60204.96484375,60790.5546875,59289.796875,59846.23046875,46280252580.0
2021-04-12 00:00:00+00:00,,,,,,59893.453125,59893.453125,61253.03515625,59589.875,60175.9453125,51828688519.0
2021-04-13 00:00:00+00:00,,,,,,63503.45703125,63503.45703125,63742.28515625,59869.95703125,59890.01953125,69983454362.0
2021-04-14 00:00:00+00:00,,,,,,63109.6953125,63109.6953125,64863.09765625,61554.796875,63523.75390625,77451779687.0
2021-04-15 00:00:00+00:00,,,,,,63314.01171875,63314.01171875,63821.671875,62208.96484375,63075.1953125,60954381579.0
2021-04-16 00:00:00+00:00,,,,,,61572.7890625,61572.7890625,63594.72265625,60222.53125,63258.50390625,84293007468.0
2021-04-17 00:00:00+00:00,,,,,,60683.8203125,60683.8203125,62572.17578125,60361.3515625,61529.921875,66138759198.0
2021-04-18 00:00:00+00:00,,,,,,56216.18359375,56216.18359375,61057.45703125,52829.53515625,60701.88671875,97468872758.0
2021-04-19 00:00:00+00:00,,,,,,55724.265625,55724.265625,57520.0546875,54368.59375,56191.5859375,65344865159.0
2021-04-20 00:00:00+00:00,,,,,,56473.03125,56473.03125,57062.1484375,53448.046875,55681.79296875,67849323955.0
2021-04-21 00:00:00+00:00,,,,,,53906.08984375,53906.08984375,56757.97265625,53695.46875,56471.12890625,54926612466.0
2021-04-22 00:00:00+00:00,,,,,,51762.2734375,51762.2734375,55410.23046875,50583.8125,53857.10546875,74798630778.0
2021-04-23 00:00:00+00:00,,,,,,51093.65234375,51093.65234375,52120.79296875,47714.6640625,51739.80859375,86668667320.0
2021-04-24 00:00:00+00:00,,,,,,50050.8671875,50050.8671875,51167.5625,48805.28515625,51143.2265625,49014494781.0
2021-04-25 00:00:00+00:00,,,,,,49004.25390625,49004.25390625,50506.01953125,47159.484375,50052.83203125,46117114240.0
2021-04-26 00:00:00+00:00,,,,,,54021.75390625,54021.75390625,54288.00390625,48852.796875,49077.79296875,58284039825.0
2021-04-27 00:00:00+00:00,,,,,,55033.1171875,55033.1171875,55416.96484375,53319.1875,54030.3046875,49448222757.0
2021-04-28 00:00:00+00:00,,,,,,54824.703125,54824.703125,56227.20703125,53887.91796875,55036.63671875,48000572955.0
2021-04-29 00:00:00+00:00,,,,,,53555.109375,53555.109375,55115.84375,52418.02734375,54858.08984375,46088929780.0
2021-04-30 00:00:00+00:00,,,,,,57750.17578125,57750.17578125,57900.71875,53129.6015625,53568.6640625,52395931985.0
2021-05-01 00:00:00+00:00,,,,,,57828.05078125,57828.05078125,58448.33984375,57052.2734375,57714.6640625,42836427360.0
2021-05-02 00:00:00+00:00,,,,,,56631.078125,56631.078125,57902.59375,56141.90625,57825.86328125,38177405335.0
2021-05-03 00:00:00+00:00,,,,,,57200.29296875,57200.29296875,58973.30859375,56590.87109375,56620.2734375,51713139031.0
2021-05-04 00:00:00+00:00,,,,,,53333.5390625,53333.5390625,57214.1796875,53191.42578125,57214.1796875,68564706967.0
2021-05-05 00:00:00+00:00,,,,,,57424.0078125,57424.0078125,57911.36328125,52969.0546875,53252.1640625,69241316747.0
2021-05-06 00:00:00+00:00,,,,,,56396.515625,56396.515625,58363.31640625,55382.5078125,57441.30859375,69523285106.0
2021-05-07 00:00:00+00:00,,,,,,57356.40234375,57356.40234375,58606.6328125,55321.84765625,56413.953125,68434023376.0
2021-05-08 00:00:00+00:00,,,,,,58803.77734375,58803.77734375,59464.61328125,56975.2109375,57352.765625,65382980634.0
2021-05-09 00:00:00+00:00,,,,,,58232.31640625,58232.31640625,59210.8828125,56482.00390625,58877.390625,65906690347.0
2021-05-10 00:00:00+00:00,,,,,,55859.796875,55859.796875,59519.35546875,54071.45703125,58250.87109375,71776546298.0
2021-05-11 00:00:00+00:00,,,,,,56704.57421875,56704.57421875,56872.54296875,54608.65234375,55847.2421875,61308396325.0
2021-05-12 00:00:00+00:00,,,,,,49150.53515625,49150.53515625,57939.36328125,49150.53515625,56714.53125,75215403907.0
2021-05-13 00:00:00+00:00,,,,,,49716.19140625,49716.19140625,51330.84375,46980.01953125,49735.43359375,96721152926.0
2021-05-14 00:00:00+00:00,,,,,,49880.53515625,49880.53515625,51438.1171875,48868.578125,49682.98046875,55737497453.0
2021-05-15 00:00:00+00:00,,,,,,46760.1875,46760.1875,50639.6640625,46664.140625,49855.49609375,59161047474.0
2021-05-16 00:00:00+00:00,,,,,,46456.05859375,46456.05859375,49720.04296875,43963.3515625,46716.63671875,64047871555.0
2021-05-17 00:00:00+00:00,,,,,,43537.51171875,43537.51171875,46623.55859375,42207.2890625,46415.8984375,74903638450.0
2021-05-18 00:00:00+00:00,,,,,,42909.40234375,42909.40234375,45812.45703125,42367.83203125,43488.05859375,56187365084.0
2021-05-19 00:00:00+00:00,,,,,,37002.44140625,37002.44140625,43546.1171875,30681.49609375,42944.9765625,126358098747.0
2021-05-20 00:00:00+00:00,,,,,,40782.73828125,40782.73828125,42462.984375,35050.6171875,36753.66796875,88281943359.0
2021-05-21 00:00:00+00:00,,,,,,37304.69140625,37304.69140625,42172.171875,33616.453125,40596.94921875,82051616861.0
2021-05-22 00:00:00+00:00,,,,,,37536.6328125,37536.6328125,38831.0546875,35383.68359375,37371.03125,57377273240.0
2021-05-23 00:00:00+00:00,,,,,,34770.58203125,34770.58203125,38289.21875,31227.33984375,37531.44921875,78469274361.0
2021-05-24 00:00:00+00:00,,,,,,38705.98046875,38705.98046875,39835.140625,34551.08203125,34700.36328125,67359584098.0
2021-05-25 00:00:00+00:00,,,,,,38402.22265625,38402.22265625,39776.3515625,36581.4296875,38795.78125,56211915803.0
2021-05-26 00:00:00+00:00,,,,,,39294.19921875,39294.19921875,40782.078125,37905.8359375,38392.625,51346735160.0
2021-05-27 00:00:00+00:00,,,,,,38436.96875,38436.96875,40379.6171875,37247.90234375,39316.890625,43210968721.0
2021-05-28 00:00:00+00:00,,,,,,35697.60546875,35697.60546875,38856.96875,34779.0390625,38507.08203125,55200191952.0
2021-05-29 00:00:00+00:00,,,,,,34616.06640625,34616.06640625,37234.5,33693.9296875,35684.15625,45231013335.0
2021-05-30 00:00:00+00:00,,,,,,35678.12890625,35678.12890625,36400.66796875,33520.73828125,34607.40625,31646080921.0
2021-05-31 00:00:00+00:00,,,,,,37332.85546875,37332.85546875,37468.25,34241.9453125,35658.59375,39009847639.0
2021-06-01 00:00:00+00:00,,,,,,36684.92578125,36684.92578125,37896.734375,35787.0859375,37293.79296875,34639423297.0
2021-06-02 00:00:00+00:00,,,,,,37575.1796875,37575.1796875,38231.33984375,35966.30859375,36699.921875,33070867190.0
2021-06-03 00:00:00+00:00,,,,,,39208.765625,39208.765625,39478.953125,37243.97265625,37599.41015625,35460750427.0
2021-06-04 00:00:00+00:00,,,,,,36894.40625,36894.40625,39242.484375,35717.72265625,39242.484375,41831090187.0
2021-06-05 00:00:00+00:00,,,,,,35551.95703125,35551.95703125,37917.71484375,34900.4140625,36880.15625,35959473399.0
2021-06-06 00:00:00+00:00,,,,,,35862.37890625,35862.37890625,36436.421875,35304.578125,35538.609375,28913440585.0
2021-06-07 00:00:00+00:00,,,,,,33560.70703125,33560.70703125,36790.5703125,33480.640625,35835.265625,33683936663.0
2021-06-08 00:00:00+00:00,,,,,,33472.6328125,33472.6328125,34017.38671875,31114.443359375,33589.51953125,49902050442.0
2021-06-09 00:00:00+00:00,,,,,,37345.12109375,37345.12109375,37537.37109375,32475.865234375,33416.9765625,53972919008.0
2021-06-10 00:00:00+00:00,,,,,,36702.59765625,36702.59765625,38334.32421875,35847.59375,37389.515625,43576032854.0
2021-06-11 00:00:00+00:00,,,,,,37334.3984375,37334.3984375,37608.6953125,36044.44921875,36697.03125,38699736985.0
2021-06-12 00:00:00+00:00,,,,,,35552.515625,35552.515625,37408.92578125,34728.19140625,37340.14453125,37924228550.0
2021-06-13 00:00:00+00:00,,,,,,39097.859375,39097.859375,39322.78125,34864.109375,35555.7890625,40669112838.0
2021-06-14 00:00:00+00:00,,,,,,40218.4765625,40218.4765625,40978.36328125,38757.28515625,39016.96875,43148914673.0
2021-06-15 00:00:00+00:00,,,,,,40406.26953125,40406.26953125,41295.26953125,39609.46875,40427.16796875,46420149185.0
2021-06-16 00:00:00+00:00,,,,,,38347.0625,38347.0625,40516.77734375,38176.03515625,40168.69140625,39211635100.0
2021-06-17 00:00:00+00:00,,,,,,38053.50390625,38053.50390625,39513.671875,37439.67578125,38341.421875,37096670047.0
2021-06-18 00:00:00+00:00,,,,,,35787.24609375,35787.24609375,38187.26171875,35255.85546875,38099.4765625,36200887275.0
2021-06-19 00:00:00+00:00,,,,,,35615.87109375,35615.87109375,36457.796875,34933.0625,35854.52734375,31207279719.0
2021-06-20 00:00:00+00:00,,,,,,35698.296875,35698.296875,36059.484375,33432.07421875,35563.140625,36664034054.0
2021-06-21 00:00:00+00:00,,,,,,31676.693359375,31676.693359375,35721.640625,31295.935546875,35641.14453125,52809038594.0
2021-06-22 00:00:00+00:00,,,,,,32505.66015625,32505.66015625,33292.453125,28893.62109375,31622.376953125,58964353058.0
2021-06-23 00:00:00+00:00,,,,,,33723.02734375,33723.02734375,34753.41015625,31772.6328125,32515.71484375,46317108925.0
2021-06-24 00:00:00+00:00,,,,,,34662.4375,34662.4375,35228.8515625,32385.21484375,33682.80078125,33123368116.0
2021-06-25 00:00:00+00:00,,,,,,31637.779296875,31637.779296875,35487.24609375,31350.884765625,34659.10546875,40230904226.0
2021-06-26 00:00:00+00:00,,,,,,32186.27734375,32186.27734375,32637.587890625,30184.501953125,31594.6640625,38585385521.0
2021-06-27 00:00:00+00:00,,,,,,34649.64453125,34649.64453125,34656.12890625,32071.7578125,32287.5234375,35511640894.0
2021-06-28 00:00:00+00:00,,,,,,34434.3359375,34434.3359375,35219.890625,33902.07421875,34679.12109375,33892523752.0
2021-06-29 00:00:00+00:00,,,,,,35867.77734375,35867.77734375,36542.109375,34252.484375,34475.55859375,37901460044.0
2021-06-30 00:00:00+00:00,,,,,,35040.8359375,35040.8359375,36074.7578125,34086.15234375,35908.38671875,34059036099.0
2021-07-01 00:00:00+00:00,,,,,,33572.1171875,33572.1171875,35035.984375,32883.78125,35035.984375,37838957079.0
2021-07-02 00:00:00+00:00,,,,,,33897.046875,33897.046875,33939.58984375,32770.6796875,33549.6015625,38728974942.0
2021-07-03 00:00:00+00:00,,,,,,34668.546875,34668.546875,34909.26171875,33402.6953125,33854.421875,24383958643.0
2021-07-04 00:00:00+00:00,,,,,,35287.78125,35287.78125,35937.56640625,34396.4765625,34665.56640625,24924307911.0
2021-07-05 00:00:00+00:00,,,,,,33746.00390625,33746.00390625,35284.34375,33213.66015625,35284.34375,26721554282.0
2021-07-06 00:00:00+00:00,,,,,,34235.1953125,34235.1953125,35038.53515625,33599.91796875,33723.5078125,26501259870.0
2021-07-07 00:00:00+00:00,,,,,,33855.328125,33855.328125,34997.6640625,33839.2890625,34225.6796875,24796027477.0
2021-07-08 00:00:00+00:00,,,,,,32877.37109375,32877.37109375,33907.90625,32133.18359375,33889.60546875,29910396946.0
2021-07-09 00:00:00+00:00,,,,,,33798.01171875,33798.01171875,34042.29296875,32318.880859375,32861.671875,27436021028.0
2021-07-10 00:00:00+00:00,,,,,,33520.51953125,33520.51953125,34209.0703125,33116.01171875,33811.2421875,22971873468.0
2021-07-11 00:00:00+00:00,,,,,,34240.1875,34240.1875,34584.703125,33346.73828125,33509.078125,20108729370.0
2021-07-12 00:00:00+00:00,,,,,,33155.84765625,33155.84765625,34592.15625,32697.30859375,34254.015625,24321499537.0
2021-07-13 00:00:00+00:00,,,,,,32702.025390625,32702.025390625,33327.1015625,32261.419921875,33125.46875,19120856669.0
2021-07-14 00:00:00+00:00,,,,,,32822.34765625,32822.34765625,33061.3984375,31639.125,32723.845703125,21376531210.0
2021-07-15 00:00:00+00:00,,,,,,31780.73046875,31780.73046875,33159.640625,31175.708984375,32827.875,21300524237.0
2021-07-16 00:00:00+00:00,,,,,,31421.5390625,31421.5390625,32218.40625,31100.673828125,31841.55078125,23699476918.0
2021-07-17 00:00:00+00:00,,,,,,31533.068359375,31533.068359375,31935.9453125,31223.990234375,31397.30859375,18895018942.0
2021-07-18 00:00:00+00:00,,,,,,31796.810546875,31796.810546875,32398.99609375,31215.4921875,31533.884765625,18787986667.0
2021-07-19 00:00:00+00:00,,,,,,30817.83203125,30817.83203125,31885.859375,30563.734375,31800.01171875,20434789545.0
2021-07-20 00:00:00+00:00,,,,,,29807.34765625,29807.34765625,31006.1875,29360.955078125,30838.28515625,23148267245.0
2021-07-21 00:00:00+00:00,,,,,,32110.693359375,32110.693359375,32752.326171875,29526.18359375,29796.28515625,28203024559.0
2021-07-22 00:00:00+00:00,,,,,,32313.10546875,32313.10546875,32576.400390625,31745.298828125,32138.873046875,19555230518.0
2021-07-23 00:00:00+00:00,,,,,,33581.55078125,33581.55078125,33581.55078125,32057.892578125,32305.958984375,22552046192.0
2021-07-24 00:00:00+00:00,,,,,,34292.4453125,34292.4453125,34490.390625,33424.859375,33593.73046875,21664706865.0
2021-07-25 00:00:00+00:00,,,,,,35350.1875,35350.1875,35364.92578125,33881.8359375,34290.29296875,20856685287.0
2021-07-26 00:00:00+00:00,,,,,,37337.53515625,37337.53515625,40499.67578125,35287.3125,35384.03125,51022126212.0
2021-07-27 00:00:00+00:00,,,,,,39406.94140625,39406.94140625,39406.94140625,36441.7265625,37276.03515625,35097370560.0
2021-07-28 00:00:00+00:00,,,,,,39995.90625,39995.90625,40816.0703125,38862.4375,39503.1875,38702404695.0
2021-07-29 00:00:00+00:00,,,,,,40008.421875,40008.421875,40593.0703125,39352.05859375,39995.453125,27167146027.0
2021-07-30 00:00:00+00:00,,,,,,42235.546875,42235.546875,42235.546875,38397.35546875,40027.484375,33072782960.0
2021-07-31 00:00:00+00:00,,,,,,41626.1953125,41626.1953125,42231.44921875,41110.83203125,42196.3046875,25802845343.0
2021-08-01 00:00:00+00:00,,,,,,39974.89453125,39974.89453125,42541.6796875,39540.94140625,41460.84375,26688438115.0
2021-08-02 00:00:00+00:00,,,,,,39201.9453125,39201.9453125,40419.1796875,38746.34765625,39907.26171875,25595265436.0
2021-08-03 00:00:00+00:00,,,,,,38152.98046875,38152.98046875,39750.03125,37782.05078125,39178.40234375,26189830450.0
2021-08-04 00:00:00+00:00,,,,,,39747.50390625,39747.50390625,39952.296875,37589.1640625,38213.33203125,25372562724.0
2021-08-05 00:00:00+00:00,,,,,,40869.5546875,40869.5546875,41341.93359375,37458.00390625,39744.515625,35185031017.0
2021-08-06 00:00:00+00:00,,,,,,42816.5,42816.5,43271.66015625,39932.1796875,40865.8671875,38226483046.0
2021-08-07 00:00:00+00:00,,,,,,44555.80078125,44555.80078125,44689.859375,42618.56640625,42832.796875,40030862141.0
2021-08-08 00:00:00+00:00,,,,,,43798.1171875,43798.1171875,45282.3515625,43331.91015625,44574.4375,36302664750.0
2021-08-09 00:00:00+00:00,,,,,,46365.40234375,46365.40234375,46456.83203125,42848.6875,43791.92578125,38734079049.0
2021-08-10 00:00:00+00:00,,,,,,45585.03125,45585.03125,46637.98828125,44705.5546875,46280.84765625,33546019517.0
2021-08-11 00:00:00+00:00,,,,,,45593.63671875,45593.63671875,46735.6328125,45351.7109375,45599.703125,34319709073.0
2021-08-12 00:00:00+00:00,,,,,,44428.2890625,44428.2890625,46228.91015625,43861.4453125,45576.87890625,33723620826.0
2021-08-13 00:00:00+00:00,,,,,,47793.3203125,47793.3203125,47831.9765625,44282.41796875,44439.69140625,31744259539.0
2021-08-14 00:00:00+00:00,,,,,,47096.9453125,47096.9453125,48098.68359375,46177.6328125,47810.6875,31211354442.0
2021-08-15 00:00:00+00:00,,,,,,47047.00390625,47047.00390625,47357.10546875,45579.58984375,47096.66796875,30988958446.0
2021-08-16 00:00:00+00:00,,,,,,46004.484375,46004.484375,47998.09765625,45700.3203125,47019.9609375,32776876610.0
2021-08-17 00:00:00+00:00,,,,,,44695.359375,44695.359375,47139.5703125,44512.41796875,45936.45703125,33451362600.0
2021-08-18 00:00:00+00:00,,,,,,44801.1875,44801.1875,45952.0625,44364.02734375,44686.75,32194123075.0
2021-08-19 00:00:00+00:00,,,,,,46717.578125,46717.578125,46970.76171875,43998.31640625,44741.8828125,37204312299.0
2021-08-20 00:00:00+00:00,,,,,,49339.17578125,49339.17578125,49342.15234375,46650.70703125,46723.12109375,34706867452.0
2021-08-21 00:00:00+00:00,,,,,,48905.4921875,48905.4921875,49717.01953125,48312.19921875,49327.07421875,40585205312.0
2021-08-22 00:00:00+00:00,,,,,,49321.65234375,49321.65234375,49471.609375,48199.94140625,48869.10546875,25370975378.0
2021-08-23 00:00:00+00:00,,,,,,49546.1484375,49546.1484375,50482.078125,49074.60546875,49291.67578125,34305053719.0
2021-08-24 00:00:00+00:00,,,,,,47706.1171875,47706.1171875,49878.76953125,47687.1171875,49562.34765625,35361168834.0
2021-08-25 00:00:00+00:00,,,,,,48960.7890625,48960.7890625,49202.87890625,47163.61328125,47727.2578125,32646349931.0
2021-08-26 00:00:00+00:00,,,,,,46942.21875,46942.21875,49347.58203125,46405.78125,49002.640625,32666549568.0
2021-08-27 00:00:00+00:00,,,,,,49058.66796875,49058.66796875,49112.78515625,46394.28125,46894.5546875,34511076995.0
2021-08-28 00:00:00+00:00,,,,,,48902.40234375,48902.40234375,49283.50390625,48499.23828125,49072.5859375,28568103401.0
2021-08-29 00:00:00+00:00,,,,,,48829.83203125,48829.83203125,49644.11328125,47925.85546875,48911.25,25889650240.0
2021-08-30 00:00:00+00:00,,,,,,47054.984375,47054.984375,48925.60546875,46950.2734375,48834.8515625,31847007016.0
2021-08-31 00:00:00+00:00,,,,,,47166.6875,47166.6875,48189.55078125,46750.09375,47024.33984375,34730363427.0
2021-09-01 00:00:00+00:00,,,,,,48847.02734375,48847.02734375,49111.08984375,46562.4375,47099.7734375,39139399125.0
2021-09-02 00:00:00+00:00,,,,,,49327.72265625,49327.72265625,50343.421875,48652.3203125,48807.84765625,39508070319.0
2021-09-03 00:00:00+00:00,,,,,,50025.375,50025.375,50982.2734375,48386.0859375,49288.25,43206179619.0
2021-09-04 00:00:00+00:00,,,,,,49944.625,49944.625,50545.58203125,49548.78125,50009.32421875,37471327794.0
2021-09-05 00:00:00+00:00,,,,,,51753.41015625,51753.41015625,51868.6796875,49538.59765625,49937.859375,30322676319.0
2021-09-06 00:00:00+00:00,,,,,,52633.53515625,52633.53515625,52700.94140625,51053.6796875,51769.00390625,38884105426.0
2021-09-07 00:00:00+00:00,,,,,,46811.12890625,46811.12890625,52853.765625,43285.20703125,52660.48046875,65210059683.0
2021-09-08 00:00:00+00:00,,,,,,46091.390625,46091.390625,47334.0546875,44561.39453125,46827.76171875,49007762488.0
2021-09-09 00:00:00+00:00,,,,,,46391.421875,46391.421875,47261.94921875,45669.73828125,45774.7421875,38672657013.0
2021-09-10 00:00:00+00:00,,,,,,44883.91015625,44883.91015625,47031.7421875,44344.484375,46396.6640625,39154666597.0
2021-09-11 00:00:00+00:00,,,,,,45201.45703125,45201.45703125,45969.29296875,44818.265625,44869.83984375,34499835245.0
2021-09-12 00:00:00+00:00,,,,,,46063.26953125,46063.26953125,46364.87890625,44790.4609375,45206.62890625,27881980161.0
2021-09-13 00:00:00+00:00,,,,,,44963.07421875,44963.07421875,46598.6796875,43591.3203125,46057.21484375,40969943253.0
2021-09-14 00:00:00+00:00,,,,,,47092.4921875,47092.4921875,47218.125,44752.33203125,44960.05078125,38652152880.0
2021-09-15 00:00:00+00:00,,,,,,48176.34765625,48176.34765625,48450.46875,46773.328125,47098.0,30484496466.0
2021-09-16 00:00:00+00:00,,,,,,47783.359375,47783.359375,48486.828125,47079.55859375,48158.90625,31764293754.0
2021-09-17 00:00:00+00:00,,,,,,47267.51953125,47267.51953125,48160.921875,46832.5234375,47771.00390625,28727713711.0
2021-09-18 00:00:00+00:00,,,,,,48278.36328125,48278.36328125,48791.78125,47087.28515625,47273.52734375,28575630451.0
2021-09-19 00:00:00+00:00,,,,,,47260.21875,47260.21875,48328.3671875,46919.8046875,48268.85546875,26967722648.0
2021-09-20 00:00:00+00:00,,,,,,42843.80078125,42843.80078125,47328.19921875,42598.9140625,47261.40625,43909845642.0
2021-09-21 00:00:00+00:00,,,,,,40693.67578125,40693.67578125,43607.609375,39787.609375,43012.234375,48701090088.0
2021-09-22 00:00:00+00:00,,,,,,43574.5078125,43574.5078125,43978.62109375,40625.6328125,40677.953125,38139709246.0
2021-09-23 00:00:00+00:00,,,,,,44895.09765625,44895.09765625,44942.17578125,43109.33984375,43560.296875,34244064430.0
2021-09-24 00:00:00+00:00,,,,,,42839.75,42839.75,45080.4921875,40936.55859375,44894.30078125,42839345714.0
2021-09-25 00:00:00+00:00,,,,,,42716.59375,42716.59375,42996.2578125,41759.921875,42840.890625,31604717236.0
2021-09-26 00:00:00+00:00,,,,,,43208.5390625,43208.5390625,43919.30078125,40848.4609375,42721.62890625,30661222077.0
2021-09-27 00:00:00+00:00,,,,,,42235.73046875,42235.73046875,44313.24609375,42190.6328125,43234.18359375,30980029059.0
2021-09-28 00:00:00+00:00,,,,,,41034.54296875,41034.54296875,42775.14453125,40931.6640625,42200.8984375,30214940550.0
2021-09-29 00:00:00+00:00,,,,,,41564.36328125,41564.36328125,42545.2578125,40829.66796875,41064.984375,30602359905.0
2021-09-30 00:00:00+00:00,,,,,,43790.89453125,43790.89453125,44092.6015625,41444.58203125,41551.26953125,31141681925.0
2021-10-01 00:00:00+00:00,,,,,,48116.94140625,48116.94140625,48436.01171875,43320.0234375,43816.7421875,42850641582.0
2021-10-02 00:00:00+00:00,,,,,,47711.48828125,47711.48828125,48282.0625,47465.49609375,48137.46875,30614346492.0
2021-10-03 00:00:00+00:00,,,,,,48199.953125,48199.953125,49130.69140625,47157.2890625,47680.02734375,26638115879.0
2021-10-04 00:00:00+00:00,,,,,,49112.90234375,49112.90234375,49456.77734375,47045.00390625,48208.90625,33383173002.0
2021-10-05 00:00:00+00:00,,,,,,51514.8125,51514.8125,51839.984375,49072.83984375,49174.9609375,35873904236.0
2021-10-06 00:00:00+00:00,,,,,,55361.44921875,55361.44921875,55568.46484375,50488.19140625,51486.6640625,49034730168.0
2021-10-07 00:00:00+00:00,,,,,,53805.984375,53805.984375,55338.625,53525.46875,55338.625,36807860413.0
2021-10-08 00:00:00+00:00,,,,,,53967.84765625,53967.84765625,55922.98046875,53688.0546875,53802.14453125,34800873924.0
2021-10-09 00:00:00+00:00,,,,,,54968.22265625,54968.22265625,55397.9453125,53735.14453125,53929.78125,32491211414.0
2021-10-10 00:00:00+00:00,,,,,,54771.578125,54771.578125,56401.3046875,54264.2578125,54952.8203125,39527792364.0
2021-10-11 00:00:00+00:00,,,,,,57484.7890625,57484.7890625,57793.0390625,54519.765625,54734.125,42637331698.0
2021-10-12 00:00:00+00:00,,,,,,56041.05859375,56041.05859375,57627.87890625,54477.97265625,57526.83203125,41083758949.0
2021-10-13 00:00:00+00:00,,,,,,57401.09765625,57401.09765625,57688.66015625,54370.97265625,56038.2578125,41684252783.0
2021-10-14 00:00:00+00:00,,,,,,57321.5234375,57321.5234375,58478.734375,56957.07421875,57372.83203125,36615791366.0
2021-10-15 00:00:00+00:00,,,,,,61593.94921875,61593.94921875,62757.12890625,56868.14453125,57345.90234375,51780081801.0
2021-10-16 00:00:00+00:00,,,,,,60892.1796875,60892.1796875,62274.4765625,60206.12109375,61609.52734375,34250964237.0
2021-10-17 00:00:00+00:00,,,,,,61553.6171875,61553.6171875,61645.5234375,59164.46875,60887.65234375,29032367511.0
2021-10-18 00:00:00+00:00,,,,,,62026.078125,62026.078125,62614.66015625,60012.7578125,61548.8046875,38055562075.0
2021-10-19 00:00:00+00:00,,,,,,64261.9921875,64261.9921875,64434.53515625,61622.93359375,62043.1640625,40471196346.0
2021-10-20 00:00:00+00:00,,,,,,65992.8359375,65992.8359375,66930.390625,63610.67578125,64284.5859375,40788955582.0
2021-10-21 00:00:00+00:00,,,,,,62210.171875,62210.171875,66600.546875,62117.41015625,66002.234375,45908121370.0
2021-10-22 00:00:00+00:00,,,,,,60692.265625,60692.265625,63715.0234375,60122.796875,62237.890625,38434082775.0
2021-10-23 00:00:00+00:00,,,,,,61393.6171875,61393.6171875,61743.87890625,59826.5234375,60694.62890625,26882546034.0
2021-10-24 00:00:00+00:00,,,,,,60930.8359375,60930.8359375,61505.8046875,59643.34375,61368.34375,27316183882.0
2021-10-25 00:00:00+00:00,,,,,,63039.82421875,63039.82421875,63729.32421875,60691.80078125,60893.92578125,31064911614.0
2021-10-26 00:00:00+00:00,,,,,,60363.79296875,60363.79296875,63229.02734375,59991.16015625,63032.76171875,34878965587.0
2021-10-27 00:00:00+00:00,,,,,,58482.38671875,58482.38671875,61435.18359375,58208.1875,60352.0,43657076893.0
2021-10-28 00:00:00+00:00,,,,,,60622.13671875,60622.13671875,62128.6328125,58206.91796875,58470.73046875,45257083247.0
2021-10-29 00:00:00+00:00,,,,,,62227.96484375,62227.96484375,62927.609375,60329.96484375,60624.87109375,36856881767.0
2021-10-30 00:00:00+00:00,,,,,,61888.83203125,61888.83203125,62330.14453125,60918.38671875,62239.36328125,32157938616.0
2021-10-31 00:00:00+00:00,,,,,,61318.95703125,61318.95703125,62406.171875,60074.328125,61850.48828125,32241199927.0
2021-11-01 00:00:00+00:00,,,,,,61004.40625,61004.40625,62419.00390625,59695.18359375,61320.44921875,36150572843.0
2021-11-02 00:00:00+00:00,,,,,,63226.40234375,63226.40234375,64242.79296875,60673.0546875,60963.25390625,37746665647.0
2021-11-03 00:00:00+00:00,,,,,,62970.046875,62970.046875,63516.9375,61184.23828125,63254.3359375,36124731509.0
2021-11-04 00:00:00+00:00,,,,,,61452.23046875,61452.23046875,63123.2890625,60799.6640625,62941.8046875,32615846901.0
2021-11-05 00:00:00+00:00,,,,,,61125.67578125,61125.67578125,62541.46875,60844.609375,61460.078125,30605102446.0
2021-11-06 00:00:00+00:00,,,,,,61527.48046875,61527.48046875,61590.68359375,60163.78125,61068.875,29094934221.0
2021-11-07 00:00:00+00:00,,,,,,63326.98828125,63326.98828125,63326.98828125,61432.48828125,61554.921875,24726754302.0
2021-11-08 00:00:00+00:00,,,,,,67566.828125,67566.828125,67673.7421875,63344.06640625,63344.06640625,41125608330.0
2021-11-09 00:00:00+00:00,,,,,,66971.828125,66971.828125,68530.3359375,66382.0625,67549.734375,42357991721.0
2021-11-10 00:00:00+00:00,,,,,,64995.23046875,64995.23046875,68789.625,63208.11328125,66953.3359375,48730828378.0
2021-11-11 00:00:00+00:00,,,,,,64949.9609375,64949.9609375,65579.015625,64180.48828125,64978.890625,35880633236.0
2021-11-12 00:00:00+00:00,,,,,,64155.94140625,64155.94140625,65460.81640625,62333.9140625,64863.98046875,36084893887.0
2021-11-13 00:00:00+00:00,,,,,,64469.52734375,64469.52734375,64915.67578125,63303.734375,64158.12109375,30474228777.0
2021-11-14 00:00:00+00:00,,,,,,65466.83984375,65466.83984375,65495.1796875,63647.80859375,64455.37109375,25122092191.0
2021-11-15 00:00:00+00:00,,,,,,63557.87109375,63557.87109375,66281.5703125,63548.14453125,65521.2890625,30558763548.0
2021-11-16 00:00:00+00:00,,,,,,60161.24609375,60161.24609375,63721.1953125,59016.3359375,63721.1953125,46844335592.0
2021-11-17 00:00:00+00:00,,,,,,60368.01171875,60368.01171875,60823.609375,58515.41015625,60139.62109375,39178392930.0
2021-11-18 00:00:00+00:00,,,,,,56942.13671875,56942.13671875,60948.5,56550.79296875,60360.13671875,41388338699.0
2021-11-19 00:00:00+00:00,,,,,,58119.578125,58119.578125,58351.11328125,55705.1796875,56896.12890625,38702407772.0
2021-11-20 00:00:00+00:00,,,,,,59697.1953125,59697.1953125,59859.87890625,57469.7265625,58115.08203125,30624264863.0
2021-11-21 00:00:00+00:00,,,,,,58730.4765625,58730.4765625,60004.42578125,58618.9296875,59730.5078125,26123447605.0
2021-11-22 00:00:00+00:00,,,,,,56289.2890625,56289.2890625,59266.359375,55679.83984375,58706.84765625,35036121783.0
2021-11-23 00:00:00+00:00,,,,,,57569.07421875,57569.07421875,57875.515625,55632.76171875,56304.5546875,37485803899.0
2021-11-24 00:00:00+00:00,,,,,,56280.42578125,56280.42578125,57803.06640625,55964.22265625,57565.8515625,36635566789.0
2021-11-25 00:00:00+00:00,,,,,,57274.6796875,57274.6796875,59367.96875,57146.68359375,57165.41796875,34284016248.0
2021-11-26 00:00:00+00:00,,,,,,53569.765625,53569.765625,59183.48046875,53569.765625,58960.28515625,41810748221.0
2021-11-27 00:00:00+00:00,,,,,,54815.078125,54815.078125,55329.2578125,53668.35546875,53736.4296875,30560857714.0
2021-11-28 00:00:00+00:00,,,,,,57248.45703125,57248.45703125,57393.84375,53576.734375,54813.0234375,28116886357.0
2021-11-29 00:00:00+00:00,,,,,,57806.56640625,57806.56640625,58872.87890625,56792.52734375,57291.90625,32370840356.0
2021-11-30 00:00:00+00:00,,,,,,57005.42578125,57005.42578125,59113.40234375,56057.28125,57830.11328125,36708594618.0
2021-12-01 00:00:00+00:00,,,,,,57229.828125,57229.828125,59041.68359375,56553.08203125,56907.96484375,36858195307.0
2021-12-02 00:00:00+00:00,,,,,,56477.81640625,56477.81640625,57349.234375,55895.1328125,57217.37109375,32379968686.0
2021-12-03 00:00:00+00:00,,,,,,53598.24609375,53598.24609375,57482.16796875,52496.5859375,56509.1640625,39789134215.0
2021-12-04 00:00:00+00:00,,,,,,49200.703125,49200.703125,53904.6796875,42874.6171875,53727.87890625,61385677469.0
2021-12-05 00:00:00+00:00,,,,,,49368.84765625,49368.84765625,49768.1484375,47857.49609375,49201.51953125,37198201161.0
2021-12-06 00:00:00+00:00,,,,,,50582.625,50582.625,50929.51953125,47281.03515625,49413.48046875,37707308001.0
2021-12-07 00:00:00+00:00,,,,,,50700.0859375,50700.0859375,51934.78125,50175.80859375,50581.828125,33676814852.0
2021-12-08 00:00:00+00:00,,,,,,50504.796875,50504.796875,51171.375,48765.98828125,50667.6484375,28479699446.0
2021-12-09 00:00:00+00:00,,,,,,47672.12109375,47672.12109375,50797.1640625,47358.3515625,50450.08203125,29603577251.0
2021-12-10 00:00:00+00:00,,,,,,47243.3046875,47243.3046875,50015.25390625,47023.69921875,47642.14453125,30966005122.0
2021-12-11 00:00:00+00:00,,,,,,49362.5078125,49362.5078125,49458.2109375,46942.34765625,47264.6328125,25775869261.0
2021-12-12 00:00:00+00:00,,,,,,50098.3359375,50098.3359375,50724.8671875,48725.8515625,49354.85546875,21939223599.0
2021-12-13 00:00:00+00:00,,,,,,46737.48046875,46737.48046875,50205.0,45894.84765625,50114.7421875,32166727776.0
2021-12-14 00:00:00+00:00,,,,,,46612.6328125,46612.6328125,48431.3984375,46424.49609375,46709.82421875,34638619079.0
2021-12-15 00:00:00+00:00,,,,,,48896.72265625,48896.72265625,49473.95703125,46671.96484375,48379.75390625,36541828520.0
2021-12-16 00:00:00+00:00,,,,,,47665.42578125,47665.42578125,49425.57421875,47529.87890625,48900.46484375,27268150947.0
2021-12-17 00:00:00+00:00,,,,,,46202.14453125,46202.14453125,48004.89453125,45618.21484375,47653.73046875,32902725329.0
2021-12-18 00:00:00+00:00,,,,,,46848.77734375,46848.77734375,47313.828125,45598.44140625,46219.25390625,26098292690.0
2021-12-19 00:00:00+00:00,,,,,,46707.015625,46707.015625,48089.6640625,46502.953125,46853.8671875,25154053861.0
2021-12-20 00:00:00+00:00,,,,,,46880.27734375,46880.27734375,47401.71875,45579.80859375,46707.0625,30961902129.0
2021-12-21 00:00:00+00:00,,,,,,48936.61328125,48936.61328125,49300.91796875,46698.7734375,46886.078125,27055803928.0
2021-12-22 00:00:00+00:00,,,,,,48628.51171875,48628.51171875,49544.796875,48450.94140625,48937.09765625,24447979559.0
2021-12-23 00:00:00+00:00,,,,,,50784.5390625,50784.5390625,51332.33984375,48065.8359375,48626.34375,28223878108.0
2021-12-24 00:00:00+00:00,,,,,,50822.1953125,50822.1953125,51814.02734375,50514.49609375,50806.05078125,24367912228.0
2021-12-25 00:00:00+00:00,,,,,,50429.859375,50429.859375,51176.59765625,50236.70703125,50854.91796875,19030650914.0
2021-12-26 00:00:00+00:00,,,,,,50809.515625,50809.515625,51196.37890625,49623.10546875,50428.69140625,20964372926.0
2021-12-27 00:00:00+00:00,,,,,,50640.41796875,50640.41796875,51956.328125,50499.46875,50802.609375,24324345758.0
2021-12-28 00:00:00+00:00,,,,,,47588.85546875,47588.85546875,50679.859375,47414.2109375,50679.859375,33430376883.0
2021-12-29 00:00:00+00:00,,,,,,46444.7109375,46444.7109375,48119.7421875,46201.49609375,47623.87109375,30049226299.0
2021-12-30 00:00:00+00:00,,,,,,47178.125,47178.125,47879.96484375,46060.3125,46490.60546875,26686491018.0
2021-12-31 00:00:00+00:00,,,,,,46306.4453125,46306.4453125,48472.52734375,45819.953125,47169.37109375,36974172400.0
2022-01-01 00:00:00+00:00,,,,,,47686.8125,47686.8125,47827.3125,46288.484375,46311.74609375,24582667004.0
2022-01-02 00:00:00+00:00,,,,,,47345.21875,47345.21875,47881.40625,46856.9375,47680.92578125,27951569547.0
2022-01-03 00:00:00+00:00,,,,,,46458.1171875,46458.1171875,47510.7265625,45835.96484375,47343.54296875,33071628362.0
2022-01-04 00:00:00+00:00,,,,,,45897.57421875,45897.57421875,47406.546875,45752.46484375,46458.8515625,42494677905.0
2022-01-05 00:00:00+00:00,,,,,,43569.00390625,43569.00390625,46929.046875,42798.22265625,45899.359375,36851084859.0
2022-01-06 00:00:00+00:00,,,,,,43160.9296875,43160.9296875,43748.71875,42645.5390625,43565.51171875,30208048289.0
2022-01-07 00:00:00+00:00,,,,,,41557.90234375,41557.90234375,43153.5703125,41077.4453125,43153.5703125,84196607520.0
2022-01-08 00:00:00+00:00,,,,,,41733.94140625,41733.94140625,42228.94140625,40672.27734375,41561.46484375,28066355845.0
2022-01-09 00:00:00+00:00,,,,,,41911.6015625,41911.6015625,42663.94921875,41338.16015625,41734.7265625,21294384372.0
2022-01-10 00:00:00+00:00,,,,,,41821.26171875,41821.26171875,42199.484375,39796.5703125,41910.23046875,32104232331.0
2022-01-11 00:00:00+00:00,,,,,,42735.85546875,42735.85546875,43001.15625,41407.75390625,41819.5078125,26327648900.0
2022-01-12 00:00:00+00:00,,,,,,43949.1015625,43949.1015625,44135.3671875,42528.98828125,42742.1796875,33499938689.0
2022-01-13 00:00:00+00:00,,,,,,42591.5703125,42591.5703125,44278.421875,42447.04296875,43946.7421875,47691135082.0
2022-01-14 00:00:00+00:00,,,,,,43099.69921875,43099.69921875,43346.6875,41982.6171875,42598.87109375,23577403399.0
2022-01-15 00:00:00+00:00,,,,,,43177.3984375,43177.3984375,43724.671875,42669.03515625,43101.8984375,18371348298.0
2022-01-16 00:00:00+00:00,,,,,,43113.87890625,43113.87890625,43436.80859375,42691.0234375,43172.0390625,17902097845.0
2022-01-17 00:00:00+00:00,,,,,,42250.55078125,42250.55078125,43179.390625,41680.3203125,43118.12109375,21690904261.0
2022-01-18 00:00:00+00:00,,,,,,42375.6328125,42375.6328125,42534.40234375,41392.21484375,42250.07421875,22417209227.0
2022-01-19 00:00:00+00:00,,,,,,41744.328125,41744.328125,42478.3046875,41242.9140625,42374.0390625,23091543258.0
2022-01-20 00:00:00+00:00,,,,,,40680.41796875,40680.41796875,43413.0234375,40672.82421875,41744.02734375,20382033940.0
2022-01-21 00:00:00+00:00,,,,,,36457.31640625,36457.31640625,41060.52734375,35791.42578125,40699.60546875,43011992031.0
2022-01-22 00:00:00+00:00,,,,,,35030.25,35030.25,36688.8125,34349.25,36471.58984375,39714385405.0
2022-01-23 00:00:00+00:00,,,,,,36276.8046875,36276.8046875,36433.3125,34784.96875,35047.359375,26017975951.0
2022-01-24 00:00:00+00:00,,,,,,36654.328125,36654.328125,37247.51953125,33184.05859375,36275.734375,41856658597.0
2022-01-25 00:00:00+00:00,,,,,,36954.00390625,36954.00390625,37444.5703125,35779.4296875,36654.8046875,26428189594.0
2022-01-26 00:00:00+00:00,,,,,,36852.12109375,36852.12109375,38825.41015625,36374.90625,36950.515625,31324598034.0
2022-01-27 00:00:00+00:00,,,,,,37138.234375,37138.234375,37148.32421875,35629.28125,36841.87890625,25041426629.0
2022-01-28 00:00:00+00:00,,,,,,37784.33203125,37784.33203125,37952.87890625,36211.109375,37128.4453125,22238830523.0
2022-01-29 00:00:00+00:00,,,,,,38138.1796875,38138.1796875,38576.26171875,37406.47265625,37780.71484375,17194183075.0
2022-01-30 00:00:00+00:00,,,,,,37917.6015625,37917.6015625,38266.33984375,37437.7109375,38151.91796875,14643548444.0
2022-01-31 00:00:00+00:00,,,,,,38483.125,38483.125,38647.26171875,36733.57421875,37920.28125,20734730465.0
2022-02-01 00:00:00+00:00,,,,,,38743.2734375,38743.2734375,39115.1328125,38113.6640625,38481.765625,20288500328.0
2022-02-02 00:00:00+00:00,,,,,,36952.984375,36952.984375,38834.6171875,36832.73046875,38743.71484375,19155189416.0
2022-02-03 00:00:00+00:00,,,,,,37154.6015625,37154.6015625,37154.6015625,36375.5390625,36944.8046875,18591534769.0
2022-02-04 00:00:00+00:00,,,,,,41500.875,41500.875,41527.78515625,37093.62890625,37149.265625,29412210792.0
2022-02-05 00:00:00+00:00,,,,,,41441.1640625,41441.1640625,41847.1640625,41038.09765625,41501.48046875,19652846215.0
2022-02-06 00:00:00+00:00,,,,,,42412.43359375,42412.43359375,42500.78515625,41244.90625,41441.12109375,16142097334.0
2022-02-07 00:00:00+00:00,,,,,,43840.28515625,43840.28515625,44401.86328125,41748.15625,42406.78125,28641855926.0
2022-02-08 00:00:00+00:00,,,,,,44118.4453125,44118.4453125,45293.8671875,42807.8359375,43854.65234375,33079398868.0
2022-02-09 00:00:00+00:00,,,,,,44338.796875,44338.796875,44727.80078125,43232.96875,44096.703125,23245887300.0
2022-02-10 00:00:00+00:00,,,,,,43565.11328125,43565.11328125,45661.171875,43402.80859375,44347.80078125,32142048537.0
2022-02-11 00:00:00+00:00,,,,,,42407.9375,42407.9375,43810.83203125,42114.5390625,43571.12890625,26954925781.0
2022-02-12 00:00:00+00:00,,,,,,42244.46875,42244.46875,42992.55078125,41852.57421875,42412.30078125,18152390304.0
2022-02-13 00:00:00+00:00,,,,,,42197.515625,42197.515625,42693.0546875,41950.94140625,42236.56640625,14741589015.0
2022-02-14 00:00:00+00:00,,,,,,42586.91796875,42586.91796875,42775.77734375,41681.95703125,42157.3984375,20827783012.0
2022-02-15 00:00:00+00:00,,,,,,44575.203125,44575.203125,44667.21875,42491.03515625,42586.46484375,22721659051.0
2022-02-16 00:00:00+00:00,,,,,,43961.859375,43961.859375,44578.27734375,43456.69140625,44578.27734375,19792547657.0
2022-02-17 00:00:00+00:00,,,,,,40538.01171875,40538.01171875,44132.97265625,40249.37109375,43937.0703125,26246662813.0
2022-02-18 00:00:00+00:00,,,,,,40030.9765625,40030.9765625,40929.15234375,39637.6171875,40552.1328125,23310007704.0
2022-02-19 00:00:00+00:00,,,,,,40122.15625,40122.15625,40418.87890625,39713.05859375,40026.0234375,13736557863.0
2022-02-20 00:00:00+00:00,,,,,,38431.37890625,38431.37890625,40119.890625,38112.8125,40118.1015625,18340576452.0
2022-02-21 00:00:00+00:00,,,,,,37075.28125,37075.28125,39394.4375,36950.4765625,38423.2109375,29280402798.0
2022-02-22 00:00:00+00:00,,,,,,38286.02734375,38286.02734375,38359.85546875,36488.93359375,37068.76953125,25493150450.0
2022-02-23 00:00:00+00:00,,,,,,37296.5703125,37296.5703125,39122.39453125,37201.81640625,38285.28125,21849073843.0
2022-02-24 00:00:00+00:00,,,,,,38332.609375,38332.609375,38968.83984375,34459.21875,37278.56640625,46383802093.0
2022-02-25 00:00:00+00:00,,,,,,39214.21875,39214.21875,39630.32421875,38111.34375,38333.74609375,26545599159.0
2022-02-26 00:00:00+00:00,,,,,,39105.1484375,39105.1484375,40005.34765625,38702.53515625,39213.08203125,17467554129.0
2022-02-27 00:00:00+00:00,,,,,,37709.78515625,37709.78515625,39778.94140625,37268.9765625,39098.69921875,23450127612.0
2022-02-28 00:00:00+00:00,,,,,,43193.234375,43193.234375,43760.45703125,37518.21484375,37706.0,35690014104.0
2022-03-01 00:00:00+00:00,,,,,,44354.63671875,44354.63671875,44793.6015625,42952.5859375,43194.50390625,32479047645.0
2022-03-02 00:00:00+00:00,,,,,,43924.1171875,43924.1171875,45077.578125,43432.8515625,44357.6171875,29183112630.0
2022-03-03 00:00:00+00:00,,,,,,42451.7890625,42451.7890625,44021.578125,41914.75,43925.1953125,24967782593.0
2022-03-04 00:00:00+00:00,,,,,,39137.60546875,39137.60546875,42479.61328125,38805.84765625,42458.140625,28516271427.0
2022-03-05 00:00:00+00:00,,,,,,39400.5859375,39400.5859375,39566.3359375,38777.03515625,39148.44921875,16975917450.0
2022-03-06 00:00:00+00:00,,,,,,38419.984375,38419.984375,39640.17578125,38211.6484375,39404.19921875,19745229902.0
2022-03-07 00:00:00+00:00,,,,,,38062.0390625,38062.0390625,39430.2265625,37260.203125,38429.3046875,28546143503.0
2022-03-08 00:00:00+00:00,,,,,,38737.26953125,38737.26953125,39304.44140625,37957.38671875,38059.90234375,25776583476.0
2022-03-09 00:00:00+00:00,,,,,,41982.92578125,41982.92578125,42465.671875,38706.09375,38742.81640625,32284121034.0
2022-03-10 00:00:00+00:00,,,,,,39437.4609375,39437.4609375,42004.7265625,38832.94140625,41974.0703125,31078064711.0
2022-03-11 00:00:00+00:00,,,,,,38794.97265625,38794.97265625,40081.6796875,38347.43359375,39439.96875,26364890465.0
2022-03-12 00:00:00+00:00,,,,,,38904.01171875,38904.01171875,39308.59765625,38772.53515625,38794.46484375,14616450657.0
2022-03-13 00:00:00+00:00,,,,,,37849.6640625,37849.6640625,39209.3515625,37728.14453125,38884.7265625,17300745310.0
2022-03-14 00:00:00+00:00,,,,,,39666.75390625,39666.75390625,39742.5,37680.734375,37846.31640625,24322159070.0
2022-03-15 00:00:00+00:00,,,,,,39338.78515625,39338.78515625,39794.62890625,38310.2109375,39664.25,23934000868.0
2022-03-16 00:00:00+00:00,,,,,,41143.9296875,41143.9296875,41465.453125,39022.34765625,39335.5703125,39616916192.0
2022-03-17 00:00:00+00:00,,,,,,40951.37890625,40951.37890625,41287.53515625,40662.87109375,41140.84375,22009601093.0
2022-03-18 00:00:00+00:00,,,,,,41801.15625,41801.15625,42195.74609375,40302.3984375,40944.83984375,34421564942.0
2022-03-19 00:00:00+00:00,,,,,,42190.65234375,42190.65234375,42316.5546875,41602.66796875,41794.6484375,19664853187.0
2022-03-20 00:00:00+00:00,,,,,,41247.82421875,41247.82421875,42241.1640625,41004.7578125,42191.40625,20127946682.0
2022-03-21 00:00:00+00:00,,,,,,41077.99609375,41077.99609375,41454.41015625,40668.04296875,41246.1328125,24615543271.0
2022-03-22 00:00:00+00:00,,,,,,42358.80859375,42358.80859375,43124.70703125,40948.28125,41074.10546875,32004652376.0
2022-03-23 00:00:00+00:00,,,,,,42892.95703125,42892.95703125,42893.5078125,41877.5078125,42364.37890625,25242943069.0
2022-03-24 00:00:00+00:00,,,,,,43960.93359375,43960.93359375,44131.85546875,42726.1640625,42886.65234375,31042992291.0
2022-03-25 00:00:00+00:00,,,,,,44348.73046875,44348.73046875,44999.4921875,43706.28515625,43964.546875,30574413034.0
2022-03-26 00:00:00+00:00,,,,,,44500.828125,44500.828125,44735.99609375,44166.2734375,44349.859375,16950455995.0
2022-03-27 00:00:00+00:00,,,,,,46820.4921875,46820.4921875,46827.546875,44437.29296875,44505.35546875,28160889722.0
2022-03-28 00:00:00+00:00,,,,,,47128.00390625,47128.00390625,48086.8359375,46690.203125,46821.8515625,36362175703.0
2022-03-29 00:00:00+00:00,,,,,,47465.73046875,47465.73046875,48022.2890625,47100.4375,47100.4375,31397059069.0
2022-03-30 00:00:00+00:00,,,,,,47062.6640625,47062.6640625,47655.1484375,46746.2109375,47456.8984375,29333883962.0
2022-03-31 00:00:00+00:00,,,,,,45538.67578125,45538.67578125,47512.02734375,45390.5390625,47062.1484375,33327427106.0
2022-04-01 00:00:00+00:00,,,,,,46281.64453125,46281.64453125,46616.2421875,44403.140625,45554.1640625,38162644287.0
2022-04-02 00:00:00+00:00,,,,,,45868.94921875,45868.94921875,47028.28125,45782.51171875,46285.5,29336594194.0
2022-04-03 00:00:00+00:00,,,,,,46453.56640625,46453.56640625,47313.4765625,45634.10546875,45859.12890625,25414397610.0
2022-04-04 00:00:00+00:00,,,,,,46622.67578125,46622.67578125,46791.08984375,45235.81640625,46445.2734375,32499785455.0
2022-04-05 00:00:00+00:00,,,,,,45555.9921875,45555.9921875,47106.140625,45544.80859375,46624.5078125,29640604055.0
2022-04-06 00:00:00+00:00,,,,,,43206.73828125,43206.73828125,45544.35546875,43193.953125,45544.35546875,39393395788.0
2022-04-07 00:00:00+00:00,,,,,,43503.84765625,43503.84765625,43860.69921875,42899.90625,43207.5,26101973106.0
2022-04-08 00:00:00+00:00,,,,,,42287.6640625,42287.6640625,43903.01953125,42183.2890625,43505.13671875,27215995394.0
2022-04-09 00:00:00+00:00,,,,,,42782.13671875,42782.13671875,42786.81640625,42183.25390625,42282.078125,16050772496.0
2022-04-10 00:00:00+00:00,,,,,,42207.671875,42207.671875,43376.37890625,42021.20703125,42781.08984375,17654475582.0
2022-04-11 00:00:00+00:00,,,,,,39521.90234375,39521.90234375,42424.58984375,39373.05859375,42201.0390625,33949912166.0
2022-04-12 00:00:00+00:00,,,,,,40127.18359375,40127.18359375,40617.5859375,39388.328125,39533.71484375,30991500854.0
2022-04-13 00:00:00+00:00,,,,,,41166.73046875,41166.73046875,41430.0546875,39712.74609375,40123.5703125,27691105228.0
2022-04-14 00:00:00+00:00,,,,,,39935.515625,39935.515625,41451.48046875,39695.74609375,41160.21875,24342001973.0
2022-04-15 00:00:00+00:00,,,,,,40553.46484375,40553.46484375,40617.72265625,39866.83203125,39939.40234375,21756855753.0
2022-04-16 00:00:00+00:00,,,,,,40424.484375,40424.484375,40633.6796875,40078.42578125,40552.31640625,16833150693.0
2022-04-17 00:00:00+00:00,,,,,,39716.953125,39716.953125,40570.7265625,39620.89453125,40417.77734375,19087633042.0
2022-04-18 00:00:00+00:00,,,,,,40826.21484375,40826.21484375,40986.3203125,38696.19140625,39721.203125,33705182072.0
2022-04-19 00:00:00+00:00,,,,,,41502.75,41502.75,41672.9609375,40618.6328125,40828.17578125,25303206547.0
2022-04-20 00:00:00+00:00,,,,,,41374.37890625,41374.37890625,42126.30078125,40961.09765625,41501.74609375,27819532341.0
2022-04-21 00:00:00+00:00,,,,,,40527.36328125,40527.36328125,42893.58203125,40063.828125,41371.515625,35372786395.0
2022-04-22 00:00:00+00:00,,,,,,39740.3203125,39740.3203125,40777.7578125,39315.41796875,40525.86328125,28011716745.0
2022-04-23 00:00:00+00:00,,,,,,39486.73046875,39486.73046875,39935.859375,39352.203125,39738.72265625,16138021249.0
2022-04-24 00:00:00+00:00,,,,,,39469.29296875,39469.29296875,39845.92578125,39233.5390625,39478.375,17964398167.0
2022-04-25 00:00:00+00:00,,,,,,40458.30859375,40458.30859375,40491.75390625,38338.37890625,39472.60546875,35445730570.0
2022-04-26 00:00:00+00:00,,,,,,38117.4609375,38117.4609375,40713.890625,37884.984375,40448.421875,34569088416.0
2022-04-27 00:00:00+00:00,,,,,,39241.12109375,39241.12109375,39397.91796875,37997.3125,38120.30078125,30981015184.0
2022-04-28 00:00:00+00:00,,,,,,39773.828125,39773.828125,40269.46484375,38941.421875,39241.4296875,33903704907.0
2022-04-29 00:00:00+00:00,,,,,,38609.82421875,38609.82421875,39887.26953125,38235.53515625,39768.6171875,30882994649.0
2022-04-30 00:00:00+00:00,,,,,,37714.875,37714.875,38771.2109375,37697.94140625,38605.859375,23895713731.0
2022-05-01 00:00:00+00:00,,,,,,38469.09375,38469.09375,38627.859375,37585.7890625,37713.265625,27002760110.0
2022-05-02 00:00:00+00:00,,,,,,38529.328125,38529.328125,39074.97265625,38156.5625,38472.1875,32922642426.0
2022-05-03 00:00:00+00:00,,,,,,37750.453125,37750.453125,38629.99609375,37585.62109375,38528.109375,27326943244.0
2022-05-04 00:00:00+00:00,,,,,,39698.37109375,39698.37109375,39902.94921875,37732.05859375,37748.01171875,36754404490.0
2022-05-05 00:00:00+00:00,,,,,,36575.140625,36575.140625,39789.28125,35856.515625,39695.74609375,43106256317.0
2022-05-06 00:00:00+00:00,,,,,,36040.921875,36040.921875,36624.359375,35482.1328125,36573.18359375,37795577489.0
2022-05-07 00:00:00+00:00,,,,,,35501.953125,35501.953125,36129.92578125,34940.82421875,36042.50390625,24375896406.0
2022-05-08 00:00:00+00:00,,,,,,34059.265625,34059.265625,35502.94140625,33878.96484375,35502.94140625,36763041910.0
2022-05-09 00:00:00+00:00,,,,,,30296.953125,30296.953125,34222.07421875,30296.953125,34060.015625,63355494961.0
2022-05-10 00:00:00+00:00,,,,,,31022.90625,31022.90625,32596.30859375,29944.802734375,30273.654296875,59811038817.0
2022-05-11 00:00:00+00:00,,,,,,28936.35546875,28936.35546875,32013.40234375,28170.4140625,31016.18359375,70388855818.0
2022-05-12 00:00:00+00:00,,,,,,29047.751953125,29047.751953125,30032.439453125,26350.490234375,28936.734375,66989173272.0
2022-05-13 00:00:00+00:00,,,,,,29283.103515625,29283.103515625,30924.802734375,28782.330078125,29030.91015625,42841124537.0
2022-05-14 00:00:00+00:00,,,,,,30101.265625,30101.265625,30192.802734375,28702.91015625,29285.642578125,28579868620.0
2022-05-15 00:00:00+00:00,,,,,,31305.11328125,31305.11328125,31308.19140625,29527.740234375,30098.5859375,25835372065.0
2022-05-16 00:00:00+00:00,,,,,,29862.91796875,29862.91796875,31305.341796875,29251.884765625,31304.375,32613897286.0
2022-05-17 00:00:00+00:00,,,,,,30425.857421875,30425.857421875,30694.490234375,29570.302734375,29862.408203125,29101473475.0
2022-05-18 00:00:00+00:00,,,,,,28720.271484375,28720.271484375,30618.716796875,28720.271484375,30424.478515625,31285268319.0
2022-05-19 00:00:00+00:00,,,,,,30314.333984375,30314.333984375,30430.751953125,28708.955078125,28720.359375,33773447707.0
2022-05-20 00:00:00+00:00,,,,,,29200.740234375,29200.740234375,30664.9765625,28793.60546875,30311.119140625,30749382605.0
2022-05-21 00:00:00+00:00,,,,,,29432.2265625,29432.2265625,29588.869140625,29027.39453125,29199.859375,17274840442.0
2022-05-22 00:00:00+00:00,,,,,,30323.72265625,30323.72265625,30425.861328125,29275.18359375,29432.47265625,21631532270.0
2022-05-23 00:00:00+00:00,,,,,,29098.91015625,29098.91015625,30590.5859375,28975.560546875,30309.396484375,31483454557.0
2022-05-24 00:00:00+00:00,,,,,,29655.5859375,29655.5859375,29774.35546875,28786.58984375,29101.125,26616506245.0
2022-05-25 00:00:00+00:00,,,,,,29562.361328125,29562.361328125,30157.78515625,29384.94921875,29653.134765625,27525063551.0
2022-05-26 00:00:00+00:00,,,,,,29267.224609375,29267.224609375,29834.16015625,28261.90625,29564.77734375,36774325352.0
2022-05-27 00:00:00+00:00,,,,,,28627.57421875,28627.57421875,29346.943359375,28326.61328125,29251.140625,36582005748.0
2022-05-28 00:00:00+00:00,,,,,,28814.900390625,28814.900390625,28814.900390625,28554.56640625,28622.625,35519577634.0
2022-05-29 00:00:00+00:00,,,,,,29445.95703125,29445.95703125,29498.009765625,28841.107421875,29019.8671875,18093886409.0
2022-05-30 00:00:00+00:00,,,,,,31726.390625,31726.390625,31949.630859375,29303.572265625,29443.365234375,39277993274.0
2022-05-31 00:00:00+00:00,,,,,,31792.310546875,31792.310546875,32249.86328125,31286.154296875,31723.865234375,33538210634.0
2022-06-01 00:00:00+00:00,,,,,,29799.080078125,29799.080078125,31957.28515625,29501.587890625,31792.5546875,41135817341.0
2022-06-02 00:00:00+00:00,,,,,,30467.48828125,30467.48828125,30604.734375,29652.705078125,29794.890625,29083562061.0
2022-06-03 00:00:00+00:00,,,,,,29704.390625,29704.390625,30633.03515625,29375.689453125,30467.806640625,26175547452.0
2022-06-04 00:00:00+00:00,,,,,,29832.9140625,29832.9140625,29930.564453125,29500.005859375,29706.138671875,16588370958.0
2022-06-05 00:00:00+00:00,,,,,,29906.662109375,29906.662109375,30117.744140625,29574.44921875,29835.1171875,17264085441.0
2022-06-06 00:00:00+00:00,,,,,,31370.671875,31370.671875,31693.291015625,29894.1875,29910.283203125,31947336829.0
2022-06-07 00:00:00+00:00,,,,,,31155.478515625,31155.478515625,31489.68359375,29311.68359375,31371.7421875,40770974039.0
2022-06-08 00:00:00+00:00,,,,,,30214.35546875,30214.35546875,31253.69140625,29944.404296875,31151.48046875,30242059107.0
2022-06-09 00:00:00+00:00,,,,,,30111.998046875,30111.998046875,30609.310546875,30020.265625,30215.279296875,21692004719.0
2022-06-10 00:00:00+00:00,,,,,,29083.8046875,29083.8046875,30245.80859375,28978.146484375,30110.330078125,29867476527.0
2022-06-11 00:00:00+00:00,,,,,,28360.810546875,28360.810546875,29401.916015625,28236.212890625,29084.666015625,27246574439.0
2022-06-12 00:00:00+00:00,,,,,,26762.6484375,26762.6484375,28502.685546875,26762.6484375,28373.513671875,34163220274.0
2022-06-13 00:00:00+00:00,,,,,,22487.388671875,22487.388671875,26795.58984375,22141.2578125,26737.578125,68204556440.0
2022-06-14 00:00:00+00:00,,,,,,22206.79296875,22206.79296875,23018.951171875,20950.818359375,22487.986328125,50913575242.0
2022-06-15 00:00:00+00:00,,,,,,22572.83984375,22572.83984375,22642.671875,20178.376953125,22196.73046875,54912007015.0
2022-06-16 00:00:00+00:00,,,,,,20381.650390625,20381.650390625,22868.921875,20265.2265625,22576.3046875,31183975654.0
2022-06-17 00:00:00+00:00,,,,,,20471.482421875,20471.482421875,21243.3125,20326.51953125,20385.71875,27132421514.0
2022-06-18 00:00:00+00:00,,,,,,19017.642578125,19017.642578125,20736.041015625,17708.623046875,20473.42578125,42009436760.0
2022-06-19 00:00:00+00:00,,,,,,20553.271484375,20553.271484375,20683.822265625,18067.15234375,19010.90234375,35329942625.0
2022-06-20 00:00:00+00:00,,,,,,20599.537109375,20599.537109375,20913.322265625,19689.169921875,20553.37109375,30818458597.0
2022-06-21 00:00:00+00:00,,,,,,20710.59765625,20710.59765625,21620.62890625,20415.0625,20594.294921875,28970212744.0
2022-06-22 00:00:00+00:00,,,,,,19987.029296875,19987.029296875,20835.75,19848.078125,20719.4140625,28574793478.0
2022-06-23 00:00:00+00:00,,,,,,21085.876953125,21085.876953125,21135.76171875,19950.1171875,19986.607421875,26188097173.0
2022-06-24 00:00:00+00:00,,,,,,21231.65625,21231.65625,21472.91796875,20777.51171875,21084.6484375,24957784918.0
2022-06-25 00:00:00+00:00,,,,,,21502.337890625,21502.337890625,21520.9140625,20964.5859375,21233.609375,18372538715.0
2022-06-26 00:00:00+00:00,,,,,,21027.294921875,21027.294921875,21783.724609375,21016.26953125,21496.494140625,18027170497.0
2022-06-27 00:00:00+00:00,,,,,,20735.478515625,20735.478515625,21478.08984375,20620.19921875,21028.23828125,20965695707.0
2022-06-28 00:00:00+00:00,,,,,,20280.634765625,20280.634765625,21164.423828125,20228.8125,20731.544921875,21381535161.0
2022-06-29 00:00:00+00:00,,,,,,20104.0234375,20104.0234375,20364.15625,19937.791015625,20281.169921875,23552740328.0
2022-06-30 00:00:00+00:00,,,,,,19784.7265625,19784.7265625,20141.16015625,18729.65625,20108.3125,26267239923.0
2022-07-01 00:00:00+00:00,,,,,,19269.3671875,19269.3671875,20632.671875,19073.708984375,19820.470703125,30767551159.0
2022-07-02 00:00:00+00:00,,,,,,19242.255859375,19242.255859375,19371.748046875,19027.08203125,19274.8359375,18100418740.0
2022-07-03 00:00:00+00:00,,,,,,19297.076171875,19297.076171875,19558.26953125,18966.951171875,19242.095703125,16390821947.0
2022-07-04 00:00:00+00:00,,,,,,20231.26171875,20231.26171875,20258.748046875,19063.06640625,19297.314453125,21594638208.0
2022-07-05 00:00:00+00:00,,,,,,20190.115234375,20190.115234375,20635.466796875,19341.232421875,20225.353515625,26715546990.0
2022-07-06 00:00:00+00:00,,,,,,20548.24609375,20548.24609375,20595.529296875,19823.51171875,20194.619140625,24598943708.0
2022-07-07 00:00:00+00:00,,,,,,21637.587890625,21637.587890625,21771.81640625,20296.103515625,20547.814453125,25814972520.0
2022-07-08 00:00:00+00:00,,,,,,21731.1171875,21731.1171875,22314.94140625,21257.453125,21637.154296875,49899834488.0
2022-07-09 00:00:00+00:00,,,,,,21592.20703125,21592.20703125,21877.138671875,21445.95703125,21716.828125,29641127858.0
2022-07-10 00:00:00+00:00,,,,,,20860.44921875,20860.44921875,21591.080078125,20727.123046875,21591.080078125,28688807249.0
2022-07-11 00:00:00+00:00,,,,,,19970.556640625,19970.556640625,20856.353515625,19924.5390625,20856.353515625,24150249025.0
2022-07-12 00:00:00+00:00,,,,,,19323.9140625,19323.9140625,20043.4453125,19308.53125,19970.474609375,25810220018.0
2022-07-13 00:00:00+00:00,,,,,,20212.07421875,20212.07421875,20223.052734375,18999.953125,19325.97265625,33042430345.0
2022-07-14 00:00:00+00:00,,,,,,20569.919921875,20569.919921875,20789.89453125,19689.2578125,20211.466796875,31158743333.0
2022-07-15 00:00:00+00:00,,,,,,20836.328125,20836.328125,21138.244140625,20397.0,20573.15625,25905575359.0
2022-07-16 00:00:00+00:00,,,,,,21190.31640625,21190.31640625,21514.404296875,20518.8984375,20834.103515625,24302954056.0
2022-07-17 00:00:00+00:00,,,,,,20779.34375,20779.34375,21600.640625,20778.1796875,21195.041015625,22927802083.0
2022-07-18 00:00:00+00:00,,,,,,22485.689453125,22485.689453125,22633.033203125,20781.912109375,20781.912109375,39974475562.0
2022-07-19 00:00:00+00:00,,,,,,23389.43359375,23389.43359375,23666.962890625,21683.40625,22467.849609375,48765202697.0
2022-07-20 00:00:00+00:00,,,,,,23231.732421875,23231.732421875,24196.818359375,23009.94921875,23393.19140625,42932549127.0
2022-07-21 00:00:00+00:00,,,,,,23164.62890625,23164.62890625,23388.322265625,22431.1484375,23233.201171875,33631012204.0
2022-07-22 00:00:00+00:00,,,,,,22714.978515625,22714.978515625,23671.927734375,22603.416015625,23163.751953125,31421555646.0
2022-07-23 00:00:00+00:00,,,,,,22465.478515625,22465.478515625,22977.2109375,22002.91015625,22706.984375,24021799169.0
2022-07-24 00:00:00+00:00,,,,,,22609.1640625,22609.1640625,22974.001953125,22306.83984375,22465.509765625,23565495303.0
2022-07-25 00:00:00+00:00,,,,,,21361.701171875,21361.701171875,22649.12109375,21361.642578125,22607.15625,35574561406.0
2022-07-26 00:00:00+00:00,,,,,,21239.75390625,21239.75390625,21361.12109375,20776.81640625,21361.12109375,28624673855.0
2022-07-27 00:00:00+00:00,,,,,,22930.548828125,22930.548828125,22986.529296875,21070.806640625,21244.169921875,31758955233.0
2022-07-28 00:00:00+00:00,,,,,,23843.88671875,23843.88671875,24110.470703125,22722.265625,22933.640625,40212386158.0
2022-07-29 00:00:00+00:00,,,,,,23804.6328125,23804.6328125,24294.787109375,23481.173828125,23845.212890625,35887249746.0
2022-07-30 00:00:00+00:00,,,,,,23656.20703125,23656.20703125,24572.580078125,23580.5078125,23796.818359375,28148218301.0
2022-07-31 00:00:00+00:00,,,,,,23336.896484375,23336.896484375,24121.642578125,23275.703125,23652.0703125,23553591896.0
2022-08-01 00:00:00+00:00,,,,,,23314.19921875,23314.19921875,23464.787109375,22890.796875,23336.71875,25849159141.0
2022-08-02 00:00:00+00:00,,,,,,22978.1171875,22978.1171875,23415.041015625,22710.083984375,23308.43359375,28389250717.0
2022-08-03 00:00:00+00:00,,,,,,22846.5078125,22846.5078125,23578.650390625,22747.8359375,22981.302734375,26288169966.0
2022-08-04 00:00:00+00:00,,,,,,22630.95703125,22630.95703125,23198.009765625,22485.701171875,22848.21484375,25120229769.0
2022-08-05 00:00:00+00:00,,,,,,23289.314453125,23289.314453125,23422.828125,22612.177734375,22626.833984375,28881249043.0
2022-08-06 00:00:00+00:00,,,,,,22961.279296875,22961.279296875,23326.5625,22961.279296875,23291.423828125,15978259885.0
2022-08-07 00:00:00+00:00,,,,,,23175.890625,23175.890625,23359.009765625,22894.556640625,22963.505859375,15886817043.0
2022-08-08 00:00:00+00:00,,,,,,23809.486328125,23809.486328125,24203.689453125,23176.546875,23179.52734375,28575544847.0
2022-08-09 00:00:00+00:00,,,,,,23164.318359375,23164.318359375,23898.615234375,22982.0,23811.484375,23555719219.0
2022-08-10 00:00:00+00:00,,,,,,23947.642578125,23947.642578125,24127.4140625,22771.51953125,23162.8984375,32837431722.0
2022-08-11 00:00:00+00:00,,,,,,23957.529296875,23957.529296875,24822.62890625,23900.99609375,23948.345703125,37127036580.0
2022-08-12 00:00:00+00:00,,,,,,24402.818359375,24402.818359375,24412.56640625,23657.265625,23957.203125,27265804688.0
2022-08-13 00:00:00+00:00,,,,,,24424.068359375,24424.068359375,24860.05078125,24346.115234375,24402.1875,22987346289.0
2022-08-14 00:00:00+00:00,,,,,,24319.333984375,24319.333984375,24974.9140625,24206.259765625,24429.056640625,22994133555.0
2022-08-15 00:00:00+00:00,,,,,,24136.97265625,24136.97265625,25135.58984375,23839.775390625,24318.31640625,35123501685.0
2022-08-16 00:00:00+00:00,,,,,,23883.291015625,23883.291015625,24228.416015625,23733.5,24126.13671875,27753685646.0
2022-08-17 00:00:00+00:00,,,,,,23335.998046875,23335.998046875,24407.05859375,23243.353515625,23881.31640625,30931623076.0
2022-08-18 00:00:00+00:00,,,,,,23212.73828125,23212.73828125,23563.83203125,23177.6015625,23341.0390625,23747613147.0
2022-08-19 00:00:00+00:00,,,,,,20877.552734375,20877.552734375,23213.3125,20868.84765625,23213.3125,40509610260.0
2022-08-20 00:00:00+00:00,,,,,,21166.060546875,21166.060546875,21350.806640625,20856.73046875,20872.841796875,27595671000.0
2022-08-21 00:00:00+00:00,,,,,,21534.12109375,21534.12109375,21668.845703125,21103.197265625,21160.392578125,23102307723.0
2022-08-22 00:00:00+00:00,,,,,,21398.908203125,21398.908203125,21531.462890625,20939.18359375,21531.462890625,31666498758.0
2022-08-23 00:00:00+00:00,,,,,,21528.087890625,21528.087890625,21646.203125,20955.138671875,21401.044921875,31878280659.0
2022-08-24 00:00:00+00:00,,,,,,21395.01953125,21395.01953125,21783.076171875,21195.005859375,21526.455078125,31962253368.0
2022-08-25 00:00:00+00:00,,,,,,21600.904296875,21600.904296875,21789.63671875,21362.44140625,21395.458984375,31028679593.0
2022-08-26 00:00:00+00:00,,,,,,20260.01953125,20260.01953125,21804.908203125,20199.482421875,21596.0859375,42326789564.0
2022-08-27 00:00:00+00:00,,,,,,20041.73828125,20041.73828125,20340.775390625,19890.5234375,20262.48046875,30116729776.0
2022-08-28 00:00:00+00:00,,,,,,19616.814453125,19616.814453125,20139.0546875,19616.814453125,20041.03515625,24366810591.0
2022-08-29 00:00:00+00:00,,,,,,20297.994140625,20297.994140625,20357.462890625,19600.78515625,19615.154296875,32637854078.0
2022-08-30 00:00:00+00:00,,,,,,19796.80859375,19796.80859375,20542.64453125,19617.640625,20298.611328125,34483360283.0
2022-08-31 00:00:00+00:00,,,,,,20049.763671875,20049.763671875,20420.990234375,19799.58203125,19799.58203125,33225232872.0
2022-09-01 00:00:00+00:00,,,,,,20127.140625,20127.140625,20198.390625,19653.96875,20050.498046875,30182031010.0
2022-09-02 00:00:00+00:00,,,,,,19969.771484375,19969.771484375,20401.568359375,19814.765625,20126.072265625,29123998928.0
2022-09-03 00:00:00+00:00,,,,,,19832.087890625,19832.087890625,20037.009765625,19698.35546875,19969.71875,23613051457.0
2022-09-04 00:00:00+00:00,,,,,,19986.712890625,19986.712890625,19999.689453125,19636.81640625,19832.470703125,25245861652.0
2022-09-05 00:00:00+00:00,,,,,,19812.37109375,19812.37109375,20031.16015625,19673.046875,19988.7890625,28813460025.0
2022-09-06 00:00:00+00:00,,,,,,18837.66796875,18837.66796875,20155.26953125,18800.171875,19817.724609375,43403978910.0
2022-09-07 00:00:00+00:00,,,,,,19290.32421875,19290.32421875,19427.171875,18644.466796875,18837.68359375,35239757134.0
2022-09-08 00:00:00+00:00,,,,,,19329.833984375,19329.833984375,19417.3515625,19076.71484375,19289.94140625,32194477850.0
2022-09-09 00:00:00+00:00,,,,,,21381.15234375,21381.15234375,21439.41015625,19310.962890625,19328.140625,48469528171.0
2022-09-10 00:00:00+00:00,,,,,,21680.5390625,21680.5390625,21760.275390625,21168.72265625,21376.912109375,36913738894.0
2022-09-11 00:00:00+00:00,,,,,,21769.255859375,21769.255859375,21770.552734375,21406.9453125,21678.54296875,34493951963.0
2022-09-12 00:00:00+00:00,,,,,,22370.44921875,22370.44921875,22439.181640625,21603.896484375,21770.1484375,50212088965.0
2022-09-13 00:00:00+00:00,,,,,,20296.70703125,20296.70703125,22673.8203125,20062.669921875,22371.48046875,51091116622.0
2022-09-14 00:00:00+00:00,,,,,,20241.08984375,20241.08984375,20467.201171875,19793.396484375,20184.5546875,37872380889.0
2022-09-15 00:00:00+00:00,,,,,,19701.2109375,19701.2109375,20318.166015625,19636.734375,20242.2890625,36389011503.0
2022-09-16 00:00:00+00:00,,,,,,19772.583984375,19772.583984375,19870.62890625,19400.076171875,19704.005859375,30123362273.0
2022-09-17 00:00:00+00:00,,,,,,20127.576171875,20127.576171875,20162.53125,19777.033203125,19777.033203125,24957448100.0
2022-09-18 00:00:00+00:00,,,,,,19419.505859375,19419.505859375,20127.234375,19387.4921875,20127.234375,31254779144.0
2022-09-19 00:00:00+00:00,,,,,,19544.12890625,19544.12890625,19639.48046875,18390.318359375,19418.572265625,40177002624.0
2022-09-20 00:00:00+00:00,,,,,,18890.7890625,18890.7890625,19602.45703125,18813.455078125,19545.591796875,36791346508.0
2022-09-21 00:00:00+00:00,,,,,,18547.400390625,18547.400390625,19674.630859375,18290.314453125,18891.283203125,46363793975.0
2022-09-22 00:00:00+00:00,,,,,,19413.55078125,19413.55078125,19456.91015625,18415.591796875,18534.650390625,41135767926.0
2022-09-23 00:00:00+00:00,,,,,,19297.638671875,19297.638671875,19464.671875,18617.552734375,19412.400390625,38896078052.0
2022-09-24 00:00:00+00:00,,,,,,18937.01171875,18937.01171875,19310.197265625,18861.974609375,19296.990234375,26149643168.0
2022-09-25 00:00:00+00:00,,,,,,18802.09765625,18802.09765625,19134.732421875,18696.46875,18936.310546875,23359966112.0
2022-09-26 00:00:00+00:00,,,,,,19222.671875,19222.671875,19274.873046875,18721.28515625,18803.900390625,44148798321.0
2022-09-27 00:00:00+00:00,,,,,,19110.546875,19110.546875,20338.455078125,18915.66796875,19221.83984375,58571439619.0
2022-09-28 00:00:00+00:00,,,,,,19426.720703125,19426.720703125,19688.34375,18553.296875,19104.62109375,53071298734.0
2022-09-29 00:00:00+00:00,,,,,,19573.05078125,19573.05078125,19589.265625,18924.353515625,19427.779296875,41037843771.0
2022-09-30 00:00:00+00:00,,,,,,19431.7890625,19431.7890625,20109.849609375,19265.662109375,19573.431640625,43975248085.0
2022-10-01 00:00:00+00:00,,,,,,19312.095703125,19312.095703125,19471.154296875,19231.08203125,19431.10546875,18719537670.0
2022-10-02 00:00:00+00:00,,,,,,19044.107421875,19044.107421875,19370.30859375,18970.62109375,19311.849609375,20765955327.0
2022-10-03 00:00:00+00:00,,,,,,19623.580078125,19623.580078125,19653.54296875,19025.2265625,19044.068359375,30484729489.0
2022-10-04 00:00:00+00:00,,,,,,20336.84375,20336.84375,20380.34375,19523.83984375,19623.583984375,35887278685.0
2022-10-05 00:00:00+00:00,,,,,,20160.716796875,20160.716796875,20343.748046875,19801.80078125,20335.900390625,33223790572.0
2022-10-06 00:00:00+00:00,,,,,,19955.443359375,19955.443359375,20408.392578125,19900.087890625,20161.0390625,34711412966.0
2022-10-07 00:00:00+00:00,,,,,,19546.849609375,19546.849609375,20041.0859375,19395.79296875,19957.55859375,29227315390.0
2022-10-08 00:00:00+00:00,,,,,,19416.568359375,19416.568359375,19601.6953125,19299.4140625,19546.328125,16437423167.0
2022-10-09 00:00:00+00:00,,,,,,19446.42578125,19446.42578125,19542.5390625,19349.259765625,19417.478515625,16837262532.0
2022-10-10 00:00:00+00:00,,,,,,19141.484375,19141.484375,19515.466796875,19102.978515625,19446.416015625,27425022774.0
2022-10-11 00:00:00+00:00,,,,,,19051.41796875,19051.41796875,19241.9609375,18925.603515625,19139.0,28711532910.0
2022-10-12 00:00:00+00:00,,,,,,19157.4453125,19157.4453125,19203.19921875,19029.7578125,19052.646484375,24950173846.0
2022-10-13 00:00:00+00:00,,,,,,19382.904296875,19382.904296875,19453.328125,18319.822265625,19156.966796875,44219840004.0
2022-10-14 00:00:00+00:00,,,,,,19185.65625,19185.65625,19889.146484375,19115.408203125,19382.533203125,38452356727.0
2022-10-15 00:00:00+00:00,,,,,,19067.634765625,19067.634765625,19212.541015625,19019.25,19185.4375,16192235532.0
2022-10-16 00:00:00+00:00,,,,,,19268.09375,19268.09375,19389.603515625,19068.9140625,19068.9140625,17988916650.0
2022-10-17 00:00:00+00:00,,,,,,19550.7578125,19550.7578125,19635.802734375,19173.333984375,19268.5625,27472552998.0
2022-10-18 00:00:00+00:00,,,,,,19334.416015625,19334.416015625,19666.994140625,19144.76953125,19550.466796875,30580012344.0
2022-10-19 00:00:00+00:00,,,,,,19139.53515625,19139.53515625,19348.416015625,19127.6875,19335.02734375,22425387184.0
2022-10-20 00:00:00+00:00,,,,,,19053.740234375,19053.740234375,19315.19921875,18971.458984375,19138.0859375,24493974420.0
2022-10-21 00:00:00+00:00,,,,,,19172.46875,19172.46875,19237.384765625,18770.970703125,19053.203125,32459287866.0
2022-10-22 00:00:00+00:00,,,,,,19208.189453125,19208.189453125,19248.068359375,19132.244140625,19172.380859375,16104440957.0
2022-10-23 00:00:00+00:00,,,,,,19567.0078125,19567.0078125,19646.65234375,19124.197265625,19207.734375,22128794335.0
2022-10-24 00:00:00+00:00,,,,,,19345.572265625,19345.572265625,19589.125,19206.32421875,19567.76953125,30202235805.0
2022-10-25 00:00:00+00:00,,,,,,20095.857421875,20095.857421875,20348.412109375,19261.447265625,19344.96484375,47761524910.0
2022-10-26 00:00:00+00:00,,,,,,20770.44140625,20770.44140625,20938.134765625,20076.1171875,20092.236328125,58895950537.0
2022-10-27 00:00:00+00:00,,,,,,20285.8359375,20285.8359375,20854.044921875,20255.373046875,20772.802734375,49625110402.0
2022-10-28 00:00:00+00:00,,,,,,20595.3515625,20595.3515625,20724.98046875,20086.068359375,20287.95703125,43994715910.0
2022-10-29 00:00:00+00:00,,,,,,20818.4765625,20818.4765625,20988.39453125,20566.484375,20595.103515625,40369840645.0
2022-10-30 00:00:00+00:00,,,,,,20635.603515625,20635.603515625,20917.005859375,20547.462890625,20817.982421875,31486345556.0
2022-10-31 00:00:00+00:00,,,,,,20495.7734375,20495.7734375,20795.3203125,20287.458984375,20633.6953125,45668466815.0
2022-11-01 00:00:00+00:00,,,,,,20485.2734375,20485.2734375,20647.2890625,20359.845703125,20494.8984375,39819303159.0
2022-11-02 00:00:00+00:00,,,,,,20159.50390625,20159.50390625,20742.810546875,20087.134765625,20482.958984375,55552169483.0
2022-11-03 00:00:00+00:00,,,,,,20209.98828125,20209.98828125,20382.095703125,20086.240234375,20162.689453125,43228750179.0
2022-11-04 00:00:00+00:00,,,,,,21147.23046875,21147.23046875,21209.560546875,20188.01953125,20208.76953125,64072727950.0
2022-11-05 00:00:00+00:00,,,,,,21282.69140625,21282.69140625,21446.88671875,21097.634765625,21144.83203125,37846047609.0
2022-11-06 00:00:00+00:00,,,,,,20926.486328125,20926.486328125,21345.376953125,20920.19140625,21285.056640625,35082693210.0
2022-11-07 00:00:00+00:00,,,,,,20602.81640625,20602.81640625,21053.24609375,20489.97265625,20924.62109375,53510852236.0
2022-11-08 00:00:00+00:00,,,,,,18541.271484375,18541.271484375,20664.607421875,17603.544921875,20600.671875,118992465607.0
2022-11-09 00:00:00+00:00,,,,,,15880.7802734375,15880.7802734375,18590.458984375,15682.6923828125,18543.76171875,102905151606.0
2022-11-10 00:00:00+00:00,,,,,,17586.771484375,17586.771484375,18054.3125,15834.0185546875,15883.158203125,83202283721.0
2022-11-11 00:00:00+00:00,,,,,,17034.29296875,17034.29296875,17650.943359375,16543.482421875,17583.251953125,55871616488.0
2022-11-12 00:00:00+00:00,,,,,,16799.185546875,16799.185546875,17066.67578125,16651.775390625,17036.875,29717699419.0
2022-11-13 00:00:00+00:00,,,,,,16353.365234375,16353.365234375,16920.765625,16320.634765625,16799.72265625,27209183682.0
2022-11-14 00:00:00+00:00,,,,,,16618.19921875,16618.19921875,17109.32421875,15872.94140625,16352.0283203125,49630243054.0
2022-11-15 00:00:00+00:00,,,,,,16884.61328125,16884.61328125,17051.962890625,16542.55078125,16617.484375,36599436183.0
2022-11-16 00:00:00+00:00,,,,,,16669.439453125,16669.439453125,16960.294921875,16430.111328125,16884.341796875,33925512989.0
2022-11-17 00:00:00+00:00,,,,,,16687.517578125,16687.517578125,16726.439453125,16460.68359375,16670.42578125,27868914022.0
2022-11-18 00:00:00+00:00,,,,,,16697.77734375,16697.77734375,16947.05859375,16564.611328125,16687.912109375,26862218609.0
2022-11-19 00:00:00+00:00,,,,,,16711.546875,16711.546875,16797.876953125,16570.41015625,16696.220703125,16106223492.0
2022-11-20 00:00:00+00:00,,,,,,16291.83203125,16291.83203125,16746.779296875,16248.6923828125,16712.919921875,21313378652.0
2022-11-21 00:00:00+00:00,,,,,,15787.2841796875,15787.2841796875,16291.2236328125,15599.046875,16291.2236328125,37429485518.0
2022-11-22 00:00:00+00:00,,,,,,16189.76953125,16189.76953125,16253.0478515625,15656.6064453125,15782.30078125,30726828760.0
2022-11-23 00:00:00+00:00,,,,,,16610.70703125,16610.70703125,16638.193359375,16170.5029296875,16195.5888671875,32958875628.0
2022-11-24 00:00:00+00:00,,,,,,16604.46484375,16604.46484375,16771.474609375,16501.767578125,16611.63671875,26129037414.0
2022-11-25 00:00:00+00:00,,,,,,16521.841796875,16521.841796875,16603.31640625,16388.404296875,16602.26953125,18678255976.0
2022-11-26 00:00:00+00:00,,,,,,16464.28125,16464.28125,16666.86328125,16416.228515625,16521.576171875,18000008764.0
2022-11-27 00:00:00+00:00,,,,,,16444.626953125,16444.626953125,16594.40625,16437.025390625,16463.8828125,20443898509.0
2022-11-28 00:00:00+00:00,,,,,,16217.322265625,16217.322265625,16482.93359375,16054.5302734375,16440.22265625,27743025156.0
2022-11-29 00:00:00+00:00,,,,,,16444.982421875,16444.982421875,16522.2578125,16139.396484375,16217.6396484375,23581685468.0
2022-11-30 00:00:00+00:00,,,,,,17168.56640625,17168.56640625,17190.9375,16445.4765625,16445.4765625,29523576583.0
2022-12-01 00:00:00+00:00,,,,,,16967.1328125,16967.1328125,17197.498046875,16888.388671875,17168.001953125,22895392882.0
2022-12-02 00:00:00+00:00,,,,,,17088.66015625,17088.66015625,17088.66015625,16877.880859375,16968.68359375,19539705127.0
2022-12-03 00:00:00+00:00,,,,,,16908.236328125,16908.236328125,17116.041015625,16888.140625,17090.09765625,16217776704.0
2022-12-04 00:00:00+00:00,,,,,,17130.486328125,17130.486328125,17157.767578125,16903.439453125,16908.169921875,16824520830.0
2022-12-05 00:00:00+00:00,,,,,,16974.826171875,16974.826171875,17378.15234375,16922.431640625,17128.89453125,22209086834.0
2022-12-06 00:00:00+00:00,,,,,,17089.50390625,17089.50390625,17091.86328125,16939.921875,16975.23828125,19889922369.0
2022-12-07 00:00:00+00:00,,,,,,16848.126953125,16848.126953125,17109.376953125,16750.55859375,17089.505859375,19675404389.0
2022-12-08 00:00:00+00:00,,,,,,17233.474609375,17233.474609375,17267.916015625,16788.783203125,16847.349609375,20496603770.0
2022-12-09 00:00:00+00:00,,,,,,17133.15234375,17133.15234375,17280.546875,17100.8359375,17232.1484375,20328426366.0
2022-12-10 00:00:00+00:00,,,,,,17128.724609375,17128.724609375,17216.826171875,17120.68359375,17134.220703125,12706781969.0
2022-12-11 00:00:00+00:00,,,,,,17104.193359375,17104.193359375,17245.634765625,17091.8203125,17129.7109375,14122486832.0
2022-12-12 00:00:00+00:00,,,,,,17206.4375,17206.4375,17212.564453125,16899.39453125,17102.5,19617581341.0
2022-12-13 00:00:00+00:00,,,,,,17781.318359375,17781.318359375,17930.0859375,17111.763671875,17206.44140625,26634741631.0
2022-12-14 00:00:00+00:00,,,,,,17815.650390625,17815.650390625,18318.53125,17739.513671875,17782.06640625,25534481470.0
2022-12-15 00:00:00+00:00,,,,,,17364.865234375,17364.865234375,17846.744140625,17322.58984375,17813.64453125,20964448341.0
2022-12-16 00:00:00+00:00,,,,,,16647.484375,16647.484375,17505.525390625,16584.701171875,17364.546875,24031608960.0
2022-12-17 00:00:00+00:00,,,,,,16795.091796875,16795.091796875,16800.58984375,16614.029296875,16646.982421875,14463581825.0
2022-12-18 00:00:00+00:00,,,,,,16757.9765625,16757.9765625,16815.38671875,16697.8203125,16795.609375,10924354698.0
2022-12-19 00:00:00+00:00,,,,,,16439.6796875,16439.6796875,16807.52734375,16398.13671875,16759.041015625,17221074814.0
2022-12-20 00:00:00+00:00,,,,,,16906.3046875,16906.3046875,17012.984375,16427.8671875,16441.787109375,22722096615.0
2022-12-21 00:00:00+00:00,,,,,,16817.53515625,16817.53515625,16916.80078125,16755.912109375,16904.52734375,14882945045.0
2022-12-22 00:00:00+00:00,,,,,,16830.341796875,16830.341796875,16866.673828125,16592.408203125,16818.380859375,16441573050.0
2022-12-23 00:00:00+00:00,,,,,,16796.953125,16796.953125,16905.21875,16794.458984375,16829.64453125,15329265213.0
2022-12-24 00:00:00+00:00,,,,,,16847.755859375,16847.755859375,16864.703125,16793.52734375,16796.9765625,9744636213.0
2022-12-25 00:00:00+00:00,,,,,,16841.986328125,16841.986328125,16860.5546875,16755.25390625,16847.505859375,11656379938.0
2022-12-26 00:00:00+00:00,,,,,,16919.8046875,16919.8046875,16920.123046875,16812.369140625,16842.25,11886957804.0
2022-12-27 00:00:00+00:00,,,,,,16717.173828125,16717.173828125,16959.845703125,16642.072265625,16919.291015625,15748580239.0
2022-12-28 00:00:00+00:00,,,,,,16552.572265625,16552.572265625,16768.169921875,16497.556640625,16716.400390625,17005713920.0
2022-12-29 00:00:00+00:00,,,,,,16642.341796875,16642.341796875,16651.755859375,16508.68359375,16552.322265625,14472237479.0
2022-12-30 00:00:00+00:00,,,,,,16602.5859375,16602.5859375,16643.427734375,16408.474609375,16641.330078125,15929162910.0
2022-12-31 00:00:00+00:00,,,,,,16547.49609375,16547.49609375,16628.986328125,16517.51953125,16603.673828125,11239186456.0
2023-01-01 00:00:00+00:00,,,,,,16625.080078125,16625.080078125,16630.439453125,16521.234375,16547.9140625,9244361700.0
2023-01-02 00:00:00+00:00,,,,,,16688.470703125,16688.470703125,16759.34375,16572.228515625,16625.509765625,12097775227.0
2023-01-03 00:00:00+00:00,,,,,,16679.857421875,16679.857421875,16760.447265625,16622.37109375,16688.84765625,13903079207.0
2023-01-04 00:00:00+00:00,,,,,,16863.23828125,16863.23828125,16964.5859375,16667.763671875,16680.205078125,18421743322.0
2023-01-05 00:00:00+00:00,,,,,,16836.736328125,16836.736328125,16884.021484375,16790.283203125,16863.47265625,13692758566.0
2023-01-06 00:00:00+00:00,,,,,,16951.96875,16951.96875,16991.994140625,16716.421875,16836.47265625,14413662913.0
2023-01-07 00:00:00+00:00,,,,,,16955.078125,16955.078125,16975.017578125,16914.19140625,16952.1171875,7714767174.0
2023-01-08 00:00:00+00:00,,,,,,17091.14453125,17091.14453125,17091.14453125,16924.05078125,16954.146484375,9768827914.0
2023-01-09 00:00:00+00:00,,,,,,17196.5546875,17196.5546875,17389.95703125,17093.9921875,17093.9921875,18624736866.0
2023-01-10 00:00:00+00:00,,,,,,17446.29296875,17446.29296875,17484.720703125,17162.990234375,17192.94921875,15808338949.0
2023-01-11 00:00:00+00:00,,,,,,17934.896484375,17934.896484375,17934.896484375,17337.994140625,17446.359375,18372283782.0
2023-01-12 00:00:00+00:00,,,,,,18869.587890625,18869.587890625,19030.087890625,17995.203125,18117.59375,34971338710.0
2023-01-13 00:00:00+00:00,,,,,,19909.57421875,19909.57421875,19964.322265625,18753.1640625,18868.90625,29225029694.0
2023-01-14 00:00:00+00:00,,,,,,20976.298828125,20976.298828125,21075.142578125,19907.828125,19910.537109375,38967784639.0
2023-01-15 00:00:00+00:00,,,,,,20880.798828125,20880.798828125,20993.748046875,20606.986328125,20977.484375,19298407543.0
2023-01-16 00:00:00+00:00,,,,,,21169.6328125,21169.6328125,21360.875,20715.74609375,20882.224609375,26792494050.0
2023-01-17 00:00:00+00:00,,,,,,21161.51953125,21161.51953125,21438.66015625,20978.533203125,21175.833984375,24999983362.0
2023-01-18 00:00:00+00:00,,,,,,20688.78125,20688.78125,21564.501953125,20541.544921875,21161.05078125,30005625418.0
2023-01-19 00:00:00+00:00,,,,,,21086.79296875,21086.79296875,21163.01171875,20685.380859375,20686.74609375,21152848261.0
2023-01-20 00:00:00+00:00,,,,,,22676.552734375,22676.552734375,22692.357421875,20919.126953125,21085.373046875,28799154319.0
2023-01-21 00:00:00+00:00,,,,,,22777.625,22777.625,23282.34765625,22511.833984375,22677.427734375,32442278429.0
2023-01-22 00:00:00+00:00,,,,,,22720.416015625,22720.416015625,23056.73046875,22387.900390625,22777.986328125,24746386230.0
2023-01-23 00:00:00+00:00,,,,,,22934.431640625,22934.431640625,23126.486328125,22654.3046875,22721.087890625,26518700512.0
2023-01-24 00:00:00+00:00,,,,,,22636.46875,22636.46875,23134.01171875,22549.744140625,22929.626953125,26405069715.0
2023-01-25 00:00:00+00:00,,,,,,23117.859375,23117.859375,23722.099609375,22406.076171875,22639.267578125,30685366709.0
2023-01-26 00:00:00+00:00,,,,,,23032.77734375,23032.77734375,23237.078125,22911.373046875,23108.955078125,26357839322.0
2023-01-27 00:00:00+00:00,,,,,,23078.728515625,23078.728515625,23417.720703125,22654.59375,23030.716796875,25383335641.0
2023-01-28 00:00:00+00:00,,,,,,23031.08984375,23031.08984375,23165.896484375,22908.845703125,23079.96484375,14712928379.0
2023-01-29 00:00:00+00:00,,,,,,23774.56640625,23774.56640625,23919.890625,22985.0703125,23031.44921875,27423687259.0
2023-01-30 00:00:00+00:00,,,,,,22840.138671875,22840.138671875,23789.34765625,22657.58203125,23774.6484375,27205595568.0
2023-01-31 00:00:00+00:00,,,,,,23139.283203125,23139.283203125,23225.021484375,22765.568359375,22840.796875,22837828665.0
2023-02-01 00:00:00+00:00,,,,,,23723.76953125,23723.76953125,23764.5390625,22877.75,23137.8359375,26683255504.0
2023-02-02 00:00:00+00:00,,,,,,23471.87109375,23471.87109375,24167.2109375,23468.595703125,23720.82421875,32066936882.0
2023-02-03 00:00:00+00:00,,,,,,23449.322265625,23449.322265625,23678.103515625,23279.955078125,23469.412109375,27083066007.0
2023-02-04 00:00:00+00:00,,,,,,23331.84765625,23331.84765625,23556.94921875,23291.794921875,23446.3203125,15639298538.0
2023-02-05 00:00:00+00:00,,,,,,22955.666015625,22955.666015625,23423.435546875,22841.759765625,23332.248046875,19564262605.0
2023-02-06 00:00:00+00:00,,,,,,22760.109375,22760.109375,23119.279296875,22692.025390625,22954.021484375,23825006542.0
2023-02-07 00:00:00+00:00,,,,,,23264.291015625,23264.291015625,23310.974609375,22756.2578125,22757.267578125,27187964471.0
2023-02-08 00:00:00+00:00,,,,,,22939.3984375,22939.3984375,23367.958984375,22731.09765625,23263.416015625,25371367758.0
2023-02-09 00:00:00+00:00,,,,,,21819.0390625,21819.0390625,22996.4375,21773.974609375,22946.56640625,32572572185.0
2023-02-10 00:00:00+00:00,,,,,,21651.18359375,21651.18359375,21941.185546875,21539.392578125,21819.005859375,27078406594.0
2023-02-11 00:00:00+00:00,,,,,,21870.875,21870.875,21891.41015625,21618.44921875,21651.841796875,16356226232.0
2023-02-12 00:00:00+00:00,,,,,,21788.203125,21788.203125,22060.994140625,21682.828125,21870.90234375,17821046406.0
2023-02-13 00:00:00+00:00,,,,,,21808.1015625,21808.1015625,21898.4140625,21460.087890625,21787.0,23918742607.0
2023-02-14 00:00:00+00:00,,,,,,22220.8046875,22220.8046875,22293.140625,21632.39453125,21801.822265625,26792596581.0
2023-02-15 00:00:00+00:00,,,,,,24307.841796875,24307.841796875,24307.841796875,22082.76953125,22220.5859375,32483312909.0
2023-02-16 00:00:00+00:00,,,,,,23623.474609375,23623.474609375,25134.1171875,23602.5234375,24307.349609375,39316664596.0
2023-02-17 00:00:00+00:00,,,,,,24565.6015625,24565.6015625,24924.041015625,23460.755859375,23621.283203125,41358451255.0
2023-02-18 00:00:00+00:00,,,,,,24641.27734375,24641.27734375,24798.8359375,24468.373046875,24565.296875,19625427158.0
2023-02-19 00:00:00+00:00,,,,,,24327.642578125,24327.642578125,25093.0546875,24327.642578125,24640.02734375,25555105670.0
2023-02-20 00:00:00+00:00,,,,,,24829.1484375,24829.1484375,25020.458984375,23927.91015625,24336.623046875,28987376573.0
2023-02-21 00:00:00+00:00,,,,,,24436.353515625,24436.353515625,25126.8515625,24200.36328125,24833.048828125,31252098714.0
2023-02-22 00:00:00+00:00,,,,,,24188.84375,24188.84375,24472.33984375,23644.318359375,24437.41796875,30199996781.0
2023-02-23 00:00:00+00:00,,,,,,23947.4921875,23947.4921875,24572.08984375,23693.919921875,24190.71875,30476264066.0
2023-02-24 00:00:00+00:00,,,,,,23198.126953125,23198.126953125,24103.705078125,23007.072265625,23946.0078125,26811744928.0
2023-02-25 00:00:00+00:00,,,,,,23175.375,23175.375,23210.2109375,22861.55859375,23200.125,16100721565.0
2023-02-26 00:00:00+00:00,,,,,,23561.212890625,23561.212890625,23654.3671875,23084.220703125,23174.150390625,16644534842.0
2023-02-27 00:00:00+00:00,,,,,,23522.87109375,23522.87109375,23857.890625,23205.87890625,23561.451171875,22660763494.0
2023-02-28 00:00:00+00:00,,,,,,23147.353515625,23147.353515625,23585.384765625,23077.650390625,23521.837890625,20535363434.0
2023-03-01 00:00:00+00:00,,,,,,23646.55078125,23646.55078125,23880.6328125,23088.626953125,23150.9296875,24662841200.0
2023-03-02 00:00:00+00:00,,,,,,23475.466796875,23475.466796875,23739.138671875,23245.021484375,23647.01953125,20386398516.0
2023-03-03 00:00:00+00:00,,,,,,22362.6796875,22362.6796875,23479.34765625,22213.23828125,23476.6328125,26062404610.0
2023-03-04 00:00:00+00:00,,,,,,22353.349609375,22353.349609375,22405.177734375,22198.98046875,22362.923828125,11166012913.0
2023-03-05 00:00:00+00:00,,,,,,22435.513671875,22435.513671875,22613.685546875,22307.142578125,22354.14453125,13317001733.0
2023-03-06 00:00:00+00:00,,,,,,22429.7578125,22429.7578125,22584.29296875,22331.314453125,22436.81640625,17353192895.0
2023-03-07 00:00:00+00:00,,,,,,22219.76953125,22219.76953125,22527.41796875,22011.26171875,22428.322265625,22765452204.0
2023-03-08 00:00:00+00:00,,,,,,21718.080078125,21718.080078125,22268.896484375,21708.05078125,22216.44140625,22536575684.0
2023-03-09 00:00:00+00:00,,,,,,20363.021484375,20363.021484375,21802.716796875,20210.306640625,21720.080078125,30364664171.0
2023-03-10 00:00:00+00:00,,,,,,20187.244140625,20187.244140625,20370.595703125,19628.25390625,20367.001953125,39578257695.0
2023-03-11 00:00:00+00:00,,,,,,20632.41015625,20632.41015625,20792.525390625,20068.66015625,20187.876953125,30180288176.0
2023-03-12 00:00:00+00:00,,,,,,22163.94921875,22163.94921875,22185.03125,20448.806640625,20628.029296875,29279035521.0
2023-03-13 00:00:00+00:00,,,,,,24197.533203125,24197.533203125,24550.837890625,21918.19921875,22156.40625,49466362688.0
2023-03-14 00:00:00+00:00,,,,,,24746.07421875,24746.07421875,26514.716796875,24081.18359375,24201.765625,54622230164.0
2023-03-15 00:00:00+00:00,,,,,,24375.9609375,24375.9609375,25240.615234375,23964.91015625,24770.92578125,43655701450.0
2023-03-16 00:00:00+00:00,,,,,,25052.7890625,25052.7890625,25190.326171875,24225.111328125,24373.45703125,33866061747.0
2023-03-17 00:00:00+00:00,,,,,,27423.9296875,27423.9296875,27787.8125,24955.169921875,25055.123046875,50730261335.0
2023-03-18 00:00:00+00:00,,,,,,26965.87890625,26965.87890625,27725.953125,26636.26171875,27448.1171875,35723036817.0
2023-03-19 00:00:00+00:00,,,,,,28038.67578125,28038.67578125,28440.560546875,26907.716796875,26969.50390625,37769448859.0
2023-03-20 00:00:00+00:00,,,,,,27767.236328125,27767.236328125,28527.724609375,27242.880859375,28041.6015625,44774027664.0
2023-03-21 00:00:00+00:00,,,,,,28175.81640625,28175.81640625,28439.5625,27439.646484375,27768.392578125,36102192830.0
2023-03-22 00:00:00+00:00,,,,,,27307.4375,27307.4375,28803.3359375,26759.99609375,28158.720703125,33382021890.0
2023-03-23 00:00:00+00:00,,,,,,28333.97265625,28333.97265625,28729.84375,27183.36328125,27301.95703125,24220433689.0
2023-03-24 00:00:00+00:00,,,,,,27493.28515625,27493.28515625,28388.4375,27039.265625,28324.111328125,25980310960.0
2023-03-25 00:00:00+00:00,,,,,,27494.70703125,27494.70703125,27791.826171875,27196.234375,27487.337890625,13383005987.0
2023-03-26 00:00:00+00:00,,,,,,27994.330078125,27994.330078125,28178.14453125,27445.046875,27495.5234375,13878363192.0
2023-03-27 00:00:00+00:00,,,,,,27139.888671875,27139.888671875,28037.92578125,26606.689453125,27994.068359375,18188895178.0
2023-03-28 00:00:00+00:00,,,,,,27268.130859375,27268.130859375,27460.71875,26677.818359375,27132.888671875,17783600385.0
2023-03-29 00:00:00+00:00,,,,,,28348.44140625,28348.44140625,28619.54296875,27259.662109375,27267.03125,20684945906.0
2023-03-30 00:00:00+00:00,,,,,,28033.5625,28033.5625,29159.90234375,27720.16015625,28350.140625,22435349951.0
2023-03-31 00:00:00+00:00,,,,,,28478.484375,28478.484375,28639.896484375,27583.71484375,28032.26171875,19001327598.0
2023-04-01 00:00:00+00:00,,,,,,28411.03515625,28411.03515625,28802.45703125,28297.171875,28473.33203125,10876469901.0
2023-04-02 00:00:00+00:00,,,,,,28199.30859375,28199.30859375,28518.958984375,27884.087890625,28462.845703125,12284641999.0
2023-04-03 00:00:00+00:00,,,,,,27790.220703125,27790.220703125,28475.623046875,27276.720703125,28183.080078125,19556501327.0
2023-04-04 00:00:00+00:00,,,,,,28168.08984375,28168.08984375,28433.7421875,27681.3046875,27795.2734375,15284538859.0
2023-04-05 00:00:00+00:00,,,,,,28177.984375,28177.984375,28739.23828125,27843.763671875,28169.7265625,17052315986.0
2023-04-06 00:00:00+00:00,,,,,,28044.140625,28044.140625,28178.384765625,27738.759765625,28175.2265625,13837809380.0
2023-04-07 00:00:00+00:00,,,,,,27925.859375,27925.859375,28111.59375,27794.03125,28038.966796875,10861680497.0
2023-04-08 00:00:00+00:00,,,,,,27947.794921875,27947.794921875,28159.86328125,27883.38671875,27920.513671875,9373255556.0
2023-04-09 00:00:00+00:00,,,,,,28333.05078125,28333.05078125,28532.830078125,27828.48046875,27952.3671875,12175322951.0
2023-04-10 00:00:00+00:00,,,,,,29652.98046875,29652.98046875,29771.46484375,28189.271484375,28336.02734375,19282400094.0
2023-04-11 00:00:00+00:00,,,,,,30235.05859375,30235.05859375,30509.083984375,29609.30078125,29653.6796875,20121259843.0
2023-04-12 00:00:00+00:00,,,,,,30139.052734375,30139.052734375,30462.48046875,29725.57421875,30231.58203125,18651929926.0
2023-04-13 00:00:00+00:00,,,,,,30399.06640625,30399.06640625,30539.845703125,29878.623046875,29892.740234375,17487721001.0
2023-04-14 00:00:00+00:00,,,,,,30485.69921875,30485.69921875,31005.607421875,30044.498046875,30409.5625,22659995079.0
2023-04-15 00:00:00+00:00,,,,,,30318.49609375,30318.49609375,30601.740234375,30245.8828125,30490.75,11940685378.0
2023-04-16 00:00:00+00:00,,,,,,30315.35546875,30315.35546875,30555.537109375,30157.83203125,30315.9765625,12854816417.0
2023-04-17 00:00:00+00:00,,,,,,29445.044921875,29445.044921875,30319.197265625,29275.37109375,30317.146484375,17872186762.0
2023-04-18 00:00:00+00:00,,,,,,30397.552734375,30397.552734375,30470.302734375,29154.849609375,29449.091796875,19480529496.0
2023-04-19 00:00:00+00:00,,,,,,28822.6796875,28822.6796875,30411.0546875,28669.8984375,30394.1875,24571565421.0
2023-04-20 00:00:00+00:00,,,,,,28245.98828125,28245.98828125,29076.400390625,28037.2578125,28823.68359375,21340360360.0
2023-04-21 00:00:00+00:00,,,,,,27276.91015625,27276.91015625,28349.96875,27177.365234375,28249.23046875,20759504330.0
2023-04-22 00:00:00+00:00,,,,,,27817.5,27817.5,27872.142578125,27169.5703125,27265.89453125,13125734602.0
2023-04-23 00:00:00+00:00,,,,,,27591.384765625,27591.384765625,27820.244140625,27400.314453125,27816.14453125,12785446832.0
2023-04-24 00:00:00+00:00,,,,,,27525.33984375,27525.33984375,27979.982421875,27070.849609375,27591.73046875,17703288330.0
2023-04-25 00:00:00+00:00,,,,,,28307.59765625,28307.59765625,28371.078125,27207.931640625,27514.873046875,17733373139.0
2023-04-26 00:00:00+00:00,,,,,,28422.701171875,28422.701171875,29995.837890625,27324.548828125,28300.05859375,31854242019.0
2023-04-27 00:00:00+00:00,,,,,,29473.787109375,29473.787109375,29871.546875,28402.88671875,28428.46484375,27153445027.0
2023-04-28 00:00:00+00:00,,,,,,29340.26171875,29340.26171875,29572.791015625,28929.609375,29481.013671875,17544464887.0
2023-04-29 00:00:00+00:00,,,,,,29248.48828125,29248.48828125,29452.455078125,29088.04296875,29336.56640625,10662634333.0
2023-04-30 00:00:00+00:00,,,,,,29268.806640625,29268.806640625,29952.029296875,29114.021484375,29245.515625,14652199272.0
2023-05-01 00:00:00+00:00,,,,,,28091.568359375,28091.568359375,29329.935546875,27680.79296875,29227.103515625,18655599976.0
2023-05-02 00:00:00+00:00,,,,,,28680.537109375,28680.537109375,28881.298828125,27924.123046875,28087.17578125,16432924527.0
2023-05-03 00:00:00+00:00,,,,,,29006.30859375,29006.30859375,29259.533203125,28178.388671875,28680.494140625,19122972518.0
2023-05-04 00:00:00+00:00,,,,,,28847.7109375,28847.7109375,29353.185546875,28694.0390625,29031.3046875,15548678514.0
2023-05-05 00:00:00+00:00,,,,,,29534.384765625,29534.384765625,29668.908203125,28845.509765625,28851.48046875,17936566518.0
2023-05-06 00:00:00+00:00,,,,,,28904.623046875,28904.623046875,29820.126953125,28468.966796875,29538.859375,15913866714.0
2023-05-07 00:00:00+00:00,,,,,,28454.978515625,28454.978515625,29157.517578125,28441.3671875,28901.623046875,11301355486.0
2023-05-08 00:00:00+00:00,,,,,,27694.2734375,27694.2734375,28663.271484375,27310.134765625,28450.45703125,19122903752.0
2023-05-09 00:00:00+00:00,,,,,,27658.775390625,27658.775390625,27821.400390625,27375.6015625,27695.068359375,14128593256.0
2023-05-10 00:00:00+00:00,,,,,,27621.755859375,27621.755859375,28322.6875,26883.669921875,27654.63671875,20656025026.0
2023-05-11 00:00:00+00:00,,,,,,27000.7890625,27000.7890625,27621.94140625,26781.826171875,27621.0859375,16724343943.0
2023-05-12 00:00:00+00:00,,,,,,26804.990234375,26804.990234375,27055.646484375,25878.4296875,26987.662109375,19313599897.0
2023-05-13 00:00:00+00:00,,,,,,26784.078125,26784.078125,27030.482421875,26710.873046875,26807.76953125,9999171605.0
2023-05-14 00:00:00+00:00,,,,,,26930.638671875,26930.638671875,27150.9765625,26661.35546875,26788.974609375,10014858959.0
2023-05-15 00:00:00+00:00,,,,,,27192.693359375,27192.693359375,27646.34765625,26766.09765625,26931.384765625,14413231792.0
2023-05-16 00:00:00+00:00,,,,,,27036.650390625,27036.650390625,27299.3046875,26878.947265625,27171.513671875,12732238816.0
2023-05-17 00:00:00+00:00,,,,,,27398.802734375,27398.802734375,27465.927734375,26600.14453125,27035.470703125,15140006925.0
2023-05-18 00:00:00+00:00,,,,,,26832.208984375,26832.208984375,27466.52734375,26415.1015625,27401.650390625,15222938600.0
2023-05-19 00:00:00+00:00,,,,,,26890.12890625,26890.12890625,27128.619140625,26700.2109375,26826.75390625,11258983301.0
2023-05-20 00:00:00+00:00,,,,,,27129.5859375,27129.5859375,27155.158203125,26843.27734375,26888.841796875,7044911360.0
2023-05-21 00:00:00+00:00,,,,,,26753.826171875,26753.826171875,27265.91796875,26706.921875,27118.423828125,8647416921.0
2023-05-22 00:00:00+00:00,,,,,,26851.27734375,26851.27734375,27045.734375,26549.734375,26749.892578125,11056770492.0
2023-05-23 00:00:00+00:00,,,,,,27225.7265625,27225.7265625,27434.68359375,26816.1796875,26855.9609375,13697203143.0
2023-05-24 00:00:00+00:00,,,,,,26334.818359375,26334.818359375,27224.603515625,26106.576171875,27224.603515625,16299104428.0
2023-05-25 00:00:00+00:00,,,,,,26476.20703125,26476.20703125,26591.51953125,25890.59375,26329.4609375,13851122697.0
2023-05-26 00:00:00+00:00,,,,,,26719.291015625,26719.291015625,26916.669921875,26343.94921875,26474.181640625,12711619225.0
2023-05-27 00:00:00+00:00,,,,,,26868.353515625,26868.353515625,26888.8828125,26621.140625,26720.181640625,7892015141.0
2023-05-28 00:00:00+00:00,,,,,,28085.646484375,28085.646484375,28193.44921875,26802.751953125,26871.158203125,14545229578.0
2023-05-29 00:00:00+00:00,,,,,,27745.884765625,27745.884765625,28432.0390625,27563.876953125,28075.591796875,15181308984.0
2023-05-30 00:00:00+00:00,,,,,,27702.349609375,27702.349609375,28044.759765625,27588.501953125,27745.123046875,13251081851.0
2023-05-31 00:00:00+00:00,,,,,,27219.658203125,27219.658203125,27831.677734375,26866.453125,27700.529296875,15656371534.0
2023-06-01 00:00:00+00:00,,,,,,26819.97265625,26819.97265625,27346.10546875,26671.720703125,27218.412109375,14678970415.0
2023-06-02 00:00:00+00:00,,,,,,27249.58984375,27249.58984375,27303.861328125,26574.64453125,26824.556640625,14837415000.0
2023-06-03 00:00:00+00:00,,,,,,27075.12890625,27075.12890625,27317.052734375,26958.00390625,27252.32421875,8385597470.0
2023-06-04 00:00:00+00:00,,,,,,27119.06640625,27119.06640625,27407.01953125,26968.224609375,27075.123046875,9360912318.0
2023-06-05 00:00:00+00:00,,,,,,25760.09765625,25760.09765625,27129.982421875,25445.16796875,27123.109375,21513292646.0
2023-06-06 00:00:00+00:00,,,,,,27238.783203125,27238.783203125,27313.8203125,25434.8671875,25732.109375,21929670693.0
2023-06-07 00:00:00+00:00,,,,,,26345.998046875,26345.998046875,27332.181640625,26146.98828125,27235.650390625,19530045082.0
2023-06-08 00:00:00+00:00,,,,,,26508.216796875,26508.216796875,26797.513671875,26246.6640625,26347.654296875,11904824295.0
2023-06-09 00:00:00+00:00,,,,,,26480.375,26480.375,26770.2890625,26339.314453125,26505.923828125,11015551640.0
2023-06-10 00:00:00+00:00,,,,,,25851.240234375,25851.240234375,26531.044921875,25501.8359375,26481.76171875,19872933189.0
2023-06-11 00:00:00+00:00,,,,,,25940.16796875,25940.16796875,26203.439453125,25668.986328125,25854.03125,10732609603.0
2023-06-12 00:00:00+00:00,,,,,,25902.5,25902.5,26087.919921875,25675.197265625,25934.28515625,11677889997.0
2023-06-13 00:00:00+00:00,,,,,,25918.728515625,25918.728515625,26376.3515625,25728.365234375,25902.94140625,14143474486.0
2023-06-14 00:00:00+00:00,,,,,,25124.67578125,25124.67578125,26041.80078125,24902.15234375,25920.2578125,14265717766.0
2023-06-15 00:00:00+00:00,,,,,,25576.39453125,25576.39453125,25735.30859375,24797.16796875,25121.673828125,15837384409.0
2023-06-16 00:00:00+00:00,,,,,,26327.462890625,26327.462890625,26463.173828125,25245.357421875,25575.283203125,16324646965.0
2023-06-17 00:00:00+00:00,,,,,,26510.67578125,26510.67578125,26769.39453125,26174.4921875,26328.6796875,11090276850.0
2023-06-18 00:00:00+00:00,,,,,,26336.212890625,26336.212890625,26675.92578125,26325.890625,26510.45703125,9565695129.0
2023-06-19 00:00:00+00:00,,,,,,26851.029296875,26851.029296875,26984.611328125,26312.83203125,26335.44140625,12826986222.0
2023-06-20 00:00:00+00:00,,,,,,28327.48828125,28327.48828125,28388.96875,26668.791015625,26841.6640625,22211859147.0
2023-06-21 00:00:00+00:00,,,,,,30027.296875,30027.296875,30737.330078125,28283.41015625,28311.310546875,33346760979.0
2023-06-22 00:00:00+00:00,,,,,,29912.28125,29912.28125,30495.998046875,29679.158203125,29995.935546875,20653160491.0
2023-06-23 00:00:00+00:00,,,,,,30695.46875,30695.46875,31389.5390625,29845.21484375,29896.3828125,24115570085.0
2023-06-24 00:00:00+00:00,,,,,,30548.6953125,30548.6953125,30804.1484375,30290.146484375,30708.73828125,12147822496.0
2023-06-25 00:00:00+00:00,,,,,,30480.26171875,30480.26171875,31041.271484375,30327.943359375,30545.150390625,12703464114.0
2023-06-26 00:00:00+00:00,,,,,,30271.130859375,30271.130859375,30636.029296875,29955.744140625,30480.5234375,16493186997.0
2023-06-27 00:00:00+00:00,,,,,,30688.1640625,30688.1640625,31006.787109375,30236.650390625,30274.3203125,16428827944.0
2023-06-28 00:00:00+00:00,,,,,,30086.24609375,30086.24609375,30703.279296875,29921.822265625,30696.560546875,14571500779.0
2023-06-29 00:00:00+00:00,,,,,,30445.3515625,30445.3515625,30796.25,30057.203125,30086.1875,13180860821.0
2023-06-30 00:00:00+00:00,,,,,,30477.251953125,30477.251953125,31256.86328125,29600.275390625,30441.353515625,26387306197.0
2023-07-01 00:00:00+00:00,,,,,,30590.078125,30590.078125,30641.2890625,30328.865234375,30471.84765625,9086606733.0
2023-07-02 00:00:00+00:00,,,,,,30620.76953125,30620.76953125,30766.140625,30264.01953125,30587.26953125,10533418042.0
2023-07-03 00:00:00+00:00,,,,,,31156.439453125,31156.439453125,31375.61328125,30586.513671875,30624.515625,15271884873.0
2023-07-04 00:00:00+00:00,,,,,,30777.58203125,30777.58203125,31325.197265625,30659.35546875,31156.865234375,12810828427.0
2023-07-05 00:00:00+00:00,,,,,,30514.166015625,30514.166015625,30877.330078125,30225.61328125,30778.724609375,12481622280.0
2023-07-06 00:00:00+00:00,,,,,,29909.337890625,29909.337890625,31460.052734375,29892.2265625,30507.150390625,21129219509.0
2023-07-07 00:00:00+00:00,,,,,,30342.265625,30342.265625,30434.64453125,29777.28515625,29907.998046875,13384770155.0
2023-07-08 00:00:00+00:00,,,,,,30292.541015625,30292.541015625,30374.4375,30080.16015625,30346.921875,7509378699.0
2023-07-09 00:00:00+00:00,,,,,,30171.234375,30171.234375,30427.58984375,30085.591796875,30291.611328125,7903327692.0
2023-07-10 00:00:00+00:00,,,,,,30414.470703125,30414.470703125,31026.083984375,29985.39453125,30172.423828125,14828209155.0
2023-07-11 00:00:00+00:00,,,,,,30620.951171875,30620.951171875,30788.314453125,30358.09765625,30417.6328125,12151839152.0
2023-07-12 00:00:00+00:00,,,,,,30391.646484375,30391.646484375,30959.96484375,30228.8359375,30622.24609375,14805659717.0
2023-07-13 00:00:00+00:00,,,,,,31476.048828125,31476.048828125,31814.515625,30268.3515625,30387.48828125,23686079548.0
2023-07-14 00:00:00+00:00,,,,,,30334.068359375,30334.068359375,31582.25390625,29966.38671875,31474.720703125,20917902660.0
2023-07-15 00:00:00+00:00,,,,,,30295.806640625,30295.806640625,30407.78125,30263.462890625,30331.783203125,8011667756.0
2023-07-16 00:00:00+00:00,,,,,,30249.1328125,30249.1328125,30437.560546875,30089.669921875,30297.47265625,8516564470.0
2023-07-17 00:00:00+00:00,,,,,,30145.888671875,30145.888671875,30336.400390625,29685.783203125,30249.626953125,13240156074.0
2023-07-18 00:00:00+00:00,,,,,,29856.5625,29856.5625,30233.65625,29556.427734375,30147.0703125,13138897269.0
2023-07-19 00:00:00+00:00,,,,,,29913.923828125,29913.923828125,30184.181640625,29794.26953125,29862.046875,12128602812.0
2023-07-20 00:00:00+00:00,,,,,,29792.015625,29792.015625,30195.53125,29638.095703125,29915.25,14655207121.0
2023-07-21 00:00:00+00:00,,,,,,29908.744140625,29908.744140625,30045.998046875,29733.8515625,29805.111328125,10972789818.0
2023-07-22 00:00:00+00:00,,,,,,29771.802734375,29771.802734375,29991.615234375,29664.12109375,29908.697265625,7873300598.0
2023-07-23 00:00:00+00:00,,,,,,30084.5390625,30084.5390625,30330.640625,29741.52734375,29790.111328125,9220145050.0
2023-07-24 00:00:00+00:00,,,,,,29176.916015625,29176.916015625,30093.39453125,28934.294921875,30081.662109375,15395817395.0
2023-07-25 00:00:00+00:00,,,,,,29227.390625,29227.390625,29353.16015625,29062.43359375,29178.970703125,10266772793.0
2023-07-26 00:00:00+00:00,,,,,,29354.97265625,29354.97265625,29675.552734375,29113.912109375,29225.759765625,13497554655.0
2023-07-27 00:00:00+00:00,,,,,,29210.689453125,29210.689453125,29560.966796875,29099.3515625,29353.798828125,10770779217.0
2023-07-28 00:00:00+00:00,,,,,,29319.24609375,29319.24609375,29521.513671875,29125.845703125,29212.1640625,11218474952.0
2023-07-29 00:00:00+00:00,,,,,,29356.91796875,29356.91796875,29396.84375,29264.166015625,29319.4453125,6481775959.0
2023-07-30 00:00:00+00:00,,,,,,29275.30859375,29275.30859375,29443.169921875,29059.501953125,29357.09375,8678454527.0
2023-07-31 00:00:00+00:00,,,,,,29230.111328125,29230.111328125,29489.873046875,29131.578125,29278.314453125,11656781982.0
2023-08-01 00:00:00+00:00,,,,,,29675.732421875,29675.732421875,29675.732421875,28657.0234375,29230.873046875,18272392391.0
2023-08-02 00:00:00+00:00,,,,,,29151.958984375,29151.958984375,29987.998046875,28946.509765625,29704.146484375,19212655598.0
2023-08-03 00:00:00+00:00,,,,,,29178.6796875,29178.6796875,29375.70703125,28959.48828125,29161.8125,12780357746.0
2023-08-04 00:00:00+00:00,,,,,,29074.091796875,29074.091796875,29302.078125,28885.3359375,29174.3828125,12036639988.0
2023-08-05 00:00:00+00:00,,,,,,29042.126953125,29042.126953125,29102.46484375,28957.796875,29075.388671875,6598366353.0
2023-08-06 00:00:00+00:00,,,,,,29041.85546875,29041.85546875,29160.822265625,28963.833984375,29043.701171875,7269806994.0
2023-08-07 00:00:00+00:00,,,,,,29180.578125,29180.578125,29244.28125,28724.140625,29038.513671875,13618163710.0
2023-08-08 00:00:00+00:00,,,,,,29765.4921875,29765.4921875,30176.796875,29113.814453125,29180.01953125,17570561357.0
2023-08-09 00:00:00+00:00,,,,,,29561.494140625,29561.494140625,30093.435546875,29376.80078125,29766.6953125,18379521213.0
2023-08-10 00:00:00+00:00,,,,,,29429.591796875,29429.591796875,29688.564453125,29354.447265625,29563.97265625,11865344789.0
2023-08-11 00:00:00+00:00,,,,,,29397.71484375,29397.71484375,29517.7734375,29253.517578125,29424.90234375,10195168197.0
2023-08-12 00:00:00+00:00,,,,,,29415.96484375,29415.96484375,29465.11328125,29357.587890625,29399.787109375,6194358008.0
2023-08-13 00:00:00+00:00,,,,,,29282.9140625,29282.9140625,29441.43359375,29265.806640625,29416.59375,7329897180.0
2023-08-14 00:00:00+00:00,,,,,,29408.443359375,29408.443359375,29660.25390625,29124.10546875,29283.263671875,14013695304.0
2023-08-15 00:00:00+00:00,,,,,,29170.34765625,29170.34765625,29439.12109375,29088.853515625,29408.048828125,12640195779.0
2023-08-16 00:00:00+00:00,,,,,,28701.779296875,28701.779296875,29221.9765625,28701.779296875,29169.07421875,14949271904.0
2023-08-17 00:00:00+00:00,,,,,,26664.55078125,26664.55078125,28745.947265625,25409.111328125,28699.802734375,31120851211.0
2023-08-18 00:00:00+00:00,,,,,,26049.556640625,26049.556640625,26808.1953125,25668.921875,26636.078125,24026236529.0
2023-08-19 00:00:00+00:00,,,,,,26096.205078125,26096.205078125,26249.44921875,25802.408203125,26047.83203125,10631443812.0
2023-08-20 00:00:00+00:00,,,,,,26189.583984375,26189.583984375,26260.681640625,26004.314453125,26096.861328125,9036580420.0
2023-08-21 00:00:00+00:00,,,,,,26124.140625,26124.140625,26220.201171875,25846.087890625,26188.69140625,13371557893.0
2023-08-22 00:00:00+00:00,,,,,,26031.65625,26031.65625,26135.5078125,25520.728515625,26130.748046875,14503820706.0
2023-08-23 00:00:00+00:00,,,,,,26431.640625,26431.640625,26786.8984375,25804.998046875,26040.474609375,16985265785.0
2023-08-24 00:00:00+00:00,,,,,,26162.373046875,26162.373046875,26554.91015625,25914.92578125,26431.51953125,12871532023.0
2023-08-25 00:00:00+00:00,,,,,,26047.66796875,26047.66796875,26248.103515625,25786.8125,26163.6796875,12406045118.0
2023-08-26 00:00:00+00:00,,,,,,26008.462890625,26008.462890625,26107.384765625,25983.87890625,26047.234375,6034817316.0
2023-08-27 00:00:00+00:00,,,,,,26089.693359375,26089.693359375,26165.373046875,25965.09765625,26008.2421875,6913768611.0
2023-08-28 00:00:00+00:00,,,,,,26106.150390625,26106.150390625,26198.578125,25880.599609375,26089.615234375,11002805166.0
2023-08-29 00:00:00+00:00,,,,,,27727.392578125,27727.392578125,28089.337890625,25912.62890625,26102.486328125,29368391712.0
2023-08-30 00:00:00+00:00,,,,,,27297.265625,27297.265625,27760.16015625,27069.20703125,27726.083984375,16343655235.0
2023-08-31 00:00:00+00:00,,,,,,25931.47265625,25931.47265625,27456.078125,25752.9296875,27301.9296875,20181001451.0
2023-09-01 00:00:00+00:00,,,,,,25800.724609375,25800.724609375,26125.869140625,25362.609375,25934.021484375,17202862221.0
2023-09-02 00:00:00+00:00,,,,,,25868.798828125,25868.798828125,25970.28515625,25753.09375,25800.91015625,10100387473.0
2023-09-03 00:00:00+00:00,,,,,,25969.56640625,25969.56640625,26087.1484375,25817.03125,25869.47265625,8962524523.0
2023-09-04 00:00:00+00:00,,,,,,25812.416015625,25812.416015625,26081.525390625,25657.025390625,25968.169921875,10680635106.0
2023-09-05 00:00:00+00:00,,,,,,25779.982421875,25779.982421875,25858.375,25589.98828125,25814.95703125,11094740040.0
2023-09-06 00:00:00+00:00,,,,,,25753.236328125,25753.236328125,25953.015625,25404.359375,25783.931640625,12752705327.0
2023-09-07 00:00:00+00:00,,,,,,26240.1953125,26240.1953125,26409.302734375,25608.201171875,25748.3125,11088307100.0
2023-09-08 00:00:00+00:00,,,,,,25905.654296875,25905.654296875,26414.005859375,25677.48046875,26245.208984375,10817356400.0
2023-09-09 00:00:00+00:00,,,,,,25895.677734375,25895.677734375,25921.9765625,25810.494140625,25905.42578125,5481314132.0
2023-09-10 00:00:00+00:00,,,,,,25832.2265625,25832.2265625,25978.130859375,25640.26171875,25895.2109375,7899553047.0
2023-09-11 00:00:00+00:00,,,,,,25162.654296875,25162.654296875,25883.947265625,24930.296875,25831.71484375,14600006467.0
2023-09-12 00:00:00+00:00,,,,,,25833.34375,25833.34375,26451.939453125,25133.078125,25160.658203125,18657279324.0
2023-09-13 00:00:00+00:00,,,,,,26228.32421875,26228.32421875,26376.11328125,25781.123046875,25837.5546875,13072077070.0
2023-09-14 00:00:00+00:00,,,,,,26539.673828125,26539.673828125,26774.623046875,26171.451171875,26228.27734375,13811359124.0
2023-09-15 00:00:00+00:00,,,,,,26608.693359375,26608.693359375,26840.498046875,26240.701171875,26533.818359375,11479735788.0
2023-09-16 00:00:00+00:00,,,,,,26568.28125,26568.28125,26754.76953125,26473.890625,26606.19921875,7402031417.0
2023-09-17 00:00:00+00:00,,,,,,26534.1875,26534.1875,26617.998046875,26445.07421875,26567.927734375,6774210670.0
2023-09-18 00:00:00+00:00,,,,,,26754.28125,26754.28125,27414.734375,26415.515625,26532.994140625,15615339655.0
2023-09-19 00:00:00+00:00,,,,,,27211.1171875,27211.1171875,27488.763671875,26681.60546875,26760.8515625,13807690550.0
2023-09-20 00:00:00+00:00,,,,,,27132.0078125,27132.0078125,27379.505859375,26864.08203125,27210.228515625,13281116604.0
2023-09-21 00:00:00+00:00,,,,,,26567.6328125,26567.6328125,27152.939453125,26389.30078125,27129.83984375,13371443708.0
2023-09-22 00:00:00+00:00,,,,,,26579.568359375,26579.568359375,26726.078125,26495.533203125,26564.056640625,10578746709.0
2023-09-23 00:00:00+00:00,,,,,,26579.390625,26579.390625,26634.185546875,26520.51953125,26578.556640625,7404700301.0
2023-09-24 00:00:00+00:00,,,,,,26256.826171875,26256.826171875,26716.05859375,26221.05078125,26579.373046875,8192867686.0
2023-09-25 00:00:00+00:00,,,,,,26298.48046875,26298.48046875,26421.5078125,26011.46875,26253.775390625,11997833257.0
2023-09-26 00:00:00+00:00,,,,,,26217.25,26217.25,26389.884765625,26090.712890625,26294.7578125,9985498161.0
2023-09-27 00:00:00+00:00,,,,,,26352.716796875,26352.716796875,26817.841796875,26111.46484375,26209.498046875,11718380997.0
2023-09-28 00:00:00+00:00,,,,,,27021.546875,27021.546875,27259.5,26327.322265625,26355.8125,14079002707.0
2023-09-29 00:00:00+00:00,,,,,,26911.720703125,26911.720703125,27225.9375,26721.763671875,27024.841796875,10396435377.0
2023-09-30 00:00:00+00:00,,,,,,26967.916015625,26967.916015625,27091.794921875,26888.96875,26911.689453125,5331172801.0
2023-10-01 00:00:00+00:00,,,,,,27983.75,27983.75,28047.23828125,26965.09375,26967.396484375,9503917434.0
2023-10-02 00:00:00+00:00,,,,,,27530.78515625,27530.78515625,28494.458984375,27347.787109375,27976.798828125,19793041322.0
2023-10-03 00:00:00+00:00,,,,,,27429.978515625,27429.978515625,27667.19140625,27216.001953125,27508.251953125,11407814187.0
2023-10-04 00:00:00+00:00,,,,,,27799.39453125,27799.39453125,27826.658203125,27248.10546875,27429.07421875,11143355314.0
2023-10-05 00:00:00+00:00,,,,,,27415.912109375,27415.912109375,28091.861328125,27375.6015625,27798.646484375,11877253670.0
2023-10-06 00:00:00+00:00,,,,,,27946.59765625,27946.59765625,28252.537109375,27215.552734375,27412.123046875,13492391599.0
2023-10-07 00:00:00+00:00,,,,,,27968.83984375,27968.83984375,28028.091796875,27870.423828125,27946.78125,6553044316.0
2023-10-08 00:00:00+00:00,,,,,,27935.08984375,27935.08984375,28102.169921875,27740.662109375,27971.677734375,7916875290.0
2023-10-09 00:00:00+00:00,,,,,,27583.677734375,27583.677734375,27989.470703125,27302.5625,27934.47265625,12007668568.0
2023-10-10 00:00:00+00:00,,,,,,27391.01953125,27391.01953125,27715.84765625,27301.654296875,27589.201171875,9973350678.0
2023-10-11 00:00:00+00:00,,,,,,26873.3203125,26873.3203125,27474.115234375,26561.099609375,27392.076171875,13648094333.0
2023-10-12 00:00:00+00:00,,,,,,26756.798828125,26756.798828125,26921.439453125,26558.3203125,26873.29296875,9392909295.0
2023-10-13 00:00:00+00:00,,,,,,26862.375,26862.375,27092.697265625,26686.322265625,26752.87890625,15165312851.0
2023-10-14 00:00:00+00:00,,,,,,26861.70703125,26861.70703125,26969.0,26814.5859375,26866.203125,5388116782.0
2023-10-15 00:00:00+00:00,,,,,,27159.65234375,27159.65234375,27289.169921875,26817.89453125,26858.01171875,7098201980.0
2023-10-16 00:00:00+00:00,,,,,,28519.466796875,28519.466796875,29448.138671875,27130.47265625,27162.62890625,27833876539.0
2023-10-17 00:00:00+00:00,,,,,,28415.748046875,28415.748046875,28618.751953125,28110.185546875,28522.09765625,14872527508.0
2023-10-18 00:00:00+00:00,,,,,,28328.341796875,28328.341796875,28889.009765625,28174.251953125,28413.53125,12724128586.0
2023-10-19 00:00:00+00:00,,,,,,28719.806640625,28719.806640625,28892.474609375,28177.98828125,28332.416015625,14448058195.0
2023-10-20 00:00:00+00:00,,,,,,29682.94921875,29682.94921875,30104.0859375,28601.669921875,28732.8125,21536125230.0
2023-10-21 00:00:00+00:00,,,,,,29918.412109375,29918.412109375,30287.482421875,29481.751953125,29683.380859375,11541146996.0
2023-10-22 00:00:00+00:00,,,,,,29993.896484375,29993.896484375,30199.43359375,29720.3125,29918.654296875,10446520040.0
2023-10-23 00:00:00+00:00,,,,,,33086.234375,33086.234375,34370.4375,30097.828125,30140.685546875,38363572311.0
2023-10-24 00:00:00+00:00,,,,,,33901.52734375,33901.52734375,35150.43359375,32880.76171875,33077.3046875,44934999645.0
2023-10-25 00:00:00+00:00,,,,,,34502.8203125,34502.8203125,35133.7578125,33709.109375,33916.04296875,25254318008.0
2023-10-26 00:00:00+00:00,,,,,,34156.6484375,34156.6484375,34832.91015625,33762.32421875,34504.2890625,19427195376.0
2023-10-27 00:00:00+00:00,,,,,,33909.80078125,33909.80078125,34238.2109375,33416.88671875,34156.5,16418032871.0
2023-10-28 00:00:00+00:00,,,,,,34089.57421875,34089.57421875,34399.390625,33874.8046875,33907.72265625,10160330825.0
2023-10-29 00:00:00+00:00,,,,,,34538.48046875,34538.48046875,34743.26171875,33947.56640625,34089.37109375,11160323986.0
2023-10-30 00:00:00+00:00,,,,,,34502.36328125,34502.36328125,34843.93359375,34110.97265625,34531.7421875,17184860315.0
2023-10-31 00:00:00+00:00,,,,,,34667.78125,34667.78125,34719.25390625,34083.30859375,34500.078125,15758270810.0
2023-11-01 00:00:00+00:00,,,,,,35437.25390625,35437.25390625,35527.9296875,34170.69140625,34657.2734375,22446272005.0
2023-11-02 00:00:00+00:00,,,,,,34938.2421875,34938.2421875,35919.84375,34401.57421875,35441.578125,20998158544.0
2023-11-03 00:00:00+00:00,,,,,,34732.32421875,34732.32421875,34942.47265625,34133.44140625,34942.47265625,17158456701.0
2023-11-04 00:00:00+00:00,,,,,,35082.1953125,35082.1953125,35256.03125,34616.69140625,34736.32421875,9561294264.0
2023-11-05 00:00:00+00:00,,,,,,35049.35546875,35049.35546875,35340.33984375,34594.2421875,35090.01171875,12412743996.0
2023-11-06 00:00:00+00:00,,,,,,35037.37109375,35037.37109375,35286.02734375,34765.36328125,35044.7890625,12693436420.0
2023-11-07 00:00:00+00:00,,,,,,35443.5625,35443.5625,35892.41796875,34545.81640625,35047.79296875,18834737789.0
2023-11-08 00:00:00+00:00,,,,,,35655.27734375,35655.27734375,35994.41796875,35147.80078125,35419.4765625,17295394918.0
2023-11-09 00:00:00+00:00,,,,,,36693.125,36693.125,37926.2578125,35592.1015625,35633.6328125,37762672382.0
2023-11-10 00:00:00+00:00,,,,,,37313.96875,37313.96875,37493.80078125,36362.75390625,36702.25,22711265155.0
2023-11-11 00:00:00+00:00,,,,,,37138.05078125,37138.05078125,37407.09375,36773.66796875,37310.0703125,13924272142.0
2023-11-12 00:00:00+00:00,,,,,,37054.51953125,37054.51953125,37227.69140625,36779.1171875,37133.9921875,11545715999.0
2023-11-13 00:00:00+00:00,,,,,,36502.35546875,36502.35546875,37405.1171875,36399.60546875,37070.3046875,19057712790.0
2023-11-14 00:00:00+00:00,,,,,,35537.640625,35537.640625,36753.3515625,34948.5,36491.7890625,23857403554.0
2023-11-15 00:00:00+00:00,,,,,,37880.58203125,37880.58203125,37964.89453125,35383.78125,35548.11328125,27365821679.0
2023-11-16 00:00:00+00:00,,,,,,36154.76953125,36154.76953125,37934.625,35545.47265625,37879.98046875,26007385366.0
2023-11-17 00:00:00+00:00,,,,,,36596.68359375,36596.68359375,36704.484375,35901.234375,36164.82421875,22445028430.0
2023-11-18 00:00:00+00:00,,,,,,36585.703125,36585.703125,36839.28125,36233.3125,36625.37109375,11886022717.0
2023-11-19 00:00:00+00:00,,,,,,37386.546875,37386.546875,37509.35546875,36414.59765625,36585.765625,12915986553.0
2023-11-20 00:00:00+00:00,,,,,,37476.95703125,37476.95703125,37756.8203125,36882.53125,37374.07421875,20888209068.0
2023-11-21 00:00:00+00:00,,,,,,35813.8125,35813.8125,37631.140625,35813.8125,37469.16015625,25172163756.0
2023-11-22 00:00:00+00:00,,,,,,37432.33984375,37432.33984375,37856.98046875,35670.97265625,35756.5546875,24397247860.0
2023-11-23 00:00:00+00:00,,,,,,37289.62109375,37289.62109375,37643.91796875,36923.86328125,37420.43359375,14214948217.0
2023-11-24 00:00:00+00:00,,,,,,37720.28125,37720.28125,38415.33984375,37261.60546875,37296.31640625,22922957823.0
2023-11-25 00:00:00+00:00,,,,,,37796.79296875,37796.79296875,37892.4296875,37617.41796875,37721.4140625,9099571165.0
2023-11-26 00:00:00+00:00,,,,,,37479.12109375,37479.12109375,37820.30078125,37162.75,37796.828125,13744796068.0
2023-11-27 00:00:00+00:00,,,,,,37254.16796875,37254.16796875,37559.35546875,36750.12890625,37454.19140625,19002925720.0
2023-11-28 00:00:00+00:00,,,,,,37831.0859375,37831.0859375,38368.48046875,36891.08984375,37247.9921875,21696137014.0
2023-11-29 00:00:00+00:00,,,,,,37858.4921875,37858.4921875,38366.11328125,37612.6328125,37826.10546875,20728546658.0
2023-11-30 00:00:00+00:00,,,,,,37712.74609375,37712.74609375,38141.75390625,37531.140625,37861.1171875,18115982627.0
2023-12-01 00:00:00+00:00,,,,,,38688.75,38688.75,38954.109375,37629.359375,37718.0078125,23512784002.0
2023-12-02 00:00:00+00:00,,,,,,39476.33203125,39476.33203125,39678.9375,38652.59375,38689.27734375,15534035612.0
2023-12-03 00:00:00+00:00,,,,,,39978.390625,39978.390625,40135.60546875,39298.1640625,39472.20703125,15769696322.0
2023-12-04 00:00:00+00:00,,,,,,41980.09765625,41980.09765625,42371.75,39978.62890625,39978.62890625,39856129827.0
2023-12-05 00:00:00+00:00,,,,,,44080.6484375,44080.6484375,44408.6640625,41421.1484375,41986.265625,36312154535.0
2023-12-06 00:00:00+00:00,,,,,,43746.4453125,43746.4453125,44265.76953125,43478.08203125,44080.0234375,29909761586.0
2023-12-07 00:00:00+00:00,,,,,,43292.6640625,43292.6640625,44042.58984375,42880.6484375,43769.1328125,27635760671.0
2023-12-08 00:00:00+00:00,,,,,,44166.6015625,44166.6015625,44705.515625,43125.296875,43293.13671875,24421116687.0
2023-12-09 00:00:00+00:00,,,,,,43725.984375,43725.984375,44361.2578125,43627.59765625,44180.01953125,17368210171.0
2023-12-10 00:00:00+00:00,,,,,,43779.69921875,43779.69921875,44034.625,43593.28515625,43728.3828125,13000481418.0
2023-12-11 00:00:00+00:00,,,,,,41243.83203125,41243.83203125,43808.375,40234.578125,43792.01953125,40632672038.0
2023-12-12 00:00:00+00:00,,,,,,41450.22265625,41450.22265625,42048.3046875,40667.5625,41238.734375,24779520132.0
2023-12-13 00:00:00+00:00,,,,,,42890.7421875,42890.7421875,43429.78125,40676.8671875,41468.46484375,26797884674.0
2023-12-14 00:00:00+00:00,,,,,,43023.97265625,43023.97265625,43390.859375,41767.08984375,42884.26171875,25578530178.0
2023-12-15 00:00:00+00:00,,,,,,41929.7578125,41929.7578125,43087.82421875,41692.96875,43028.25,19639442462.0
2023-12-16 00:00:00+00:00,,,,,,42240.1171875,42240.1171875,42664.9453125,41723.11328125,41937.7421875,14386729590.0
2023-12-17 00:00:00+00:00,,,,,,41364.6640625,41364.6640625,42359.49609375,41274.54296875,42236.109375,16678702876.0
2023-12-18 00:00:00+00:00,,,,,,42623.5390625,42623.5390625,42720.296875,40530.2578125,41348.203125,25224642008.0
2023-12-19 00:00:00+00:00,,,,,,42270.52734375,42270.52734375,43354.296875,41826.3359375,42641.51171875,23171001281.0
2023-12-20 00:00:00+00:00,,,,,,43652.25,43652.25,44275.5859375,42223.81640625,42261.30078125,27868908174.0
2023-12-21 00:00:00+00:00,,,,,,43869.15234375,43869.15234375,44240.66796875,43330.05078125,43648.125,22452766169.0
2023-12-22 00:00:00+00:00,,,,,,43997.90234375,43997.90234375,44367.95703125,43441.96875,43868.98828125,21028503216.0
2023-12-23 00:00:00+00:00,,,,,,43739.54296875,43739.54296875,44015.69921875,43351.35546875,44012.19921875,13507796558.0
2023-12-24 00:00:00+00:00,,,,,,43016.1171875,43016.1171875,43945.5234375,42786.91796875,43728.3671875,18830554085.0
2023-12-25 00:00:00+00:00,,,,,,43613.140625,43613.140625,43765.09375,42765.76953125,43010.57421875,21115795370.0
2023-12-26 00:00:00+00:00,,,,,,42520.40234375,42520.40234375,43603.17578125,41676.48828125,43599.84765625,30026850982.0
2023-12-27 00:00:00+00:00,,,,,,43442.85546875,43442.85546875,43683.16015625,42167.58203125,42518.46875,25260941032.0
2023-12-28 00:00:00+00:00,,,,,,42627.85546875,42627.85546875,43804.78125,42318.55078125,43468.19921875,22992093014.0
2023-12-29 00:00:00+00:00,,,,,,42099.40234375,42099.40234375,43124.32421875,41424.0625,42614.64453125,26000021055.0
2023-12-30 00:00:00+00:00,,,,,,42156.90234375,42156.90234375,42584.125,41556.2265625,42091.75390625,16013925945.0
2023-12-31 00:00:00+00:00,,,,,,42265.1875,42265.1875,42860.9375,41998.25390625,42152.09765625,16397498810.0
2024-01-01 00:00:00+00:00,,,,,,44167.33203125,44167.33203125,44175.4375,42214.9765625,42280.234375,18426978443.0
2024-01-02 00:00:00+00:00,,,,,,44957.96875,44957.96875,45899.70703125,44176.94921875,44187.140625,39335274536.0
2024-01-03 00:00:00+00:00,,,,,,42848.17578125,42848.17578125,45503.2421875,40813.53515625,44961.6015625,46342323118.0
2024-01-04 00:00:00+00:00,,,,,,44179.921875,44179.921875,44770.0234375,42675.17578125,42855.81640625,30448091210.0
2024-01-05 00:00:00+00:00,,,,,,44162.69140625,44162.69140625,44353.28515625,42784.71875,44192.98046875,32336029347.0
2024-01-06 00:00:00+00:00,,,,,,43989.1953125,43989.1953125,44227.6328125,43475.15625,44178.953125,16092503468.0
2024-01-07 00:00:00+00:00,,,,,,43943.09765625,43943.09765625,44495.5703125,43662.23046875,43998.46484375,19330573863.0
2024-01-08 00:00:00+00:00,,,,,,46970.50390625,46970.50390625,47218.0,43244.08203125,43948.70703125,42746192015.0
2024-01-09 00:00:00+00:00,,,,,,46139.73046875,46139.73046875,47893.69921875,45244.71484375,46987.640625,39821290992.0
2024-01-10 00:00:00+00:00,,,,,,46627.77734375,46627.77734375,47647.22265625,44483.15234375,46121.5390625,50114613298.0
2024-01-11 00:00:00+00:00,,,,,,46368.5859375,46368.5859375,48969.37109375,45678.64453125,46656.07421875,45833734549.0
2024-01-12 00:00:00+00:00,,,,,,42853.16796875,42853.16796875,46498.13671875,41903.76953125,46354.79296875,43332698900.0
2024-01-13 00:00:00+00:00,,,,,,42842.3828125,42842.3828125,43234.66015625,42464.14453125,42799.4453125,20601860469.0
2024-01-14 00:00:00+00:00,,,,,,41796.26953125,41796.26953125,43065.59765625,41724.61328125,42842.26171875,17521429522.0
2024-01-15 00:00:00+00:00,,,,,,42511.96875,42511.96875,43319.72265625,41705.41796875,41715.06640625,22320220558.0
2024-01-16 00:00:00+00:00,,,,,,43154.9453125,43154.9453125,43566.2734375,42085.99609375,42499.3359375,24062872740.0
2024-01-17 00:00:00+00:00,,,,,,42742.65234375,42742.65234375,43189.890625,42189.30859375,43132.1015625,20851232595.0
2024-01-18 00:00:00+00:00,,,,,,41262.05859375,41262.05859375,42876.34765625,40631.171875,42742.3125,25218357242.0
2024-01-19 00:00:00+00:00,,,,,,41618.40625,41618.40625,42134.16015625,40297.45703125,41278.4609375,25752407154.0
2024-01-20 00:00:00+00:00,,,,,,41665.5859375,41665.5859375,41877.89453125,41446.82421875,41624.58984375,11586690904.0
2024-01-21 00:00:00+00:00,,,,,,41545.78515625,41545.78515625,41855.3671875,41497.0078125,41671.48828125,9344043642.0
2024-01-22 00:00:00+00:00,,,,,,39507.3671875,39507.3671875,41651.20703125,39450.1171875,41553.65234375,31338708143.0
2024-01-23 00:00:00+00:00,,,,,,39845.55078125,39845.55078125,40127.3515625,38521.89453125,39518.71484375,29244553045.0
2024-01-24 00:00:00+00:00,,,,,,40077.07421875,40077.07421875,40483.78515625,39508.796875,39877.59375,22359526178.0
2024-01-25 00:00:00+00:00,,,,,,39933.80859375,39933.80859375,40254.48046875,39545.6640625,40075.55078125,18491782013.0
2024-01-26 00:00:00+00:00,,,,,,41816.87109375,41816.87109375,42209.38671875,39825.69140625,39936.81640625,25598119893.0
2024-01-27 00:00:00+00:00,,,,,,42120.0546875,42120.0546875,42195.6328125,41431.28125,41815.625,11422941934.0
2024-01-28 00:00:00+00:00,,,,,,42035.59375,42035.59375,42797.17578125,41696.91015625,42126.125,16858971687.0
2024-01-29 00:00:00+00:00,,,,,,43288.24609375,43288.24609375,43305.8671875,41818.33203125,42030.9140625,20668476578.0
2024-01-30 00:00:00+00:00,,,,,,42952.609375,42952.609375,43838.9453125,42711.37109375,43300.2265625,23842814518.0
2024-01-31 00:00:00+00:00,,,,,,42582.60546875,42582.60546875,43717.40625,42298.9453125,42946.25,24673628793.0
2024-02-01 00:00:00+00:00,,,,,,43075.7734375,43075.7734375,43243.16796875,41879.19140625,42569.76171875,21423953779.0
2024-02-02 00:00:00+00:00,,,,,,43185.859375,43185.859375,43422.48828125,42584.3359375,43077.640625,18603843039.0
2024-02-03 00:00:00+00:00,,,,,,42992.25,42992.25,43359.94140625,42890.80859375,43184.96484375,11169245236.0
2024-02-04 00:00:00+00:00,,,,,,42583.58203125,42583.58203125,43097.64453125,42374.83203125,42994.94140625,14802225490.0
2024-02-05 00:00:00+00:00,,,,,,42658.66796875,42658.66796875,43494.25,42264.81640625,42577.62109375,18715487317.0
2024-02-06 00:00:00+00:00,,,,,,43084.671875,43084.671875,43344.1484375,42529.01953125,42657.390625,16798476726.0
2024-02-07 00:00:00+00:00,,,,,,44318.22265625,44318.22265625,44341.94921875,42775.95703125,43090.01953125,21126587775.0
2024-02-08 00:00:00+00:00,,,,,,45301.56640625,45301.56640625,45575.83984375,44332.125,44332.125,26154524080.0
2024-02-09 00:00:00+00:00,,,,,,47147.19921875,47147.19921875,48152.49609375,45260.82421875,45297.3828125,39316770844.0
2024-02-10 00:00:00+00:00,,,,,,47771.27734375,47771.27734375,48146.171875,46905.3203125,47153.52734375,16398681570.0
2024-02-11 00:00:00+00:00,,,,,,48293.91796875,48293.91796875,48535.9375,47617.40625,47768.96875,19315867136.0
2024-02-12 00:00:00+00:00,,,,,,49958.22265625,49958.22265625,50280.4765625,47745.76171875,48296.38671875,34511985805.0
2024-02-13 00:00:00+00:00,,,,,,49742.44140625,49742.44140625,50358.390625,48406.49609375,49941.359375,35593051468.0
2024-02-14 00:00:00+00:00,,,,,,51826.6953125,51826.6953125,52021.37109375,49296.83203125,49733.4453125,39105608050.0
2024-02-15 00:00:00+00:00,,,,,,51938.5546875,51938.5546875,52820.06640625,51371.62890625,51836.78515625,38564360533.0
2024-02-16 00:00:00+00:00,,,,,,52160.203125,52160.203125,52537.96875,51641.3671875,51937.7265625,28180567298.0
2024-02-17 00:00:00+00:00,,,,,,51662.99609375,51662.99609375,52191.9140625,50669.66796875,52161.67578125,20009091006.0
2024-02-18 00:00:00+00:00,,,,,,52122.546875,52122.546875,52356.96484375,51233.70703125,51661.96875,17595377311.0
2024-02-19 00:00:00+00:00,,,,,,51779.14453125,51779.14453125,52483.32421875,51711.8203125,52134.8125,21362184346.0
2024-02-20 00:00:00+00:00,,,,,,52284.875,52284.875,52945.05078125,50792.3125,51777.7265625,33353758256.0
2024-02-21 00:00:00+00:00,,,,,,51839.1796875,51839.1796875,52368.81640625,50671.7578125,52273.53515625,28624907020.0
2024-02-22 00:00:00+00:00,,,,,,51304.97265625,51304.97265625,52009.61328125,50926.29296875,51854.64453125,25413900611.0
2024-02-23 00:00:00+00:00,,,,,,50731.94921875,50731.94921875,51497.93359375,50561.77734375,51283.90625,21427078270.0
2024-02-24 00:00:00+00:00,,,,,,51571.1015625,51571.1015625,51684.1953125,50585.4453125,50736.37109375,15174077879.0
2024-02-25 00:00:00+00:00,,,,,,51733.23828125,51733.23828125,51950.02734375,51306.171875,51565.21484375,15413239245.0
2024-02-26 00:00:00+00:00,,,,,,54522.40234375,54522.40234375,54938.17578125,50931.03125,51730.5390625,34074411896.0
2024-02-27 00:00:00+00:00,,,,,,57085.37109375,57085.37109375,57537.83984375,54484.19921875,54519.36328125,49756832031.0
2024-02-28 00:00:00+00:00,,,,,,62504.7890625,62504.7890625,63913.1328125,56738.42578125,57071.09765625,83239156760.0
2024-02-29 00:00:00+00:00,,,,,,61198.3828125,61198.3828125,63585.64453125,60498.73046875,62499.18359375,65496611844.0
2024-03-01 00:00:00+00:00,,,,,,62440.6328125,62440.6328125,63155.1015625,60802.52734375,61168.0625,40186368423.0
2024-03-02 00:00:00+00:00,,,,,,62029.84765625,62029.84765625,62458.69921875,61657.2890625,62431.65234375,23888473685.0
2024-03-03 00:00:00+00:00,,,,,,63167.37109375,63167.37109375,63230.2109375,61435.0234375,62031.578125,26253811450.0
2024-03-04 00:00:00+00:00,,,,,,68330.4140625,68330.4140625,68537.03125,62386.51953125,63137.00390625,70670471105.0
2024-03-05 00:00:00+00:00,,,,,,63801.19921875,63801.19921875,69170.625,59323.91015625,68341.0546875,102802940877.0
2024-03-06 00:00:00+00:00,,,,,,66106.8046875,66106.8046875,67637.9296875,62848.671875,63776.05078125,68750229073.0
2024-03-07 00:00:00+00:00,,,,,,66925.484375,66925.484375,68029.921875,65655.53125,66099.7421875,46989543159.0
2024-03-08 00:00:00+00:00,,,,,,68300.09375,68300.09375,70083.0546875,66230.453125,66938.09375,59202881172.0
2024-03-09 00:00:00+00:00,,,,,,68498.8828125,68498.8828125,68673.0546875,68053.125,68299.2578125,21609650379.0
2024-03-10 00:00:00+00:00,,,,,,69019.7890625,69019.7890625,70005.203125,68239.9765625,68500.2578125,35683977532.0
2024-03-11 00:00:00+00:00,,,,,,72123.90625,72123.90625,72850.7109375,67194.8828125,69020.546875,65716656765.0
2024-03-12 00:00:00+00:00,,,,,,71481.2890625,71481.2890625,72825.65625,68728.8515625,72125.125,62554434520.0
2024-03-13 00:00:00+00:00,,,,,,73083.5,73083.5,73637.4765625,71334.09375,71482.1171875,48212536929.0
2024-03-14 00:00:00+00:00,,,,,,71396.59375,71396.59375,73750.0703125,68563.0234375,73079.375,59594605698.0
2024-03-15 00:00:00+00:00,,,,,,69403.7734375,69403.7734375,72357.1328125,65630.6953125,71387.875,78320453976.0
2024-03-16 00:00:00+00:00,,,,,,65315.1171875,65315.1171875,70046.2734375,64801.39453125,69392.484375,46842198371.0
2024-03-17 00:00:00+00:00,,,,,,68390.625,68390.625,68845.71875,64545.31640625,65316.34375,44716864318.0
2024-03-18 00:00:00+00:00,,,,,,67548.59375,67548.59375,68897.1328125,66594.2265625,68371.3046875,49261579492.0
2024-03-19 00:00:00+00:00,,,,,,61912.7734375,61912.7734375,68106.9296875,61536.1796875,67556.1328125,74215844794.0
2024-03-20 00:00:00+00:00,,,,,,67913.671875,67913.671875,68115.2578125,60807.78515625,61930.15625,66792634382.0
2024-03-21 00:00:00+00:00,,,,,,65491.390625,65491.390625,68199.9921875,64580.91796875,67911.5859375,44480350565.0
2024-03-22 00:00:00+00:00,,,,,,63778.76171875,63778.76171875,66623.75,62355.37109375,65489.9296875,41401116964.0
2024-03-23 00:00:00+00:00,,,,,,64062.203125,64062.203125,65976.3984375,63038.4921875,63802.72265625,24738964812.0
2024-03-24 00:00:00+00:00,,,,,,67234.171875,67234.171875,67622.7578125,63825.8515625,64070.75390625,27206630673.0
2024-03-25 00:00:00+00:00,,,,,,69958.8125,69958.8125,71162.59375,66414.8359375,67234.09375,42700139523.0
2024-03-26 00:00:00+00:00,,,,,,69987.8359375,69987.8359375,71535.7421875,69335.609375,69931.328125,36010437368.0
2024-03-27 00:00:00+00:00,,,,,,69455.34375,69455.34375,71727.6875,68381.9296875,69991.8984375,40827113309.0
2024-03-28 00:00:00+00:00,,,,,,70744.953125,70744.953125,71546.0234375,68895.5078125,69452.7734375,34374900617.0
2024-03-29 00:00:00+00:00,,,,,,69892.828125,69892.828125,70913.09375,69076.65625,70744.796875,25230851763.0
2024-03-30 00:00:00+00:00,,,,,,69645.3046875,69645.3046875,70355.4921875,69601.0625,69893.4453125,17130241883.0
2024-03-31 00:00:00+00:00,,,,,,71333.6484375,71333.6484375,71377.78125,69624.8671875,69647.78125,20050941373.0
2024-04-01 00:00:00+00:00,,,,,,69702.1484375,69702.1484375,71342.09375,68110.6953125,71333.484375,34873527352.0
2024-04-02 00:00:00+00:00,,,,,,65446.97265625,65446.97265625,69708.3828125,64586.59375,69705.0234375,50705240709.0
2024-04-03 00:00:00+00:00,,,,,,65980.8125,65980.8125,66914.3203125,64559.8984375,65446.671875,34488018367.0
2024-04-04 00:00:00+00:00,,,,,,68508.84375,68508.84375,69291.2578125,65113.796875,65975.6953125,34439527442.0
2024-04-05 00:00:00+00:00,,,,,,67837.640625,67837.640625,68725.7578125,66011.4765625,68515.7578125,33748230056.0
2024-04-06 00:00:00+00:00,,,,,,68896.109375,68896.109375,69629.6015625,67491.71875,67840.5703125,19967785809.0
2024-04-07 00:00:00+00:00,,,,,,69362.5546875,69362.5546875,70284.4296875,68851.6328125,68897.109375,21204930369.0
2024-04-08 00:00:00+00:00,,,,,,71631.359375,71631.359375,72715.359375,69064.2421875,69362.5546875,37261432669.0
2024-04-09 00:00:00+00:00,,,,,,69139.015625,69139.015625,71742.5078125,68212.921875,71632.5,36426900409.0
2024-04-10 00:00:00+00:00,,,,,,70587.8828125,70587.8828125,71093.4296875,67503.5625,69140.2421875,38318601774.0
2024-04-11 00:00:00+00:00,,,,,,70060.609375,70060.609375,71256.234375,69571.8125,70575.734375,30153382941.0
2024-04-12 00:00:00+00:00,,,,,,67195.8671875,67195.8671875,71222.7421875,65254.8359375,70061.3828125,44129299406.0
2024-04-13 00:00:00+00:00,,,,,,63821.47265625,63821.47265625,67931.4296875,60919.10546875,67188.375,52869738185.0
2024-04-14 00:00:00+00:00,,,,,,65738.7265625,65738.7265625,65824.4296875,62205.8515625,63836.23046875,49084320047.0
2024-04-15 00:00:00+00:00,,,,,,63426.2109375,63426.2109375,66878.6484375,62332.0703125,65739.6484375,43595917654.0
2024-04-16 00:00:00+00:00,,,,,,63811.86328125,63811.86328125,64355.66796875,61716.40234375,63419.296875,42847528078.0
2024-04-17 00:00:00+00:00,,,,,,61276.69140625,61276.69140625,64486.36328125,59768.5859375,63831.84765625,41915247049.0
2024-04-18 00:00:00+00:00,,,,,,63512.75390625,63512.75390625,64125.6875,60833.48046875,61275.31640625,36006307335.0
2024-04-19 00:00:00+00:00,,,,,,63843.5703125,63843.5703125,65481.59765625,59651.390625,63510.75,49920425401.0
2024-04-20 00:00:00+00:00,,,,,,64994.44140625,64994.44140625,65442.45703125,63172.40234375,63851.1015625,23097485495.0
2024-04-21 00:00:00+00:00,,,,,,64926.64453125,64926.64453125,65723.2421875,64277.72265625,64992.81640625,20506644853.0
2024-04-22 00:00:00+00:00,,,,,,66837.6796875,66837.6796875,67233.9609375,64548.1796875,64935.6328125,28282686673.0
2024-04-23 00:00:00+00:00,,,,,,66407.2734375,66407.2734375,67199.2421875,65864.8671875,66839.890625,24310975583.0
2024-04-24 00:00:00+00:00,,,,,,64276.8984375,64276.8984375,67075.3671875,63589.87109375,66408.71875,30276655120.0
2024-04-25 00:00:00+00:00,,,,,,64481.70703125,64481.70703125,65275.20703125,62783.6328125,64275.01953125,32155786816.0
2024-04-26 00:00:00+00:00,,,,,,63755.3203125,63755.3203125,64789.65625,63322.3984375,64485.37109375,24139372950.0
2024-04-27 00:00:00+00:00,,,,,,63419.140625,63419.140625,63898.36328125,62424.71875,63750.98828125,19530783039.0
2024-04-28 00:00:00+00:00,,,,,,63113.23046875,63113.23046875,64321.484375,62793.59765625,63423.515625,17334827993.0
2024-04-29 00:00:00+00:00,,,,,,63841.12109375,63841.12109375,64174.87890625,61795.45703125,63106.36328125,26635912073.0
2024-04-30 00:00:00+00:00,,,,,,60636.85546875,60636.85546875,64703.33203125,59120.06640625,63839.41796875,37840840057.0
2024-05-01 00:00:00+00:00,,,,,,58254.01171875,58254.01171875,60780.5,56555.29296875,60609.49609375,48439780271.0
2024-05-02 00:00:00+00:00,,,,,,59123.43359375,59123.43359375,59602.296875,56937.203125,58253.703125,32711813559.0
2024-05-03 00:00:00+00:00,,,,,,62889.8359375,62889.8359375,63320.50390625,58848.3125,59122.30078125,33172023048.0
2024-05-04 00:00:00+00:00,,,,,,63891.47265625,63891.47265625,64494.95703125,62599.3515625,62891.03125,20620477992.0
2024-05-05 00:00:00+00:00,,,,,,64031.1328125,64031.1328125,64610.890625,62955.3046875,63892.453125,18296164805.0
2024-05-06 00:00:00+00:00,,,,,,63161.94921875,63161.94921875,65494.90234375,62746.23828125,64038.3125,28697928697.0
2024-05-07 00:00:00+00:00,,,,,,62334.81640625,62334.81640625,64390.45703125,62285.98046875,63162.76171875,25930730982.0
2024-05-08 00:00:00+00:00,,,,,,61187.94140625,61187.94140625,62986.0859375,60877.12890625,62332.640625,26088172222.0
2024-05-09 00:00:00+00:00,,,,,,63049.9609375,63049.9609375,63404.9140625,60648.07421875,61191.19921875,25453338161.0
2024-05-10 00:00:00+00:00,,,,,,60792.77734375,60792.77734375,63446.7421875,60208.78125,63055.19140625,27804954694.0
2024-05-11 00:00:00+00:00,,,,,,60793.7109375,60793.7109375,61451.15234375,60492.625,60793.35546875,13842272968.0
2024-05-12 00:00:00+00:00,,,,,,61448.39453125,61448.39453125,61818.15625,60632.6015625,60793.50390625,13800459405.0
2024-05-13 00:00:00+00:00,,,,,,62901.44921875,62901.44921875,63422.66015625,60769.83984375,61451.21875,27889181179.0
2024-05-14 00:00:00+00:00,,,,,,61552.7890625,61552.7890625,63092.125,61123.765625,62900.7734375,28186271527.0
2024-05-15 00:00:00+00:00,,,,,,66267.4921875,66267.4921875,66454.453125,61330.41015625,61553.98828125,39815167074.0
2024-05-16 00:00:00+00:00,,,,,,65231.58203125,65231.58203125,66712.4296875,64613.0546875,66256.109375,31573077994.0
2024-05-17 00:00:00+00:00,,,,,,67051.875,67051.875,67459.4609375,65119.31640625,65231.296875,28031279310.0
2024-05-18 00:00:00+00:00,,,,,,66940.8046875,66940.8046875,67387.328125,66663.5,67066.2109375,16712277406.0
2024-05-19 00:00:00+00:00,,,,,,66278.3671875,66278.3671875,67694.296875,65937.1796875,66937.9296875,19249094538.0
2024-05-20 00:00:00+00:00,,,,,,71448.1953125,71448.1953125,71483.5625,66086.171875,66278.7421875,43850655717.0
2024-05-21 00:00:00+00:00,,,,,,70136.53125,70136.53125,71946.4609375,69191.125,71443.0625,46932005990.0
2024-05-22 00:00:00+00:00,,,,,,69122.3359375,69122.3359375,70623.6953125,68977.6953125,70135.3203125,32802561717.0
2024-05-23 00:00:00+00:00,,,,,,67929.5625,67929.5625,70041.2734375,66356.953125,69121.3046875,41895680979.0
2024-05-24 00:00:00+00:00,,,,,,68526.1015625,68526.1015625,69220.296875,66622.671875,67928.1328125,29197308153.0
2024-05-25 00:00:00+00:00,,,,,,69265.9453125,69265.9453125,69579.3203125,68515.8203125,68526.921875,15473071741.0
2024-05-26 00:00:00+00:00,,,,,,68518.09375,68518.09375,69506.2265625,68183.890625,69264.2890625,15628433737.0
2024-05-27 00:00:00+00:00,,,,,,69394.5546875,69394.5546875,70597.8828125,68232.5,68512.1796875,25870990717.0
2024-05-28 00:00:00+00:00,,,,,,68296.21875,68296.21875,69514.640625,67227.15625,69392.1953125,32722265965.0
2024-05-29 00:00:00+00:00,,,,,,67578.09375,67578.09375,68852.4609375,67101.4921875,68296.3515625,26707072906.0
2024-05-30 00:00:00+00:00,,,,,,68364.9921875,68364.9921875,69500.5390625,67118.078125,67576.0859375,29509712534.0
2024-05-31 00:00:00+00:00,,,,,,67491.4140625,67491.4140625,68999.5625,66633.421875,68362.515625,27387283769.0
2024-06-01 00:00:00+00:00,,,,,,67706.9375,67706.9375,67839.765625,67386.1953125,67489.609375,11641495604.0
2024-06-02 00:00:00+00:00,,,,,,67751.6015625,67751.6015625,68409.1640625,67315.5234375,67710.2734375,17110588415.0
2024-06-03 00:00:00+00:00,,,,,,68804.78125,68804.78125,70230.8203125,67589.8359375,67753.8984375,32401285324.0
2024-06-04 00:00:00+00:00,,,,,,70567.765625,70567.765625,71047.40625,68564.640625,68804.5703125,33149696545.0
2024-06-05 00:00:00+00:00,,,,,,71082.8203125,71082.8203125,71735.4140625,70390.7109375,70568.3515625,32810771409.0
2024-06-06 00:00:00+00:00,,,,,,70757.1640625,70757.1640625,71625.734375,70119.125,71082.84375,25223152007.0
2024-06-07 00:00:00+00:00,,,,,,69342.5859375,69342.5859375,71907.8515625,68507.2578125,70759.1875,36188381096.0
2024-06-08 00:00:00+00:00,,,,,,69305.7734375,69305.7734375,69533.3203125,69210.7421875,69324.1796875,14262185861.0
2024-06-09 00:00:00+00:00,,,,,,69647.9921875,69647.9921875,69817.5234375,69160.84375,69297.4921875,13534028500.0
2024-06-10 00:00:00+00:00,,,,,,69512.28125,69512.28125,70146.0703125,69232.421875,69644.3125,20597699541.0
2024-06-11 00:00:00+00:00,,,,,,67332.03125,67332.03125,69549.4140625,66123.6015625,69508.078125,37116136345.0
2024-06-12 00:00:00+00:00,,,,,,68241.1875,68241.1875,69977.890625,66902.453125,67321.375,34497940694.0
2024-06-13 00:00:00+00:00,,,,,,66756.3984375,66756.3984375,68365.78125,66304.5625,68243.1015625,28955204146.0
2024-06-14 00:00:00+00:00,,,,,,66011.09375,66011.09375,67294.6484375,65056.89453125,66747.5703125,27403884779.0
2024-06-15 00:00:00+00:00,,,,,,66191.0,66191.0,66402.1875,65871.7734375,66006.7421875,14121265576.0
2024-06-16 00:00:00+00:00,,,,,,66639.046875,66639.046875,66894.84375,66018.25,66189.359375,13281140541.0
2024-06-17 00:00:00+00:00,,,,,,66490.296875,66490.296875,67188.3203125,65094.96484375,66636.515625,30006354476.0
2024-06-18 00:00:00+00:00,,,,,,65140.74609375,65140.74609375,66556.703125,64066.95703125,66490.9765625,39481285950.0
2024-06-19 00:00:00+00:00,,,,,,64960.296875,64960.296875,65695.3515625,64693.30078125,65146.66015625,21103423504.0
2024-06-20 00:00:00+00:00,,,,,,64828.65625,64828.65625,66438.9609375,64547.84765625,64960.296875,25641109124.0
2024-06-21 00:00:00+00:00,,,,,,64096.19921875,64096.19921875,65007.546875,63378.89453125,64837.98828125,26188171739.0
2024-06-22 00:00:00+00:00,,,,,,64252.578125,64252.578125,64475.46875,63929.7578125,64113.86328125,9858198793.0
2024-06-23 00:00:00+00:00,,,,,,63180.796875,63180.796875,64491.703125,63180.796875,64248.96484375,11170471802.0
2024-06-24 00:00:00+00:00,,,,,,60277.4140625,60277.4140625,63292.52734375,58601.69921875,63173.3515625,43152133651.0
2024-06-25 00:00:00+00:00,,,,,,61804.640625,61804.640625,62258.26171875,60239.75,60266.28125,29201215431.0
2024-06-26 00:00:00+00:00,,,,,,60811.27734375,60811.27734375,62434.13671875,60695.1875,61789.67578125,22506003064.0
2024-06-27 00:00:00+00:00,,,,,,61604.80078125,61604.80078125,62293.86328125,60585.33203125,60811.2265625,21231745045.0
2024-06-28 00:00:00+00:00,,,,,,60320.13671875,60320.13671875,62126.09765625,59985.40234375,61612.8046875,24952866877.0
2024-06-29 00:00:00+00:00,,,,,,60887.37890625,60887.37890625,61097.62109375,60300.96484375,60319.875,12652903396.0
2024-06-30 00:00:00+00:00,,,,,,62678.29296875,62678.29296875,62892.828125,60632.94921875,60888.4453125,17333226409.0
2024-07-01 00:00:00+00:00,,,,,,62851.98046875,62851.98046875,63777.2265625,62495.51171875,62673.60546875,25468379421.0
2024-07-02 00:00:00+00:00,,,,,,62029.015625,62029.015625,63203.359375,61752.74609375,62844.41015625,20151616992.0
2024-07-03 00:00:00+00:00,,,,,,60173.921875,60173.921875,62187.703125,59419.38671875,62034.33203125,29756701685.0
2024-07-04 00:00:00+00:00,,,,,,56977.703125,56977.703125,60399.67578125,56777.8046875,60147.13671875,41149609230.0
2024-07-05 00:00:00+00:00,,,,,,56662.375,56662.375,57497.15234375,53717.375,57022.80859375,55417544033.0
2024-07-06 00:00:00+00:00,,,,,,58303.5390625,58303.5390625,58472.546875,56038.9609375,56659.07421875,20610320577.0
2024-07-07 00:00:00+00:00,,,,,,55849.109375,55849.109375,58371.12109375,55793.32421875,58239.4296875,20553359505.0
2024-07-08 00:00:00+00:00,,,,,,56705.09765625,56705.09765625,58131.3359375,54321.01953125,55849.57421875,39766159899.0
2024-07-09 00:00:00+00:00,,,,,,58009.2265625,58009.2265625,58239.1953125,56316.875,56704.59765625,27849512607.0
2024-07-10 00:00:00+00:00,,,,,,57742.49609375,57742.49609375,59359.43359375,57178.4140625,58033.8828125,26175260526.0
2024-07-11 00:00:00+00:00,,,,,,57344.9140625,57344.9140625,59299.43359375,57120.37890625,57729.890625,28707803842.0
2024-07-12 00:00:00+00:00,,,,,,57899.46484375,57899.46484375,58532.5546875,56590.17578125,57341.1953125,25604805221.0
2024-07-13 00:00:00+00:00,,,,,,59231.953125,59231.953125,59787.078125,57796.44140625,57908.73828125,17080061806.0
2024-07-14 00:00:00+00:00,,,,,,60787.79296875,60787.79296875,61329.52734375,59225.25,59225.25,22223416061.0
2024-07-15 00:00:00+00:00,,,,,,64870.15234375,64870.15234375,64870.15234375,60704.9296875,60815.45703125,38094526099.0
2024-07-16 00:00:00+00:00,,,,,,65097.1484375,65097.1484375,65354.33984375,62487.96875,64784.41796875,41617346768.0
2024-07-17 00:00:00+00:00,,,,,,64118.79296875,64118.79296875,66066.734375,63896.0859375,65091.83203125,32525071311.0
2024-07-18 00:00:00+00:00,,,,,,63974.06640625,63974.06640625,65104.66015625,63246.1640625,64104.73828125,27239305337.0
2024-07-19 00:00:00+00:00,,,,,,66710.15625,66710.15625,67442.640625,63329.34375,63972.32421875,37003855410.0
2024-07-20 00:00:00+00:00,,,,,,67163.6484375,67163.6484375,67610.734375,66299.6171875,66709.921875,19029581250.0
2024-07-21 00:00:00+00:00,,,,,,68154.5234375,68154.5234375,68372.90625,65842.296875,67164.9140625,26652190004.0
2024-07-22 00:00:00+00:00,,,,,,67585.25,67585.25,68480.0625,66611.296875,68152.9765625,42649109453.0
2024-07-23 00:00:00+00:00,,,,,,65927.671875,65927.671875,67779.015625,65484.4609375,67584.8046875,35605668666.0
2024-07-24 00:00:00+00:00,,,,,,65372.1328125,65372.1328125,67113.984375,65146.99609375,65927.859375,27470942309.0
2024-07-25 00:00:00+00:00,,,,,,65777.2265625,65777.2265625,66112.421875,63473.47265625,65375.875,38315761670.0
2024-07-26 00:00:00+00:00,,,,,,67912.0625,67912.0625,68207.6015625,65743.765625,65771.8125,30488630457.0
2024-07-27 00:00:00+00:00,,,,,,67813.3359375,67813.3359375,69398.5078125,66705.21875,67911.8125,34691905492.0
2024-07-28 00:00:00+00:00,,,,,,68255.8671875,68255.8671875,68301.8515625,67085.828125,67808.65625,18043166945.0
2024-07-29 00:00:00+00:00,,,,,,66819.9140625,66819.9140625,69987.5390625,66532.59375,68259.0546875,40780682628.0
2024-07-30 00:00:00+00:00,,,,,,66201.015625,66201.015625,66987.671875,65323.19140625,66819.0546875,31380492109.0
2024-07-31 00:00:00+00:00,,,,,,64619.25,64619.25,66810.2109375,64532.046875,66201.2734375,31292785994.0
2024-08-01 00:00:00+00:00,,,,,,65357.5,65357.5,65593.2421875,62248.94140625,64625.83984375,40975554494.0
2024-08-02 00:00:00+00:00,,,,,,61415.06640625,61415.06640625,65523.22265625,61184.89453125,65353.5,43060875727.0
2024-08-03 00:00:00+00:00,,,,,,60680.09375,60680.09375,62148.37109375,59836.52734375,61414.80859375,31753030589.0
2024-08-04 00:00:00+00:00,,,,,,58116.9765625,58116.9765625,61062.98828125,57210.8046875,60676.09375,31758917219.0
2024-08-05 00:00:00+00:00,,,,,,53991.45703125,53991.45703125,58268.828125,49121.23828125,58110.296875,108991085584.0
2024-08-06 00:00:00+00:00,,,,,,56034.31640625,56034.31640625,57059.91796875,53973.2734375,53991.34765625,49300484106.0
2024-08-07 00:00:00+00:00,,,,,,55027.4609375,55027.4609375,57726.8828125,54620.5078125,56040.6328125,41637562185.0
2024-08-08 00:00:00+00:00,,,,,,61710.13671875,61710.13671875,62673.765625,54766.7265625,55030.02734375,45298472567.0
2024-08-09 00:00:00+00:00,,,,,,60880.11328125,60880.11328125,61751.86328125,59587.859375,61728.20703125,33425553115.0
2024-08-10 00:00:00+00:00,,,,,,60945.8125,60945.8125,61464.51171875,60287.56640625,60881.23046875,15745822278.0
2024-08-11 00:00:00+00:00,,,,,,58719.484375,58719.484375,61778.66015625,58348.82421875,60944.890625,22759754812.0
2024-08-12 00:00:00+00:00,,,,,,59354.515625,59354.515625,60680.33203125,57688.8984375,58719.39453125,37078637820.0
2024-08-13 00:00:00+00:00,,,,,,60609.56640625,60609.56640625,61572.3984375,58506.25390625,59356.20703125,30327698167.0
2024-08-14 00:00:00+00:00,,,,,,58737.26953125,58737.26953125,61687.7578125,58472.875,60611.05078125,29961696180.0
2024-08-15 00:00:00+00:00,,,,,,57560.09765625,57560.09765625,59838.6484375,56161.59375,58733.26171875,35682112440.0
2024-08-16 00:00:00+00:00,,,,,,58894.10546875,58894.10546875,59847.359375,57110.01953125,57560.2734375,29350938673.0
2024-08-17 00:00:00+00:00,,,,,,59478.97265625,59478.97265625,59694.66796875,58814.83203125,58893.53125,13589684021.0
2024-08-18 00:00:00+00:00,,,,,,58483.96484375,58483.96484375,60262.71875,58445.40234375,59468.1328125,17740625837.0
2024-08-19 00:00:00+00:00,,,,,,59493.453125,59493.453125,59612.66015625,57864.7109375,58480.7109375,25911207712.0
2024-08-20 00:00:00+00:00,,,,,,59012.79296875,59012.79296875,61396.328125,58610.8828125,59493.453125,31613400008.0
2024-08-21 00:00:00+00:00,,,,,,61175.19140625,61175.19140625,61834.3515625,58823.4453125,59014.98828125,32731154072.0
2024-08-22 00:00:00+00:00,,,,,,60381.9140625,60381.9140625,61408.109375,59815.25390625,61168.31640625,27625734377.0
2024-08-23 00:00:00+00:00,,,,,,64094.35546875,64094.35546875,64947.0625,60372.05078125,60380.953125,42530509233.0
2024-08-24 00:00:00+00:00,,,,,,64178.9921875,64178.9921875,64513.7890625,63619.91796875,64103.87109375,21430585163.0
2024-08-25 00:00:00+00:00,,,,,,64333.54296875,64333.54296875,64996.421875,63833.51953125,64176.3671875,18827683555.0
2024-08-26 00:00:00+00:00,,,,,,62880.66015625,62880.66015625,64489.70703125,62849.55859375,64342.2265625,27682040631.0
2024-08-27 00:00:00+00:00,,,,,,59504.1328125,59504.1328125,63210.796875,58116.75,62879.70703125,39103882198.0
2024-08-28 00:00:00+00:00,,,,,,59027.625,59027.625,60236.44921875,57890.67578125,59507.92578125,40289564698.0
2024-08-29 00:00:00+00:00,,,,,,59388.1796875,59388.1796875,61184.08203125,58786.2265625,59027.46875,32224990582.0
2024-08-30 00:00:00+00:00,,,,,,59119.4765625,59119.4765625,59896.88671875,57768.53125,59388.6015625,32292756405.0
2024-08-31 00:00:00+00:00,,,,,,58969.8984375,58969.8984375,59432.59375,58768.78515625,59117.48046875,12403470760.0
2024-09-01 00:00:00+00:00,,,,,,57325.48828125,57325.48828125,59062.0703125,57217.82421875,58969.80078125,24592449997.0
2024-09-02 00:00:00+00:00,,,,,,59112.48046875,59112.48046875,59403.0703125,57136.02734375,57326.96875,27036454524.0
2024-09-03 00:00:00+00:00,,,,,,57431.0234375,57431.0234375,59815.05859375,57425.16796875,59106.19140625,26666961053.0
2024-09-04 00:00:00+00:00,,,,,,57971.5390625,57971.5390625,58511.5703125,55673.1640625,57430.34765625,35627680312.0
2024-09-05 00:00:00+00:00,,,,,,56160.48828125,56160.48828125,58300.58203125,55712.453125,57971.703125,31030280656.0
2024-09-06 00:00:00+00:00,,,,,,53948.75390625,53948.75390625,56976.109375,52598.69921875,56160.19140625,49361693566.0
2024-09-07 00:00:00+00:00,,,,,,54139.6875,54139.6875,54838.14453125,53740.0703125,53949.0859375,19061486526.0
2024-09-08 00:00:00+00:00,,,,,,54841.56640625,54841.56640625,55300.859375,53653.7578125,54147.93359375,18268287531.0
2024-09-09 00:00:00+00:00,,,,,,57019.53515625,57019.53515625,58041.125,54598.43359375,54851.88671875,34618096173.0
2024-09-10 00:00:00+00:00,,,,,,57648.7109375,57648.7109375,58029.9765625,56419.4140625,57020.09765625,28857630507.0
2024-09-11 00:00:00+00:00,,,,,,57343.171875,57343.171875,57991.3203125,55567.33984375,57650.2890625,37049062672.0
2024-09-12 00:00:00+00:00,,,,,,58127.01171875,58127.01171875,58534.359375,57330.1015625,57343.171875,33835707949.0
2024-09-13 00:00:00+00:00,,,,,,60571.30078125,60571.30078125,60648.0234375,57650.11328125,58130.32421875,32490528356.0
2024-09-14 00:00:00+00:00,,,,,,60005.12109375,60005.12109375,60656.72265625,59517.8828125,60569.1171875,16428405496.0
2024-09-15 00:00:00+00:00,,,,,,59182.8359375,59182.8359375,60381.91796875,58696.30859375,60000.7265625,18120960867.0
2024-09-16 00:00:00+00:00,,,,,,58192.5078125,58192.5078125,59205.51171875,57501.33984375,59185.2265625,32032822113.0
2024-09-17 00:00:00+00:00,,,,,,60308.5390625,60308.5390625,61316.08984375,57628.0703125,58192.5078125,38075570118.0
2024-09-18 00:00:00+00:00,,,,,,61649.6796875,61649.6796875,61664.06640625,59218.25390625,60309.0,40990702891.0
2024-09-19 00:00:00+00:00,,,,,,62940.45703125,62940.45703125,63872.44140625,61609.8671875,61651.15625,42710252573.0
2024-09-20 00:00:00+00:00,,,,,,63192.9765625,63192.9765625,64119.53125,62364.60546875,62941.42578125,35177164222.0
2024-09-21 00:00:00+00:00,,,,,,63394.83984375,63394.83984375,63543.359375,62783.10546875,63184.33984375,14408616220.0
2024-09-22 00:00:00+00:00,,,,,,63648.7109375,63648.7109375,63993.421875,62440.7265625,63396.8046875,20183348802.0
2024-09-23 00:00:00+00:00,,,,,,63329.80078125,63329.80078125,64733.55859375,62628.078125,63643.1015625,31400285425.0
2024-09-24 00:00:00+00:00,,,,,,64301.96875,64301.96875,64695.21484375,62737.41796875,63326.83984375,29938335243.0
2024-09-25 00:00:00+00:00,,,,,,63143.14453125,63143.14453125,64804.50390625,62945.375,64302.58984375,25078377700.0
2024-09-26 00:00:00+00:00,,,,,,65181.01953125,65181.01953125,65790.796875,62669.26953125,63138.546875,36873129847.0
2024-09-27 00:00:00+00:00,,,,,,65790.6640625,65790.6640625,66480.6953125,64852.9921875,65180.6640625,32058813449.0
2024-09-28 00:00:00+00:00,,,,,,65887.6484375,65887.6484375,66255.53125,65458.03515625,65792.1796875,15243637984.0
2024-09-29 00:00:00+00:00,,,,,,65635.3046875,65635.3046875,66069.34375,65450.015625,65888.8984375,14788214575.0
2024-09-30 00:00:00+00:00,,,,,,63329.5,63329.5,65635.0546875,62873.6171875,65634.65625,37112957475.0
2024-10-01 00:00:00+00:00,,,,,,60837.0078125,60837.0078125,64110.98046875,60189.27734375,63335.60546875,50220923500.0
2024-10-02 00:00:00+00:00,,,,,,60632.78515625,60632.78515625,62357.6875,59996.94921875,60836.32421875,40762722398.0
2024-10-03 00:00:00+00:00,,,,,,60759.40234375,60759.40234375,61469.0390625,59878.8046875,60632.484375,36106447279.0
2024-10-04 00:00:00+00:00,,,,,,62067.4765625,62067.4765625,62465.9921875,60459.94140625,60754.625,29585472513.0
2024-10-05 00:00:00+00:00,,,,,,62089.94921875,62089.94921875,62371.0234375,61689.58203125,62067.609375,13305410749.0
2024-10-06 00:00:00+00:00,,,,,,62818.953125,62818.953125,62959.5703125,61833.1484375,62084.98828125,14776233667.0
2024-10-07 00:00:00+00:00,,,,,,62236.66015625,62236.66015625,64443.70703125,62152.55078125,62819.109375,34253562610.0
2024-10-08 00:00:00+00:00,,,,,,62131.96875,62131.96875,63174.3046875,61843.5625,62221.64453125,28134475157.0
2024-10-09 00:00:00+00:00,,,,,,60582.1015625,60582.1015625,62508.8359375,60314.61328125,62131.7265625,27670982363.0
2024-10-10 00:00:00+00:00,,,,,,60274.5,60274.5,61236.72265625,58895.20703125,60581.9296875,30452813570.0
2024-10-11 00:00:00+00:00,,,,,,62445.08984375,62445.08984375,63400.87109375,60046.125,60275.4609375,30327141594.0
2024-10-12 00:00:00+00:00,,,,,,63193.0234375,63193.0234375,63448.78515625,62443.26953125,62444.6171875,16744110886.0
2024-10-13 00:00:00+00:00,,,,,,62851.375,62851.375,63272.65234375,62035.63671875,63192.9453125,18177529690.0
2024-10-14 00:00:00+00:00,,,,,,66046.125,66046.125,66482.4921875,62442.15234375,62848.3984375,43706958056.0
2024-10-15 00:00:00+00:00,,,,,,67041.109375,67041.109375,67881.6796875,64809.1953125,66050.3671875,48863870879.0
2024-10-16 00:00:00+00:00,,,,,,67612.71875,67612.71875,68375.2890625,66758.7265625,67042.4609375,38195189534.0
2024-10-17 00:00:00+00:00,,,,,,67399.8359375,67399.8359375,67912.2109375,66647.390625,67617.078125,32790898511.0
2024-10-18 00:00:00+00:00,,,,,,68418.7890625,68418.7890625,68969.75,67177.8203125,67419.109375,36857165014.0
2024-10-19 00:00:00+00:00,,,,,,68362.734375,68362.734375,68668.0078125,68024.640625,68418.9765625,14443497908.0
2024-10-20 00:00:00+00:00,,,,,,69001.703125,69001.703125,69359.0078125,68105.71875,68364.1796875,18975847518.0
2024-10-21 00:00:00+00:00,,,,,,67367.8515625,67367.8515625,69462.734375,66829.8515625,69002.0,37498611780.0
2024-10-22 00:00:00+00:00,,,,,,67361.40625,67361.40625,67801.578125,66581.3671875,67360.703125,31808472566.0
2024-10-23 00:00:00+00:00,,,,,,66432.1953125,66432.1953125,67402.7421875,65188.03515625,67362.375,32263980353.0
2024-10-24 00:00:00+00:00,,,,,,68161.0546875,68161.0546875,68798.9609375,66454.1015625,66653.703125,31414428647.0
2024-10-25 00:00:00+00:00,,,,,,66642.4140625,66642.4140625,68722.15625,65521.79296875,68165.296875,41469984306.0
2024-10-26 00:00:00+00:00,,,,,,67014.6953125,67014.6953125,67317.921875,66360.59375,66628.734375,19588098156.0
2024-10-27 00:00:00+00:00,,,,,,67929.296875,67929.296875,68221.3125,66847.2265625,67023.4765625,16721307878.0
2024-10-28 00:00:00+00:00,,,,,,69907.7578125,69907.7578125,70212.265625,67535.1328125,67922.671875,38799856657.0
2024-10-29 00:00:00+00:00,,,,,,72720.4921875,72720.4921875,73577.2109375,69729.9140625,69910.046875,58541874402.0
2024-10-30 00:00:00+00:00,,,,,,72339.5390625,72339.5390625,72905.296875,71411.734375,72715.3671875,40646637831.0
